Workbook

Sheet 3월 성적 정보
A1: 학년 | B1: 반 | C1: 번호 | D1: 이름 | E1: 국어 | I1: 수학 | M1: 영어 | Q1: 사회탐구 | U1: 과학탐구 | Y1: 한국사 | AC1: 총점 (한국사 제외) | AD1: 석차
E2: 원점수 | F2: 표준점수 | G2: 백분위 | H2: 등급 | I2: 원점수 | J2: 표준점수 | K2: 백분위 | L2: 등급 | M2: 원점수 | N2: 표준점수 | O2: 백분위 | P2: 등급 | Q2: 원점수 | R2: 표준점수 | S2: 백분위 | T2: 등급 | U2: 원점수 | V2: 표준점수 | W2: 백분위 | X2: 등급 | Y2: 원점수 | Z2: 표준점수 | AA2: 백분위 | AB2: 등급
A3: 1 | B3: 4 | C3: 17 | D3: 이윤곤 | E3: 93 | H3: =IF(INT(E3)>='3월 등급 정보'!$C$3,1,IF(INT(E3)>='3월 등급 정보'!$C$4,2,IF(INT(E3)>='3월 등급 정보'!$C$5,3,IF(INT(E3)>='3월 등급 정보'!$C$6,4,IF(INT(E3)>='3월 등급 정보'!$C$7,5,IF(INT(E3)>='3월 등급 정보'!$C$8,6,IF(INT(E3)>='3월 등급 정보'!$C$9,7,IF(INT(E3)>='3월 등급 정보'!$C$10,8,IF(INT(E3)>='3월 등급 정보'!$C$11,9))))))))) -> 1 | I3: 96 | L3: =IF(INT(I3)>='3월 등급 정보'!$D$3,1,IF(INT(I3)>='3월 등급 정보'!$D$4,2,IF(INT(I3)>='3월 등급 정보'!$D$5,3,IF(INT(I3)>='3월 등급 정보'!$D$6,4,IF(INT(I3)>='3월 등급 정보'!$D$7,5,IF(INT(I3)>='3월 등급 정보'!$D$8,6,IF(INT(I3)>='3월 등급 정보'!$D$9,7,IF(INT(I3)>='3월 등급 정보'!$D$10,8,IF(INT(I3)>='3월 등급 정보'!$D$11,9))))))))) -> 1 | M3: 95 | P3: =IF(INT(M3)>='3월 등급 정보'!$E$3,1,IF(INT(M3)>='3월 등급 정보'!$E$4,2,IF(INT(M3)>='3월 등급 정보'!$E$5,3,IF(INT(M3)>='3월 등급 정보'!$E$6,4,IF(INT(M3)>='3월 등급 정보'!$E$7,5,IF(INT(M3)>='3월 등급 정보'!$E$8,6,IF(INT(M3)>='3월 등급 정보'!$E$9,7,IF(INT(M3)>='3월 등급 정보'!$E$10,8,IF(INT(M3)>='3월 등급 정보'!$E$11,9))))))))) -> 1 | Q3: 47.5 | T3: =IF(INT(Q3)>='3월 등급 정보'!$F$3,1,IF(INT(Q3)>='3월 등급 정보'!$F$4,2,IF(INT(Q3)>='3월 등급 정보'!$F$5,3,IF(INT(Q3)>='3월 등급 정보'!$F$6,4,IF(INT(Q3)>='3월 등급 정보'!$F$7,5,IF(INT(Q3)>='3월 등급 정보'!$F$8,6,IF(INT(Q3)>='3월 등급 정보'!$F$9,7,IF(INT(Q3)>='3월 등급 정보'!$F$10,8,IF(INT(Q3)>='3월 등급 정보'!$F$11,9))))))))) -> 1 | U3: 46 | X3: =IF(INT(U3)>='3월 등급 정보'!$G$3,1,IF(INT(U3)>='3월 등급 정보'!$G$4,2,IF(INT(U3)>='3월 등급 정보'!$G$5,3,IF(INT(U3)>='3월 등급 정보'!$G$6,4,IF(INT(U3)>='3월 등급 정보'!$G$7,5,IF(INT(U3)>='3월 등급 정보'!$G$8,6,IF(INT(U3)>='3월 등급 정보'!$G$9,7,IF(INT(U3)>='3월 등급 정보'!$G$10,8,IF(INT(U3)>='3월 등급 정보'!$G$11,9))))))))) -> 1 | Y3: 50 | AB3: =IF(INT(Y3)>='3월 등급 정보'!$H$3,1,IF(INT(Y3)>='3월 등급 정보'!$H$4,2,IF(INT(Y3)>='3월 등급 정보'!$H$5,3,IF(INT(Y3)>='3월 등급 정보'!$H$6,4,IF(INT(Y3)>='3월 등급 정보'!$H$7,5,IF(INT(Y3)>='3월 등급 정보'!$H$8,6,IF(INT(Y3)>='3월 등급 정보'!$H$9,7,IF(INT(Y3)>='3월 등급 정보'!$H$10,8,IF(INT(Y3)>='3월 등급 정보'!$H$11,9))))))))) -> 1 | AC3: =E3+I3+M3+Q3+U3 -> 377.5 | AD3: =RANK(AC3,$AC$3:$AC$273) -> 1
A4: 1 | B4: 2 | C4: 4 | D4: 김지혁 | E4: 95 | H4: =IF(INT(E4)>='3월 등급 정보'!$C$3,1,IF(INT(E4)>='3월 등급 정보'!$C$4,2,IF(INT(E4)>='3월 등급 정보'!$C$5,3,IF(INT(E4)>='3월 등급 정보'!$C$6,4,IF(INT(E4)>='3월 등급 정보'!$C$7,5,IF(INT(E4)>='3월 등급 정보'!$C$8,6,IF(INT(E4)>='3월 등급 정보'!$C$9,7,IF(INT(E4)>='3월 등급 정보'!$C$10,8,IF(INT(E4)>='3월 등급 정보'!$C$11,9))))))))) -> 1 | I4: 92 | L4: =IF(INT(I4)>='3월 등급 정보'!$D$3,1,IF(INT(I4)>='3월 등급 정보'!$D$4,2,IF(INT(I4)>='3월 등급 정보'!$D$5,3,IF(INT(I4)>='3월 등급 정보'!$D$6,4,IF(INT(I4)>='3월 등급 정보'!$D$7,5,IF(INT(I4)>='3월 등급 정보'!$D$8,6,IF(INT(I4)>='3월 등급 정보'!$D$9,7,IF(INT(I4)>='3월 등급 정보'!$D$10,8,IF(INT(I4)>='3월 등급 정보'!$D$11,9))))))))) -> 1 | M4: 90 | P4: =IF(INT(M4)>='3월 등급 정보'!$E$3,1,IF(INT(M4)>='3월 등급 정보'!$E$4,2,IF(INT(M4)>='3월 등급 정보'!$E$5,3,IF(INT(M4)>='3월 등급 정보'!$E$6,4,IF(INT(M4)>='3월 등급 정보'!$E$7,5,IF(INT(M4)>='3월 등급 정보'!$E$8,6,IF(INT(M4)>='3월 등급 정보'!$E$9,7,IF(INT(M4)>='3월 등급 정보'!$E$10,8,IF(INT(M4)>='3월 등급 정보'!$E$11,9))))))))) -> 1 | Q4: 48 | T4: =IF(INT(Q4)>='3월 등급 정보'!$F$3,1,IF(INT(Q4)>='3월 등급 정보'!$F$4,2,IF(INT(Q4)>='3월 등급 정보'!$F$5,3,IF(INT(Q4)>='3월 등급 정보'!$F$6,4,IF(INT(Q4)>='3월 등급 정보'!$F$7,5,IF(INT(Q4)>='3월 등급 정보'!$F$8,6,IF(INT(Q4)>='3월 등급 정보'!$F$9,7,IF(INT(Q4)>='3월 등급 정보'!$F$10,8,IF(INT(Q4)>='3월 등급 정보'!$F$11,9))))))))) -> 1 | U4: 44 | X4: =IF(INT(U4)>='3월 등급 정보'!$G$3,1,IF(INT(U4)>='3월 등급 정보'!$G$4,2,IF(INT(U4)>='3월 등급 정보'!$G$5,3,IF(INT(U4)>='3월 등급 정보'!$G$6,4,IF(INT(U4)>='3월 등급 정보'!$G$7,5,IF(INT(U4)>='3월 등급 정보'!$G$8,6,IF(INT(U4)>='3월 등급 정보'!$G$9,7,IF(INT(U4)>='3월 등급 정보'!$G$10,8,IF(INT(U4)>='3월 등급 정보'!$G$11,9))))))))) -> 1 | Y4: 47 | AB4: =IF(INT(Y4)>='3월 등급 정보'!$H$3,1,IF(INT(Y4)>='3월 등급 정보'!$H$4,2,IF(INT(Y4)>='3월 등급 정보'!$H$5,3,IF(INT(Y4)>='3월 등급 정보'!$H$6,4,IF(INT(Y4)>='3월 등급 정보'!$H$7,5,IF(INT(Y4)>='3월 등급 정보'!$H$8,6,IF(INT(Y4)>='3월 등급 정보'!$H$9,7,IF(INT(Y4)>='3월 등급 정보'!$H$10,8,IF(INT(Y4)>='3월 등급 정보'!$H$11,9))))))))) -> 1 | AC4: =E4+I4+M4+Q4+U4 -> 369 | AD4: =RANK(AC4,$AC$3:$AC$273) -> 2
A5: 1 | B5: 6 | C5: 25 | D5: 최수아 | E5: 98 | H5: =IF(INT(E5)>='3월 등급 정보'!$C$3,1,IF(INT(E5)>='3월 등급 정보'!$C$4,2,IF(INT(E5)>='3월 등급 정보'!$C$5,3,IF(INT(E5)>='3월 등급 정보'!$C$6,4,IF(INT(E5)>='3월 등급 정보'!$C$7,5,IF(INT(E5)>='3월 등급 정보'!$C$8,6,IF(INT(E5)>='3월 등급 정보'!$C$9,7,IF(INT(E5)>='3월 등급 정보'!$C$10,8,IF(INT(E5)>='3월 등급 정보'!$C$11,9))))))))) -> 1 | I5: 84 | L5: =IF(INT(I5)>='3월 등급 정보'!$D$3,1,IF(INT(I5)>='3월 등급 정보'!$D$4,2,IF(INT(I5)>='3월 등급 정보'!$D$5,3,IF(INT(I5)>='3월 등급 정보'!$D$6,4,IF(INT(I5)>='3월 등급 정보'!$D$7,5,IF(INT(I5)>='3월 등급 정보'!$D$8,6,IF(INT(I5)>='3월 등급 정보'!$D$9,7,IF(INT(I5)>='3월 등급 정보'!$D$10,8,IF(INT(I5)>='3월 등급 정보'!$D$11,9))))))))) -> 1 | M5: 94 | P5: =IF(INT(M5)>='3월 등급 정보'!$E$3,1,IF(INT(M5)>='3월 등급 정보'!$E$4,2,IF(INT(M5)>='3월 등급 정보'!$E$5,3,IF(INT(M5)>='3월 등급 정보'!$E$6,4,IF(INT(M5)>='3월 등급 정보'!$E$7,5,IF(INT(M5)>='3월 등급 정보'!$E$8,6,IF(INT(M5)>='3월 등급 정보'!$E$9,7,IF(INT(M5)>='3월 등급 정보'!$E$10,8,IF(INT(M5)>='3월 등급 정보'!$E$11,9))))))))) -> 1 | Q5: 47.5 | T5: =IF(INT(Q5)>='3월 등급 정보'!$F$3,1,IF(INT(Q5)>='3월 등급 정보'!$F$4,2,IF(INT(Q5)>='3월 등급 정보'!$F$5,3,IF(INT(Q5)>='3월 등급 정보'!$F$6,4,IF(INT(Q5)>='3월 등급 정보'!$F$7,5,IF(INT(Q5)>='3월 등급 정보'!$F$8,6,IF(INT(Q5)>='3월 등급 정보'!$F$9,7,IF(INT(Q5)>='3월 등급 정보'!$F$10,8,IF(INT(Q5)>='3월 등급 정보'!$F$11,9))))))))) -> 1 | U5: 44 | X5: =IF(INT(U5)>='3월 등급 정보'!$G$3,1,IF(INT(U5)>='3월 등급 정보'!$G$4,2,IF(INT(U5)>='3월 등급 정보'!$G$5,3,IF(INT(U5)>='3월 등급 정보'!$G$6,4,IF(INT(U5)>='3월 등급 정보'!$G$7,5,IF(INT(U5)>='3월 등급 정보'!$G$8,6,IF(INT(U5)>='3월 등급 정보'!$G$9,7,IF(INT(U5)>='3월 등급 정보'!$G$10,8,IF(INT(U5)>='3월 등급 정보'!$G$11,9))))))))) -> 1 | Y5: 47 | AB5: =IF(INT(Y5)>='3월 등급 정보'!$H$3,1,IF(INT(Y5)>='3월 등급 정보'!$H$4,2,IF(INT(Y5)>='3월 등급 정보'!$H$5,3,IF(INT(Y5)>='3월 등급 정보'!$H$6,4,IF(INT(Y5)>='3월 등급 정보'!$H$7,5,IF(INT(Y5)>='3월 등급 정보'!$H$8,6,IF(INT(Y5)>='3월 등급 정보'!$H$9,7,IF(INT(Y5)>='3월 등급 정보'!$H$10,8,IF(INT(Y5)>='3월 등급 정보'!$H$11,9))))))))) -> 1 | AC5: =E5+I5+M5+Q5+U5 -> 367.5 | AD5: =RANK(AC5,$AC$3:$AC$273) -> 3
A6: 1 | B6: 9 | C6: 7 | D6: 김유정 | E6: 81 | H6: =IF(INT(E6)>='3월 등급 정보'!$C$3,1,IF(INT(E6)>='3월 등급 정보'!$C$4,2,IF(INT(E6)>='3월 등급 정보'!$C$5,3,IF(INT(E6)>='3월 등급 정보'!$C$6,4,IF(INT(E6)>='3월 등급 정보'!$C$7,5,IF(INT(E6)>='3월 등급 정보'!$C$8,6,IF(INT(E6)>='3월 등급 정보'!$C$9,7,IF(INT(E6)>='3월 등급 정보'!$C$10,8,IF(INT(E6)>='3월 등급 정보'!$C$11,9))))))))) -> 2 | I6: 88 | L6: =IF(INT(I6)>='3월 등급 정보'!$D$3,1,IF(INT(I6)>='3월 등급 정보'!$D$4,2,IF(INT(I6)>='3월 등급 정보'!$D$5,3,IF(INT(I6)>='3월 등급 정보'!$D$6,4,IF(INT(I6)>='3월 등급 정보'!$D$7,5,IF(INT(I6)>='3월 등급 정보'!$D$8,6,IF(INT(I6)>='3월 등급 정보'!$D$9,7,IF(INT(I6)>='3월 등급 정보'!$D$10,8,IF(INT(I6)>='3월 등급 정보'!$D$11,9))))))))) -> 1 | M6: 95 | P6: =IF(INT(M6)>='3월 등급 정보'!$E$3,1,IF(INT(M6)>='3월 등급 정보'!$E$4,2,IF(INT(M6)>='3월 등급 정보'!$E$5,3,IF(INT(M6)>='3월 등급 정보'!$E$6,4,IF(INT(M6)>='3월 등급 정보'!$E$7,5,IF(INT(M6)>='3월 등급 정보'!$E$8,6,IF(INT(M6)>='3월 등급 정보'!$E$9,7,IF(INT(M6)>='3월 등급 정보'!$E$10,8,IF(INT(M6)>='3월 등급 정보'!$E$11,9))))))))) -> 1 | Q6: 45.5 | T6: =IF(INT(Q6)>='3월 등급 정보'!$F$3,1,IF(INT(Q6)>='3월 등급 정보'!$F$4,2,IF(INT(Q6)>='3월 등급 정보'!$F$5,3,IF(INT(Q6)>='3월 등급 정보'!$F$6,4,IF(INT(Q6)>='3월 등급 정보'!$F$7,5,IF(INT(Q6)>='3월 등급 정보'!$F$8,6,IF(INT(Q6)>='3월 등급 정보'!$F$9,7,IF(INT(Q6)>='3월 등급 정보'!$F$10,8,IF(INT(Q6)>='3월 등급 정보'!$F$11,9))))))))) -> 2 | U6: 47.5 | X6: =IF(INT(U6)>='3월 등급 정보'!$G$3,1,IF(INT(U6)>='3월 등급 정보'!$G$4,2,IF(INT(U6)>='3월 등급 정보'!$G$5,3,IF(INT(U6)>='3월 등급 정보'!$G$6,4,IF(INT(U6)>='3월 등급 정보'!$G$7,5,IF(INT(U6)>='3월 등급 정보'!$G$8,6,IF(INT(U6)>='3월 등급 정보'!$G$9,7,IF(INT(U6)>='3월 등급 정보'!$G$10,8,IF(INT(U6)>='3월 등급 정보'!$G$11,9))))))))) -> 1 | Y6: 47 | AB6: =IF(INT(Y6)>='3월 등급 정보'!$H$3,1,IF(INT(Y6)>='3월 등급 정보'!$H$4,2,IF(INT(Y6)>='3월 등급 정보'!$H$5,3,IF(INT(Y6)>='3월 등급 정보'!$H$6,4,IF(INT(Y6)>='3월 등급 정보'!$H$7,5,IF(INT(Y6)>='3월 등급 정보'!$H$8,6,IF(INT(Y6)>='3월 등급 정보'!$H$9,7,IF(INT(Y6)>='3월 등급 정보'!$H$10,8,IF(INT(Y6)>='3월 등급 정보'!$H$11,9))))))))) -> 1 | AC6: =E6+I6+M6+Q6+U6 -> 357 | AD6: =RANK(AC6,$AC$3:$AC$273) -> 4
A7: 1 | B7: 8 | C7: 25 | D7: 최운채 | E7: 91 | H7: =IF(INT(E7)>='3월 등급 정보'!$C$3,1,IF(INT(E7)>='3월 등급 정보'!$C$4,2,IF(INT(E7)>='3월 등급 정보'!$C$5,3,IF(INT(E7)>='3월 등급 정보'!$C$6,4,IF(INT(E7)>='3월 등급 정보'!$C$7,5,IF(INT(E7)>='3월 등급 정보'!$C$8,6,IF(INT(E7)>='3월 등급 정보'!$C$9,7,IF(INT(E7)>='3월 등급 정보'!$C$10,8,IF(INT(E7)>='3월 등급 정보'!$C$11,9))))))))) -> 1 | I7: 89 | L7: =IF(INT(I7)>='3월 등급 정보'!$D$3,1,IF(INT(I7)>='3월 등급 정보'!$D$4,2,IF(INT(I7)>='3월 등급 정보'!$D$5,3,IF(INT(I7)>='3월 등급 정보'!$D$6,4,IF(INT(I7)>='3월 등급 정보'!$D$7,5,IF(INT(I7)>='3월 등급 정보'!$D$8,6,IF(INT(I7)>='3월 등급 정보'!$D$9,7,IF(INT(I7)>='3월 등급 정보'!$D$10,8,IF(INT(I7)>='3월 등급 정보'!$D$11,9))))))))) -> 1 | M7: 90 | P7: =IF(INT(M7)>='3월 등급 정보'!$E$3,1,IF(INT(M7)>='3월 등급 정보'!$E$4,2,IF(INT(M7)>='3월 등급 정보'!$E$5,3,IF(INT(M7)>='3월 등급 정보'!$E$6,4,IF(INT(M7)>='3월 등급 정보'!$E$7,5,IF(INT(M7)>='3월 등급 정보'!$E$8,6,IF(INT(M7)>='3월 등급 정보'!$E$9,7,IF(INT(M7)>='3월 등급 정보'!$E$10,8,IF(INT(M7)>='3월 등급 정보'!$E$11,9))))))))) -> 1 | Q7: 42 | T7: =IF(INT(Q7)>='3월 등급 정보'!$F$3,1,IF(INT(Q7)>='3월 등급 정보'!$F$4,2,IF(INT(Q7)>='3월 등급 정보'!$F$5,3,IF(INT(Q7)>='3월 등급 정보'!$F$6,4,IF(INT(Q7)>='3월 등급 정보'!$F$7,5,IF(INT(Q7)>='3월 등급 정보'!$F$8,6,IF(INT(Q7)>='3월 등급 정보'!$F$9,7,IF(INT(Q7)>='3월 등급 정보'!$F$10,8,IF(INT(Q7)>='3월 등급 정보'!$F$11,9))))))))) -> 3 | U7: 44 | X7: =IF(INT(U7)>='3월 등급 정보'!$G$3,1,IF(INT(U7)>='3월 등급 정보'!$G$4,2,IF(INT(U7)>='3월 등급 정보'!$G$5,3,IF(INT(U7)>='3월 등급 정보'!$G$6,4,IF(INT(U7)>='3월 등급 정보'!$G$7,5,IF(INT(U7)>='3월 등급 정보'!$G$8,6,IF(INT(U7)>='3월 등급 정보'!$G$9,7,IF(INT(U7)>='3월 등급 정보'!$G$10,8,IF(INT(U7)>='3월 등급 정보'!$G$11,9))))))))) -> 1 | Y7: 47 | AB7: =IF(INT(Y7)>='3월 등급 정보'!$H$3,1,IF(INT(Y7)>='3월 등급 정보'!$H$4,2,IF(INT(Y7)>='3월 등급 정보'!$H$5,3,IF(INT(Y7)>='3월 등급 정보'!$H$6,4,IF(INT(Y7)>='3월 등급 정보'!$H$7,5,IF(INT(Y7)>='3월 등급 정보'!$H$8,6,IF(INT(Y7)>='3월 등급 정보'!$H$9,7,IF(INT(Y7)>='3월 등급 정보'!$H$10,8,IF(INT(Y7)>='3월 등급 정보'!$H$11,9))))))))) -> 1 | AC7: =E7+I7+M7+Q7+U7 -> 356 | AD7: =RANK(AC7,$AC$3:$AC$273) -> 5
A8: 1 | B8: 1 | C8: 3 | D8: 김건호 | E8: 79 | H8: =IF(INT(E8)>='3월 등급 정보'!$C$3,1,IF(INT(E8)>='3월 등급 정보'!$C$4,2,IF(INT(E8)>='3월 등급 정보'!$C$5,3,IF(INT(E8)>='3월 등급 정보'!$C$6,4,IF(INT(E8)>='3월 등급 정보'!$C$7,5,IF(INT(E8)>='3월 등급 정보'!$C$8,6,IF(INT(E8)>='3월 등급 정보'!$C$9,7,IF(INT(E8)>='3월 등급 정보'!$C$10,8,IF(INT(E8)>='3월 등급 정보'!$C$11,9))))))))) -> 2 | I8: 88 | L8: =IF(INT(I8)>='3월 등급 정보'!$D$3,1,IF(INT(I8)>='3월 등급 정보'!$D$4,2,IF(INT(I8)>='3월 등급 정보'!$D$5,3,IF(INT(I8)>='3월 등급 정보'!$D$6,4,IF(INT(I8)>='3월 등급 정보'!$D$7,5,IF(INT(I8)>='3월 등급 정보'!$D$8,6,IF(INT(I8)>='3월 등급 정보'!$D$9,7,IF(INT(I8)>='3월 등급 정보'!$D$10,8,IF(INT(I8)>='3월 등급 정보'!$D$11,9))))))))) -> 1 | M8: 90 | P8: =IF(INT(M8)>='3월 등급 정보'!$E$3,1,IF(INT(M8)>='3월 등급 정보'!$E$4,2,IF(INT(M8)>='3월 등급 정보'!$E$5,3,IF(INT(M8)>='3월 등급 정보'!$E$6,4,IF(INT(M8)>='3월 등급 정보'!$E$7,5,IF(INT(M8)>='3월 등급 정보'!$E$8,6,IF(INT(M8)>='3월 등급 정보'!$E$9,7,IF(INT(M8)>='3월 등급 정보'!$E$10,8,IF(INT(M8)>='3월 등급 정보'!$E$11,9))))))))) -> 1 | Q8: 46 | T8: =IF(INT(Q8)>='3월 등급 정보'!$F$3,1,IF(INT(Q8)>='3월 등급 정보'!$F$4,2,IF(INT(Q8)>='3월 등급 정보'!$F$5,3,IF(INT(Q8)>='3월 등급 정보'!$F$6,4,IF(INT(Q8)>='3월 등급 정보'!$F$7,5,IF(INT(Q8)>='3월 등급 정보'!$F$8,6,IF(INT(Q8)>='3월 등급 정보'!$F$9,7,IF(INT(Q8)>='3월 등급 정보'!$F$10,8,IF(INT(Q8)>='3월 등급 정보'!$F$11,9))))))))) -> 2 | U8: 48 | X8: =IF(INT(U8)>='3월 등급 정보'!$G$3,1,IF(INT(U8)>='3월 등급 정보'!$G$4,2,IF(INT(U8)>='3월 등급 정보'!$G$5,3,IF(INT(U8)>='3월 등급 정보'!$G$6,4,IF(INT(U8)>='3월 등급 정보'!$G$7,5,IF(INT(U8)>='3월 등급 정보'!$G$8,6,IF(INT(U8)>='3월 등급 정보'!$G$9,7,IF(INT(U8)>='3월 등급 정보'!$G$10,8,IF(INT(U8)>='3월 등급 정보'!$G$11,9))))))))) -> 1 | Y8: 44 | AB8: =IF(INT(Y8)>='3월 등급 정보'!$H$3,1,IF(INT(Y8)>='3월 등급 정보'!$H$4,2,IF(INT(Y8)>='3월 등급 정보'!$H$5,3,IF(INT(Y8)>='3월 등급 정보'!$H$6,4,IF(INT(Y8)>='3월 등급 정보'!$H$7,5,IF(INT(Y8)>='3월 등급 정보'!$H$8,6,IF(INT(Y8)>='3월 등급 정보'!$H$9,7,IF(INT(Y8)>='3월 등급 정보'!$H$10,8,IF(INT(Y8)>='3월 등급 정보'!$H$11,9))))))))) -> 1 | AC8: =E8+I8+M8+Q8+U8 -> 351 | AD8: =RANK(AC8,$AC$3:$AC$273) -> 6
A9: 1 | B9: 7 | C9: 9 | D9: 성채이 | E9: 85 | H9: =IF(INT(E9)>='3월 등급 정보'!$C$3,1,IF(INT(E9)>='3월 등급 정보'!$C$4,2,IF(INT(E9)>='3월 등급 정보'!$C$5,3,IF(INT(E9)>='3월 등급 정보'!$C$6,4,IF(INT(E9)>='3월 등급 정보'!$C$7,5,IF(INT(E9)>='3월 등급 정보'!$C$8,6,IF(INT(E9)>='3월 등급 정보'!$C$9,7,IF(INT(E9)>='3월 등급 정보'!$C$10,8,IF(INT(E9)>='3월 등급 정보'!$C$11,9))))))))) -> 2 | I9: 80 | L9: =IF(INT(I9)>='3월 등급 정보'!$D$3,1,IF(INT(I9)>='3월 등급 정보'!$D$4,2,IF(INT(I9)>='3월 등급 정보'!$D$5,3,IF(INT(I9)>='3월 등급 정보'!$D$6,4,IF(INT(I9)>='3월 등급 정보'!$D$7,5,IF(INT(I9)>='3월 등급 정보'!$D$8,6,IF(INT(I9)>='3월 등급 정보'!$D$9,7,IF(INT(I9)>='3월 등급 정보'!$D$10,8,IF(INT(I9)>='3월 등급 정보'!$D$11,9))))))))) -> 2 | M9: 92 | P9: =IF(INT(M9)>='3월 등급 정보'!$E$3,1,IF(INT(M9)>='3월 등급 정보'!$E$4,2,IF(INT(M9)>='3월 등급 정보'!$E$5,3,IF(INT(M9)>='3월 등급 정보'!$E$6,4,IF(INT(M9)>='3월 등급 정보'!$E$7,5,IF(INT(M9)>='3월 등급 정보'!$E$8,6,IF(INT(M9)>='3월 등급 정보'!$E$9,7,IF(INT(M9)>='3월 등급 정보'!$E$10,8,IF(INT(M9)>='3월 등급 정보'!$E$11,9))))))))) -> 1 | Q9: 50 | T9: =IF(INT(Q9)>='3월 등급 정보'!$F$3,1,IF(INT(Q9)>='3월 등급 정보'!$F$4,2,IF(INT(Q9)>='3월 등급 정보'!$F$5,3,IF(INT(Q9)>='3월 등급 정보'!$F$6,4,IF(INT(Q9)>='3월 등급 정보'!$F$7,5,IF(INT(Q9)>='3월 등급 정보'!$F$8,6,IF(INT(Q9)>='3월 등급 정보'!$F$9,7,IF(INT(Q9)>='3월 등급 정보'!$F$10,8,IF(INT(Q9)>='3월 등급 정보'!$F$11,9))))))))) -> 1 | U9: 41.5 | X9: =IF(INT(U9)>='3월 등급 정보'!$G$3,1,IF(INT(U9)>='3월 등급 정보'!$G$4,2,IF(INT(U9)>='3월 등급 정보'!$G$5,3,IF(INT(U9)>='3월 등급 정보'!$G$6,4,IF(INT(U9)>='3월 등급 정보'!$G$7,5,IF(INT(U9)>='3월 등급 정보'!$G$8,6,IF(INT(U9)>='3월 등급 정보'!$G$9,7,IF(INT(U9)>='3월 등급 정보'!$G$10,8,IF(INT(U9)>='3월 등급 정보'!$G$11,9))))))))) -> 2 | Y9: 44 | AB9: =IF(INT(Y9)>='3월 등급 정보'!$H$3,1,IF(INT(Y9)>='3월 등급 정보'!$H$4,2,IF(INT(Y9)>='3월 등급 정보'!$H$5,3,IF(INT(Y9)>='3월 등급 정보'!$H$6,4,IF(INT(Y9)>='3월 등급 정보'!$H$7,5,IF(INT(Y9)>='3월 등급 정보'!$H$8,6,IF(INT(Y9)>='3월 등급 정보'!$H$9,7,IF(INT(Y9)>='3월 등급 정보'!$H$10,8,IF(INT(Y9)>='3월 등급 정보'!$H$11,9))))))))) -> 1 | AC9: =E9+I9+M9+Q9+U9 -> 348.5 | AD9: =RANK(AC9,$AC$3:$AC$273) -> 7
A10: 1 | B10: 10 | C10: 26 | D10: 최영서 | E10: 95 | H10: =IF(INT(E10)>='3월 등급 정보'!$C$3,1,IF(INT(E10)>='3월 등급 정보'!$C$4,2,IF(INT(E10)>='3월 등급 정보'!$C$5,3,IF(INT(E10)>='3월 등급 정보'!$C$6,4,IF(INT(E10)>='3월 등급 정보'!$C$7,5,IF(INT(E10)>='3월 등급 정보'!$C$8,6,IF(INT(E10)>='3월 등급 정보'!$C$9,7,IF(INT(E10)>='3월 등급 정보'!$C$10,8,IF(INT(E10)>='3월 등급 정보'!$C$11,9))))))))) -> 1 | I10: 77 | L10: =IF(INT(I10)>='3월 등급 정보'!$D$3,1,IF(INT(I10)>='3월 등급 정보'!$D$4,2,IF(INT(I10)>='3월 등급 정보'!$D$5,3,IF(INT(I10)>='3월 등급 정보'!$D$6,4,IF(INT(I10)>='3월 등급 정보'!$D$7,5,IF(INT(I10)>='3월 등급 정보'!$D$8,6,IF(INT(I10)>='3월 등급 정보'!$D$9,7,IF(INT(I10)>='3월 등급 정보'!$D$10,8,IF(INT(I10)>='3월 등급 정보'!$D$11,9))))))))) -> 2 | M10: 86 | P10: =IF(INT(M10)>='3월 등급 정보'!$E$3,1,IF(INT(M10)>='3월 등급 정보'!$E$4,2,IF(INT(M10)>='3월 등급 정보'!$E$5,3,IF(INT(M10)>='3월 등급 정보'!$E$6,4,IF(INT(M10)>='3월 등급 정보'!$E$7,5,IF(INT(M10)>='3월 등급 정보'!$E$8,6,IF(INT(M10)>='3월 등급 정보'!$E$9,7,IF(INT(M10)>='3월 등급 정보'!$E$10,8,IF(INT(M10)>='3월 등급 정보'!$E$11,9))))))))) -> 2 | Q10: 46 | T10: =IF(INT(Q10)>='3월 등급 정보'!$F$3,1,IF(INT(Q10)>='3월 등급 정보'!$F$4,2,IF(INT(Q10)>='3월 등급 정보'!$F$5,3,IF(INT(Q10)>='3월 등급 정보'!$F$6,4,IF(INT(Q10)>='3월 등급 정보'!$F$7,5,IF(INT(Q10)>='3월 등급 정보'!$F$8,6,IF(INT(Q10)>='3월 등급 정보'!$F$9,7,IF(INT(Q10)>='3월 등급 정보'!$F$10,8,IF(INT(Q10)>='3월 등급 정보'!$F$11,9))))))))) -> 2 | U10: 43 | X10: =IF(INT(U10)>='3월 등급 정보'!$G$3,1,IF(INT(U10)>='3월 등급 정보'!$G$4,2,IF(INT(U10)>='3월 등급 정보'!$G$5,3,IF(INT(U10)>='3월 등급 정보'!$G$6,4,IF(INT(U10)>='3월 등급 정보'!$G$7,5,IF(INT(U10)>='3월 등급 정보'!$G$8,6,IF(INT(U10)>='3월 등급 정보'!$G$9,7,IF(INT(U10)>='3월 등급 정보'!$G$10,8,IF(INT(U10)>='3월 등급 정보'!$G$11,9))))))))) -> 1 | Y10: 46 | AB10: =IF(INT(Y10)>='3월 등급 정보'!$H$3,1,IF(INT(Y10)>='3월 등급 정보'!$H$4,2,IF(INT(Y10)>='3월 등급 정보'!$H$5,3,IF(INT(Y10)>='3월 등급 정보'!$H$6,4,IF(INT(Y10)>='3월 등급 정보'!$H$7,5,IF(INT(Y10)>='3월 등급 정보'!$H$8,6,IF(INT(Y10)>='3월 등급 정보'!$H$9,7,IF(INT(Y10)>='3월 등급 정보'!$H$10,8,IF(INT(Y10)>='3월 등급 정보'!$H$11,9))))))))) -> 1 | AC10: =E10+I10+M10+Q10+U10 -> 347 | AD10: =RANK(AC10,$AC$3:$AC$273) -> 8
A11: 1 | B11: 6 | C11: 23 | D11: 조아영 | E11: 88 | H11: =IF(INT(E11)>='3월 등급 정보'!$C$3,1,IF(INT(E11)>='3월 등급 정보'!$C$4,2,IF(INT(E11)>='3월 등급 정보'!$C$5,3,IF(INT(E11)>='3월 등급 정보'!$C$6,4,IF(INT(E11)>='3월 등급 정보'!$C$7,5,IF(INT(E11)>='3월 등급 정보'!$C$8,6,IF(INT(E11)>='3월 등급 정보'!$C$9,7,IF(INT(E11)>='3월 등급 정보'!$C$10,8,IF(INT(E11)>='3월 등급 정보'!$C$11,9))))))))) -> 1 | I11: 84 | L11: =IF(INT(I11)>='3월 등급 정보'!$D$3,1,IF(INT(I11)>='3월 등급 정보'!$D$4,2,IF(INT(I11)>='3월 등급 정보'!$D$5,3,IF(INT(I11)>='3월 등급 정보'!$D$6,4,IF(INT(I11)>='3월 등급 정보'!$D$7,5,IF(INT(I11)>='3월 등급 정보'!$D$8,6,IF(INT(I11)>='3월 등급 정보'!$D$9,7,IF(INT(I11)>='3월 등급 정보'!$D$10,8,IF(INT(I11)>='3월 등급 정보'!$D$11,9))))))))) -> 1 | M11: 91 | P11: =IF(INT(M11)>='3월 등급 정보'!$E$3,1,IF(INT(M11)>='3월 등급 정보'!$E$4,2,IF(INT(M11)>='3월 등급 정보'!$E$5,3,IF(INT(M11)>='3월 등급 정보'!$E$6,4,IF(INT(M11)>='3월 등급 정보'!$E$7,5,IF(INT(M11)>='3월 등급 정보'!$E$8,6,IF(INT(M11)>='3월 등급 정보'!$E$9,7,IF(INT(M11)>='3월 등급 정보'!$E$10,8,IF(INT(M11)>='3월 등급 정보'!$E$11,9))))))))) -> 1 | Q11: 44 | T11: =IF(INT(Q11)>='3월 등급 정보'!$F$3,1,IF(INT(Q11)>='3월 등급 정보'!$F$4,2,IF(INT(Q11)>='3월 등급 정보'!$F$5,3,IF(INT(Q11)>='3월 등급 정보'!$F$6,4,IF(INT(Q11)>='3월 등급 정보'!$F$7,5,IF(INT(Q11)>='3월 등급 정보'!$F$8,6,IF(INT(Q11)>='3월 등급 정보'!$F$9,7,IF(INT(Q11)>='3월 등급 정보'!$F$10,8,IF(INT(Q11)>='3월 등급 정보'!$F$11,9))))))))) -> 2 | U11: 31.5 | X11: =IF(INT(U11)>='3월 등급 정보'!$G$3,1,IF(INT(U11)>='3월 등급 정보'!$G$4,2,IF(INT(U11)>='3월 등급 정보'!$G$5,3,IF(INT(U11)>='3월 등급 정보'!$G$6,4,IF(INT(U11)>='3월 등급 정보'!$G$7,5,IF(INT(U11)>='3월 등급 정보'!$G$8,6,IF(INT(U11)>='3월 등급 정보'!$G$9,7,IF(INT(U11)>='3월 등급 정보'!$G$10,8,IF(INT(U11)>='3월 등급 정보'!$G$11,9))))))))) -> 4 | Y11: 40 | AB11: =IF(INT(Y11)>='3월 등급 정보'!$H$3,1,IF(INT(Y11)>='3월 등급 정보'!$H$4,2,IF(INT(Y11)>='3월 등급 정보'!$H$5,3,IF(INT(Y11)>='3월 등급 정보'!$H$6,4,IF(INT(Y11)>='3월 등급 정보'!$H$7,5,IF(INT(Y11)>='3월 등급 정보'!$H$8,6,IF(INT(Y11)>='3월 등급 정보'!$H$9,7,IF(INT(Y11)>='3월 등급 정보'!$H$10,8,IF(INT(Y11)>='3월 등급 정보'!$H$11,9))))))))) -> 1 | AC11: =E11+I11+M11+Q11+U11 -> 338.5 | AD11: =RANK(AC11,$AC$3:$AC$273) -> 9
A12: 1 | B12: 2 | C12: 7 | D12: 김한열 | E12: 83 | H12: =IF(INT(E12)>='3월 등급 정보'!$C$3,1,IF(INT(E12)>='3월 등급 정보'!$C$4,2,IF(INT(E12)>='3월 등급 정보'!$C$5,3,IF(INT(E12)>='3월 등급 정보'!$C$6,4,IF(INT(E12)>='3월 등급 정보'!$C$7,5,IF(INT(E12)>='3월 등급 정보'!$C$8,6,IF(INT(E12)>='3월 등급 정보'!$C$9,7,IF(INT(E12)>='3월 등급 정보'!$C$10,8,IF(INT(E12)>='3월 등급 정보'!$C$11,9))))))))) -> 2 | I12: 69 | L12: =IF(INT(I12)>='3월 등급 정보'!$D$3,1,IF(INT(I12)>='3월 등급 정보'!$D$4,2,IF(INT(I12)>='3월 등급 정보'!$D$5,3,IF(INT(I12)>='3월 등급 정보'!$D$6,4,IF(INT(I12)>='3월 등급 정보'!$D$7,5,IF(INT(I12)>='3월 등급 정보'!$D$8,6,IF(INT(I12)>='3월 등급 정보'!$D$9,7,IF(INT(I12)>='3월 등급 정보'!$D$10,8,IF(INT(I12)>='3월 등급 정보'!$D$11,9))))))))) -> 3 | M12: 92 | P12: =IF(INT(M12)>='3월 등급 정보'!$E$3,1,IF(INT(M12)>='3월 등급 정보'!$E$4,2,IF(INT(M12)>='3월 등급 정보'!$E$5,3,IF(INT(M12)>='3월 등급 정보'!$E$6,4,IF(INT(M12)>='3월 등급 정보'!$E$7,5,IF(INT(M12)>='3월 등급 정보'!$E$8,6,IF(INT(M12)>='3월 등급 정보'!$E$9,7,IF(INT(M12)>='3월 등급 정보'!$E$10,8,IF(INT(M12)>='3월 등급 정보'!$E$11,9))))))))) -> 1 | Q12: 45.5 | T12: =IF(INT(Q12)>='3월 등급 정보'!$F$3,1,IF(INT(Q12)>='3월 등급 정보'!$F$4,2,IF(INT(Q12)>='3월 등급 정보'!$F$5,3,IF(INT(Q12)>='3월 등급 정보'!$F$6,4,IF(INT(Q12)>='3월 등급 정보'!$F$7,5,IF(INT(Q12)>='3월 등급 정보'!$F$8,6,IF(INT(Q12)>='3월 등급 정보'!$F$9,7,IF(INT(Q12)>='3월 등급 정보'!$F$10,8,IF(INT(Q12)>='3월 등급 정보'!$F$11,9))))))))) -> 2 | U12: 47.5 | X12: =IF(INT(U12)>='3월 등급 정보'!$G$3,1,IF(INT(U12)>='3월 등급 정보'!$G$4,2,IF(INT(U12)>='3월 등급 정보'!$G$5,3,IF(INT(U12)>='3월 등급 정보'!$G$6,4,IF(INT(U12)>='3월 등급 정보'!$G$7,5,IF(INT(U12)>='3월 등급 정보'!$G$8,6,IF(INT(U12)>='3월 등급 정보'!$G$9,7,IF(INT(U12)>='3월 등급 정보'!$G$10,8,IF(INT(U12)>='3월 등급 정보'!$G$11,9))))))))) -> 1 | Y12: 47 | AB12: =IF(INT(Y12)>='3월 등급 정보'!$H$3,1,IF(INT(Y12)>='3월 등급 정보'!$H$4,2,IF(INT(Y12)>='3월 등급 정보'!$H$5,3,IF(INT(Y12)>='3월 등급 정보'!$H$6,4,IF(INT(Y12)>='3월 등급 정보'!$H$7,5,IF(INT(Y12)>='3월 등급 정보'!$H$8,6,IF(INT(Y12)>='3월 등급 정보'!$H$9,7,IF(INT(Y12)>='3월 등급 정보'!$H$10,8,IF(INT(Y12)>='3월 등급 정보'!$H$11,9))))))))) -> 1 | AC12: =E12+I12+M12+Q12+U12 -> 337 | AD12: =RANK(AC12,$AC$3:$AC$273) -> 10
A13: 1 | B13: 6 | C13: 2 | D13: 구민아 | E13: 96 | H13: =IF(INT(E13)>='3월 등급 정보'!$C$3,1,IF(INT(E13)>='3월 등급 정보'!$C$4,2,IF(INT(E13)>='3월 등급 정보'!$C$5,3,IF(INT(E13)>='3월 등급 정보'!$C$6,4,IF(INT(E13)>='3월 등급 정보'!$C$7,5,IF(INT(E13)>='3월 등급 정보'!$C$8,6,IF(INT(E13)>='3월 등급 정보'!$C$9,7,IF(INT(E13)>='3월 등급 정보'!$C$10,8,IF(INT(E13)>='3월 등급 정보'!$C$11,9))))))))) -> 1 | I13: 68 | L13: =IF(INT(I13)>='3월 등급 정보'!$D$3,1,IF(INT(I13)>='3월 등급 정보'!$D$4,2,IF(INT(I13)>='3월 등급 정보'!$D$5,3,IF(INT(I13)>='3월 등급 정보'!$D$6,4,IF(INT(I13)>='3월 등급 정보'!$D$7,5,IF(INT(I13)>='3월 등급 정보'!$D$8,6,IF(INT(I13)>='3월 등급 정보'!$D$9,7,IF(INT(I13)>='3월 등급 정보'!$D$10,8,IF(INT(I13)>='3월 등급 정보'!$D$11,9))))))))) -> 3 | M13: 91 | P13: =IF(INT(M13)>='3월 등급 정보'!$E$3,1,IF(INT(M13)>='3월 등급 정보'!$E$4,2,IF(INT(M13)>='3월 등급 정보'!$E$5,3,IF(INT(M13)>='3월 등급 정보'!$E$6,4,IF(INT(M13)>='3월 등급 정보'!$E$7,5,IF(INT(M13)>='3월 등급 정보'!$E$8,6,IF(INT(M13)>='3월 등급 정보'!$E$9,7,IF(INT(M13)>='3월 등급 정보'!$E$10,8,IF(INT(M13)>='3월 등급 정보'!$E$11,9))))))))) -> 1 | Q13: 39.5 | T13: =IF(INT(Q13)>='3월 등급 정보'!$F$3,1,IF(INT(Q13)>='3월 등급 정보'!$F$4,2,IF(INT(Q13)>='3월 등급 정보'!$F$5,3,IF(INT(Q13)>='3월 등급 정보'!$F$6,4,IF(INT(Q13)>='3월 등급 정보'!$F$7,5,IF(INT(Q13)>='3월 등급 정보'!$F$8,6,IF(INT(Q13)>='3월 등급 정보'!$F$9,7,IF(INT(Q13)>='3월 등급 정보'!$F$10,8,IF(INT(Q13)>='3월 등급 정보'!$F$11,9))))))))) -> 3 | U13: 36 | X13: =IF(INT(U13)>='3월 등급 정보'!$G$3,1,IF(INT(U13)>='3월 등급 정보'!$G$4,2,IF(INT(U13)>='3월 등급 정보'!$G$5,3,IF(INT(U13)>='3월 등급 정보'!$G$6,4,IF(INT(U13)>='3월 등급 정보'!$G$7,5,IF(INT(U13)>='3월 등급 정보'!$G$8,6,IF(INT(U13)>='3월 등급 정보'!$G$9,7,IF(INT(U13)>='3월 등급 정보'!$G$10,8,IF(INT(U13)>='3월 등급 정보'!$G$11,9))))))))) -> 3 | Y13: 32 | AB13: =IF(INT(Y13)>='3월 등급 정보'!$H$3,1,IF(INT(Y13)>='3월 등급 정보'!$H$4,2,IF(INT(Y13)>='3월 등급 정보'!$H$5,3,IF(INT(Y13)>='3월 등급 정보'!$H$6,4,IF(INT(Y13)>='3월 등급 정보'!$H$7,5,IF(INT(Y13)>='3월 등급 정보'!$H$8,6,IF(INT(Y13)>='3월 등급 정보'!$H$9,7,IF(INT(Y13)>='3월 등급 정보'!$H$10,8,IF(INT(Y13)>='3월 등급 정보'!$H$11,9))))))))) -> 3 | AC13: =E13+I13+M13+Q13+U13 -> 330.5 | AD13: =RANK(AC13,$AC$3:$AC$273) -> 11
A14: 1 | B14: 8 | C14: 12 | D14: 양서윤 | E14: 77 | H14: =IF(INT(E14)>='3월 등급 정보'!$C$3,1,IF(INT(E14)>='3월 등급 정보'!$C$4,2,IF(INT(E14)>='3월 등급 정보'!$C$5,3,IF(INT(E14)>='3월 등급 정보'!$C$6,4,IF(INT(E14)>='3월 등급 정보'!$C$7,5,IF(INT(E14)>='3월 등급 정보'!$C$8,6,IF(INT(E14)>='3월 등급 정보'!$C$9,7,IF(INT(E14)>='3월 등급 정보'!$C$10,8,IF(INT(E14)>='3월 등급 정보'!$C$11,9))))))))) -> 3 | I14: 76 | L14: =IF(INT(I14)>='3월 등급 정보'!$D$3,1,IF(INT(I14)>='3월 등급 정보'!$D$4,2,IF(INT(I14)>='3월 등급 정보'!$D$5,3,IF(INT(I14)>='3월 등급 정보'!$D$6,4,IF(INT(I14)>='3월 등급 정보'!$D$7,5,IF(INT(I14)>='3월 등급 정보'!$D$8,6,IF(INT(I14)>='3월 등급 정보'!$D$9,7,IF(INT(I14)>='3월 등급 정보'!$D$10,8,IF(INT(I14)>='3월 등급 정보'!$D$11,9))))))))) -> 2 | M14: 88 | P14: =IF(INT(M14)>='3월 등급 정보'!$E$3,1,IF(INT(M14)>='3월 등급 정보'!$E$4,2,IF(INT(M14)>='3월 등급 정보'!$E$5,3,IF(INT(M14)>='3월 등급 정보'!$E$6,4,IF(INT(M14)>='3월 등급 정보'!$E$7,5,IF(INT(M14)>='3월 등급 정보'!$E$8,6,IF(INT(M14)>='3월 등급 정보'!$E$9,7,IF(INT(M14)>='3월 등급 정보'!$E$10,8,IF(INT(M14)>='3월 등급 정보'!$E$11,9))))))))) -> 2 | Q14: 45.5 | T14: =IF(INT(Q14)>='3월 등급 정보'!$F$3,1,IF(INT(Q14)>='3월 등급 정보'!$F$4,2,IF(INT(Q14)>='3월 등급 정보'!$F$5,3,IF(INT(Q14)>='3월 등급 정보'!$F$6,4,IF(INT(Q14)>='3월 등급 정보'!$F$7,5,IF(INT(Q14)>='3월 등급 정보'!$F$8,6,IF(INT(Q14)>='3월 등급 정보'!$F$9,7,IF(INT(Q14)>='3월 등급 정보'!$F$10,8,IF(INT(Q14)>='3월 등급 정보'!$F$11,9))))))))) -> 2 | U14: 44 | X14: =IF(INT(U14)>='3월 등급 정보'!$G$3,1,IF(INT(U14)>='3월 등급 정보'!$G$4,2,IF(INT(U14)>='3월 등급 정보'!$G$5,3,IF(INT(U14)>='3월 등급 정보'!$G$6,4,IF(INT(U14)>='3월 등급 정보'!$G$7,5,IF(INT(U14)>='3월 등급 정보'!$G$8,6,IF(INT(U14)>='3월 등급 정보'!$G$9,7,IF(INT(U14)>='3월 등급 정보'!$G$10,8,IF(INT(U14)>='3월 등급 정보'!$G$11,9))))))))) -> 1 | Y14: 39 | AB14: =IF(INT(Y14)>='3월 등급 정보'!$H$3,1,IF(INT(Y14)>='3월 등급 정보'!$H$4,2,IF(INT(Y14)>='3월 등급 정보'!$H$5,3,IF(INT(Y14)>='3월 등급 정보'!$H$6,4,IF(INT(Y14)>='3월 등급 정보'!$H$7,5,IF(INT(Y14)>='3월 등급 정보'!$H$8,6,IF(INT(Y14)>='3월 등급 정보'!$H$9,7,IF(INT(Y14)>='3월 등급 정보'!$H$10,8,IF(INT(Y14)>='3월 등급 정보'!$H$11,9))))))))) -> 2 | AC14: =E14+I14+M14+Q14+U14 -> 330.5 | AD14: =RANK(AC14,$AC$3:$AC$273) -> 11
... A273: 1 | B273: 7 | C273: 20 | D273: 정시윤 | E273: 20 | H273: =IF(INT(E273)>='3월 등급 정보'!$C$3,1,IF(INT(E273)>='3월 등급 정보'!$C$4,2,IF(INT(E273)>='3월 등급 정보'!$C$5,3,IF(INT(E273)>='3월 등급 정보'!$C$6,4,IF(INT(E273)>='3월 등급 정보'!$C$7,5,IF(INT(E273)>='3월 등급 정보'!$C$8,6,IF(INT(E273)>='3월 등급 정보'!$C$9,7,IF(INT(E273)>='3월 등급 정보'!$C$10,8,IF(INT(E273)>='3월 등급 정보'!$C$11,9))))))))) -> 8 | I273: 10 | L273: =IF(INT(I273)>='3월 등급 정보'!$D$3,1,IF(INT(I273)>='3월 등급 정보'!$D$4,2,IF(INT(I273)>='3월 등급 정보'!$D$5,3,IF(INT(I273)>='3월 등급 정보'!$D$6,4,IF(INT(I273)>='3월 등급 정보'!$D$7,5,IF(INT(I273)>='3월 등급 정보'!$D$8,6,IF(INT(I273)>='3월 등급 정보'!$D$9,7,IF(INT(I273)>='3월 등급 정보'!$D$10,8,IF(INT(I273)>='3월 등급 정보'!$D$11,9))))))))) -> 9 | M273: 21 | P273: =IF(INT(M273)>='3월 등급 정보'!$E$3,1,IF(INT(M273)>='3월 등급 정보'!$E$4,2,IF(INT(M273)>='3월 등급 정보'!$E$5,3,IF(INT(M273)>='3월 등급 정보'!$E$6,4,IF(INT(M273)>='3월 등급 정보'!$E$7,5,IF(INT(M273)>='3월 등급 정보'!$E$8,6,IF(INT(M273)>='3월 등급 정보'!$E$9,7,IF(INT(M273)>='3월 등급 정보'!$E$10,8,IF(INT(M273)>='3월 등급 정보'!$E$11,9))))))))) -> 8 | Q273: 7.5 | T273: =IF(INT(Q273)>='3월 등급 정보'!$F$3,1,IF(INT(Q273)>='3월 등급 정보'!$F$4,2,IF(INT(Q273)>='3월 등급 정보'!$F$5,3,IF(INT(Q273)>='3월 등급 정보'!$F$6,4,IF(INT(Q273)>='3월 등급 정보'!$F$7,5,IF(INT(Q273)>='3월 등급 정보'!$F$8,6,IF(INT(Q273)>='3월 등급 정보'!$F$9,7,IF(INT(Q273)>='3월 등급 정보'!$F$10,8,IF(INT(Q273)>='3월 등급 정보'!$F$11,9))))))))) -> 9 | U273: 9 | X273: =IF(INT(U273)>='3월 등급 정보'!$G$3,1,IF(INT(U273)>='3월 등급 정보'!$G$4,2,IF(INT(U273)>='3월 등급 정보'!$G$5,3,IF(INT(U273)>='3월 등급 정보'!$G$6,4,IF(INT(U273)>='3월 등급 정보'!$G$7,5,IF(INT(U273)>='3월 등급 정보'!$G$8,6,IF(INT(U273)>='3월 등급 정보'!$G$9,7,IF(INT(U273)>='3월 등급 정보'!$G$10,8,IF(INT(U273)>='3월 등급 정보'!$G$11,9))))))))) -> 8 | Y273: 11 | AB273: =IF(INT(Y273)>='3월 등급 정보'!$H$3,1,IF(INT(Y273)>='3월 등급 정보'!$H$4,2,IF(INT(Y273)>='3월 등급 정보'!$H$5,3,IF(INT(Y273)>='3월 등급 정보'!$H$6,4,IF(INT(Y273)>='3월 등급 정보'!$H$7,5,IF(INT(Y273)>='3월 등급 정보'!$H$8,6,IF(INT(Y273)>='3월 등급 정보'!$H$9,7,IF(INT(Y273)>='3월 등급 정보'!$H$10,8,IF(INT(Y273)>='3월 등급 정보'!$H$11,9))))))))) -> 7 | AC273: =E273+I273+M273+Q273+U273 -> 67.5 | AD273: =RANK(AC273,$AC$3:$AC$273) -> 271

Sheet 3월 등급 정보
B2: 구분 | C2: 국어 | D2: 수학 | E2: 영어 | F2: 통합사회 | G2: 통합과학 | H2: 한국사
B3: 1등급 | C3: 86 | D3: 84 | E3: 90 | F3: 46.5 | G3: 42.5 | H3: 40
B4: 2등급 | C4: 79 | D4: 72 | E4: 80 | F4: 42.5 | G4: 38 | H4: 35
B5: 3등급 | C5: 70 | D5: 61 | E5: 70 | F5: 38 | G5: 31.5 | H5: 30
B6: 4등급 | C6: 60 | D6: 50 | E6: 60 | F6: 32.5 | G6: 25.5 | H6: 25
B7: 5등급 | C7: 48 | D7: 38 | E7: 50 | F7: 25.5 | G7: 19 | H7: 20
B8: 6등급 | C8: 38 | D8: 28 | E8: 40 | F8: 19 | G8: 13.5 | H8: 15
B9: 7등급 | C9: 29 | D9: 19 | E9: 30 | F9: 12.5 | G9: 10.5 | H9: 10
B10: 8등급 | C10: 20 | D10: 13 | E10: 20 | F10: 8 | G10: 7 | H10: 5
B11: 9등급 | C11: 0 | D11: 0 | E11: 0 | F11: 0 | G11: 0 | H11: 0
