Workbook
Name n: [1]인문!#REF!
Name n: [1]인문!#REF!
Name n: [1]인문!#REF!
Name n: [1]인문!#REF!
Name n: [1]인문!#REF!
Name n: [1]인문!#REF!
Name n: [1]인문!#REF!
Name n: [1]인문!#REF!
Name n: [1]인문!#REF!
Name n: [1]인문!#REF!
Name n: [2]인문!#REF!
Name n: [1]인문!#REF!

Sheet 3-6
A1: 수능모의 평가 3학년 06반
A2: 실시일 : 2014. 10. 7
A3: 번 호 | B3: 성 명 | C3: 언어 | D3: 등급 | E3: 표준점수 | F3: 수리 | G3: 등급 | H3: 표준점수 | I3: 외국어 | J3: 등급 | K3: 표준점수 | L3: 언수외 소 계 | M3: 언수외 표준소계 | N3: 언수외석 차 | O3: 탐구영역 | Q3: 탐구소계 | R3: 총점 | S3: 반석차 | U3: 누계표
A4: 1 | B4: 강동호 | C4: 79 | D4: =LOOKUP(C4,#REF!,#REF!) -> #REF! | E4: =((C4-#REF!)/#REF!)*20+100 -> #REF! | F4: 33 | G4: =LOOKUP(F4,#REF!,#REF!) -> #REF! | H4: =((F4-#REF!)/#REF!)*20+100 -> #REF! | I4: 65 | J4: =LOOKUP(I4,#REF!,#REF!) -> #REF! | K4: =((I4-#REF!)/#REF!)*20+100 -> #REF! | L4: =SUM(C4,F4,I4) -> 177 | M4: =SUM(E4,H4,K4) -> #REF! | N4: =RANK(L4,$L$4:$L$39) -> 24 | O4: 11 | P4: 9 | Q4: =(SUM(O4:P4)) -> 20 | R4: =SUM(L4,Q4) -> 197 | S4: =RANK(R4,$R$4:$R$39) -> 25 | U4: 400 | W4: 399
A5: 2 | B5: 강세훈 | C5: 96 | D5: =LOOKUP(C5,#REF!,#REF!) -> #REF! | E5: =((C5-#REF!)/#REF!)*20+100 -> #REF! | F5: 51 | G5: =LOOKUP(F5,#REF!,#REF!) -> #REF! | H5: =((F5-#REF!)/#REF!)*20+100 -> #REF! | I5: 83 | J5: =LOOKUP(I5,#REF!,#REF!) -> #REF! | K5: =((I5-#REF!)/#REF!)*20+100 -> #REF! | L5: =SUM(C5,F5,I5) -> 230 | M5: =SUM(E5,H5,K5) -> #REF! | N5: =RANK(L5,$L$4:$L$39) -> 9 | O5: 21 | P5: 20 | Q5: =(SUM(O5:P5)) -> 41 | R5: =SUM(L5,Q5) -> 271 | S5: =RANK(R5,$R$4:$R$39) -> 15 | U5: 390 | V5: =FREQUENCY($R$4:$R$39,W4:W24) -> 0 | W5: 389
A6: 3 | B6: 강전희 | C6: 34 | D6: =LOOKUP(C6,#REF!,#REF!) -> #REF! | E6: =((C6-#REF!)/#REF!)*20+100 -> #REF! | F6: 21 | G6: =LOOKUP(F6,#REF!,#REF!) -> #REF! | H6: =((F6-#REF!)/#REF!)*20+100 -> #REF! | I6: 43 | J6: =LOOKUP(I6,#REF!,#REF!) -> #REF! | K6: =((I6-#REF!)/#REF!)*20+100 -> #REF! | L6: =SUM(C6,F6,I6) -> 98 | M6: =SUM(E6,H6,K6) -> #REF! | N6: =RANK(L6,$L$4:$L$39) -> 33 | O6: 5 | P6: 27 | Q6: =(SUM(O6:P6)) -> 32 | R6: =SUM(L6,Q6) -> 130 | S6: =RANK(R6,$R$4:$R$39) -> 34 | U6: 380 | V6: =FREQUENCY($R$4:$R$39,W5:W25) -> 0 | W6: 379
A7: 4 | B7: 김도영 | C7: 80 | D7: =LOOKUP(C7,#REF!,#REF!) -> #REF! | E7: =((C7-#REF!)/#REF!)*20+100 -> #REF! | F7: 38 | G7: =LOOKUP(F7,#REF!,#REF!) -> #REF! | H7: =((F7-#REF!)/#REF!)*20+100 -> #REF! | I7: 82 | J7: =LOOKUP(I7,#REF!,#REF!) -> #REF! | K7: =((I7-#REF!)/#REF!)*20+100 -> #REF! | L7: =SUM(C7,F7,I7) -> 200 | M7: =SUM(E7,H7,K7) -> #REF! | N7: =RANK(L7,$L$4:$L$39) -> 16 | O7: 39 | P7: 22 | Q7: =(SUM(O7:P7)) -> 61 | R7: =SUM(L7,Q7) -> 261 | S7: =RANK(R7,$R$4:$R$39) -> 18 | U7: 370 | V7: =FREQUENCY($R$4:$R$39,W6:W26) -> 1 | W7: 369
A8: 5 | B8: 김석우 | C8: 49 | D8: =LOOKUP(C8,#REF!,#REF!) -> #REF! | E8: =((C8-#REF!)/#REF!)*20+100 -> #REF! | F8: 26 | G8: =LOOKUP(F8,#REF!,#REF!) -> #REF! | H8: =((F8-#REF!)/#REF!)*20+100 -> #REF! | I8: 79 | J8: =LOOKUP(I8,#REF!,#REF!) -> #REF! | K8: =((I8-#REF!)/#REF!)*20+100 -> #REF! | L8: =SUM(C8,F8,I8) -> 154 | M8: =SUM(E8,H8,K8) -> #REF! | N8: =RANK(L8,$L$4:$L$39) -> 27 | O8: 20 | P8: 10 | Q8: =(SUM(O8:P8)) -> 30 | R8: =SUM(L8,Q8) -> 184 | S8: =RANK(R8,$R$4:$R$39) -> 27 | U8: 360 | V8: =FREQUENCY($R$4:$R$39,W7:W27) -> 2 | W8: 359
A9: 6 | B9: 김용현 | C9: 96 | D9: =LOOKUP(C9,#REF!,#REF!) -> #REF! | E9: =((C9-#REF!)/#REF!)*20+100 -> #REF! | F9: 39 | G9: =LOOKUP(F9,#REF!,#REF!) -> #REF! | H9: =((F9-#REF!)/#REF!)*20+100 -> #REF! | I9: 72 | J9: =LOOKUP(I9,#REF!,#REF!) -> #REF! | K9: =((I9-#REF!)/#REF!)*20+100 -> #REF! | L9: =SUM(C9,F9,I9) -> 207 | M9: =SUM(E9,H9,K9) -> #REF! | N9: =RANK(L9,$L$4:$L$39) -> 14 | O9: 35 | P9: 31 | Q9: =(SUM(O9:P9)) -> 66 | R9: =SUM(L9,Q9) -> 273 | S9: =RANK(R9,$R$4:$R$39) -> 14 | U9: 350 | V9: =FREQUENCY($R$4:$R$39,W8:W28) -> 1 | W9: 349
A10: 7 | B10: 김원탁 | C10: 85 | D10: =LOOKUP(C10,#REF!,#REF!) -> #REF! | E10: =((C10-#REF!)/#REF!)*20+100 -> #REF! | F10: 44 | G10: =LOOKUP(F10,#REF!,#REF!) -> #REF! | H10: =((F10-#REF!)/#REF!)*20+100 -> #REF! | I10: 72 | J10: =LOOKUP(I10,#REF!,#REF!) -> #REF! | K10: =((I10-#REF!)/#REF!)*20+100 -> #REF! | L10: =SUM(C10,F10,I10) -> 201 | M10: =SUM(E10,H10,K10) -> #REF! | N10: =RANK(L10,$L$4:$L$39) -> 15 | O10: 33 | P10: 34 | Q10: =(SUM(O10:P10)) -> 67 | R10: =SUM(L10,Q10) -> 268 | S10: =RANK(R10,$R$4:$R$39) -> 16 | U10: 340 | V10: =FREQUENCY($R$4:$R$39,W9:W29) -> 0 | W10: 339
A11: 8 | B11: 김재우 | C11: 92 | D11: =LOOKUP(C11,#REF!,#REF!) -> #REF! | E11: =((C11-#REF!)/#REF!)*20+100 -> #REF! | F11: 20 | G11: =LOOKUP(F11,#REF!,#REF!) -> #REF! | H11: =((F11-#REF!)/#REF!)*20+100 -> #REF! | I11: 63 | J11: =LOOKUP(I11,#REF!,#REF!) -> #REF! | K11: =((I11-#REF!)/#REF!)*20+100 -> #REF! | L11: =SUM(C11,F11,I11) -> 175 | M11: =SUM(E11,H11,K11) -> #REF! | N11: =RANK(L11,$L$4:$L$39) -> 25 | O11: 8 | P11: 18 | Q11: =(SUM(O11:P11)) -> 26 | R11: =SUM(L11,Q11) -> 201 | S11: =RANK(R11,$R$4:$R$39) -> 24 | U11: 330 | V11: =FREQUENCY($R$4:$R$39,W10:W30) -> 1 | W11: 329
A12: 9 | B12: 김종헌 | C12: 85 | D12: =LOOKUP(C12,#REF!,#REF!) -> #REF! | E12: =((C12-#REF!)/#REF!)*20+100 -> #REF! | F12: 28 | G12: =LOOKUP(F12,#REF!,#REF!) -> #REF! | H12: =((F12-#REF!)/#REF!)*20+100 -> #REF! | I12: 69 | J12: =LOOKUP(I12,#REF!,#REF!) -> #REF! | K12: =((I12-#REF!)/#REF!)*20+100 -> #REF! | L12: =SUM(C12,F12,I12) -> 182 | M12: =SUM(E12,H12,K12) -> #REF! | N12: =RANK(L12,$L$4:$L$39) -> 23 | O12: 34 | P12: 29 | Q12: =(SUM(O12:P12)) -> 63 | R12: =SUM(L12,Q12) -> 245 | S12: =RANK(R12,$R$4:$R$39) -> 19 | U12: 320 | V12: =FREQUENCY($R$4:$R$39,W11:W31) -> 0 | W12: 319
A13: 10 | B13: 김지찬 | C13: 52 | D13: =LOOKUP(C13,#REF!,#REF!) -> #REF! | E13: =((C13-#REF!)/#REF!)*20+100 -> #REF! | F13: 3 | G13: =LOOKUP(F13,#REF!,#REF!) -> #REF! | H13: =((F13-#REF!)/#REF!)*20+100 -> #REF! | I13: 28 | J13: =LOOKUP(I13,#REF!,#REF!) -> #REF! | K13: =((I13-#REF!)/#REF!)*20+100 -> #REF! | L13: =SUM(C13,F13,I13) -> 83 | M13: =SUM(E13,H13,K13) -> #REF! | N13: =RANK(L13,$L$4:$L$39) -> 36 | O13: 17 | P13: 15 | Q13: =(SUM(O13:P13)) -> 32 | R13: =SUM(L13,Q13) -> 115 | S13: =RANK(R13,$R$4:$R$39) -> 36 | U13: 310 | V13: =FREQUENCY($R$4:$R$39,W12:W32) -> 0 | W13: 309
A14: 11 | B14: 노현우 | C14: 98 | D14: =LOOKUP(C14,예상등급!$A$5:$A$13,예상등급!$B$5:$B$13) -> 1 | E14: =((C14-예상등급!#REF!)/예상등급!#REF!)*20+100 -> #REF! | F14: 88 | G14: =LOOKUP(F14,예상등급!$D$19:$D$27,예상등급!$E$19:$E$27) -> 1 | H14: =((F14-예상등급!#REF!)/예상등급!#REF!)*20+100 -> #REF! | I14: 92 | J14: =LOOKUP(I14,#REF!,#REF!) -> #REF! | K14: =((I14-#REF!)/#REF!)*20+100 -> #REF! | L14: =SUM(C14,F14,I14) -> 278 | M14: =SUM(E14,H14,K14) -> #REF! | N14: =RANK(L14,$L$4:$L$39) -> 2 | O14: 47 | P14: 45 | Q14: =(SUM(O14:P14)) -> 92 | R14: =SUM(L14,Q14) -> 370 | S14: =RANK(R14,$R$4:$R$39) -> 1 | U14: 300 | V14: =FREQUENCY($R$4:$R$39,W13:W33) -> 2 | W14: 299
A15: 12 | B15: 박상준 | C15: 76 | D15: =LOOKUP(C15,#REF!,#REF!) -> #REF! | E15: =((C15-#REF!)/#REF!)*20+100 -> #REF! | F15: 48 | G15: =LOOKUP(F15,예상등급!$D$19:$D$27,예상등급!$E$19:$E$27) -> 1 | H15: =((F15-예상등급!#REF!)/예상등급!#REF!)*20+100 -> #REF! | I15: 73 | J15: =LOOKUP(I15,#REF!,#REF!) -> #REF! | K15: =((I15-#REF!)/#REF!)*20+100 -> #REF! | L15: =SUM(C15,F15,I15) -> 197 | M15: =SUM(E15,H15,K15) -> #REF! | N15: =RANK(L15,$L$4:$L$39) -> 19 | O15: 27 | P15: 38 | Q15: =(SUM(O15:P15)) -> 65 | R15: =SUM(L15,Q15) -> 262 | S15: =RANK(R15,$R$4:$R$39) -> 17 | U15: 290 | V15: =FREQUENCY($R$4:$R$39,W14:W34) -> 2 | W15: 289
A16: 13 | B16: 박성민 | C16: 98 | D16: =LOOKUP(C16,#REF!,#REF!) -> #REF! | E16: =((C16-#REF!)/#REF!)*20+100 -> #REF! | F16: 62 | G16: =LOOKUP(F16,#REF!,#REF!) -> #REF! | H16: =((F16-#REF!)/#REF!)*20+100 -> #REF! | I16: 66 | J16: =LOOKUP(I16,#REF!,#REF!) -> #REF! | K16: =((I16-#REF!)/#REF!)*20+100 -> #REF! | L16: =SUM(C16,F16,I16) -> 226 | M16: =SUM(E16,H16,K16) -> #REF! | N16: =RANK(L16,$L$4:$L$39) -> 11 | O16: 29 | P16: 33 | Q16: =(SUM(O16:P16)) -> 62 | R16: =SUM(L16,Q16) -> 288 | S16: =RANK(R16,$R$4:$R$39) -> 10 | U16: 280 | V16: =FREQUENCY($R$4:$R$39,W15:W35) -> 1 | W16: 279
A17: 14 | B17: 박지우 | C17: 100 | D17: =LOOKUP(C17,#REF!,#REF!) -> #REF! | E17: =((C17-#REF!)/#REF!)*20+100 -> #REF! | F17: 65 | G17: =LOOKUP(F17,#REF!,#REF!) -> #REF! | H17: =((F17-#REF!)/#REF!)*20+100 -> #REF! | I17: 92 | J17: =LOOKUP(I17,#REF!,#REF!) -> #REF! | K17: =((I17-#REF!)/#REF!)*20+100 -> #REF! | L17: =SUM(C17,F17,I17) -> 257 | M17: =SUM(E17,H17,K17) -> #REF! | N17: =RANK(L17,$L$4:$L$39) -> 5 | O17: 40 | P17: 37 | Q17: =(SUM(O17:P17)) -> 77 | R17: =SUM(L17,Q17) -> 334 | S17: =RANK(R17,$R$4:$R$39) -> 5 | U17: 270 | V17: =FREQUENCY($R$4:$R$39,W16:W36) -> 5 | W17: 269
A18: 15 | B18: 방인서 | C18: 91 | D18: =LOOKUP(C18,#REF!,#REF!) -> #REF! | E18: =((C18-#REF!)/#REF!)*20+100 -> #REF! | F18: 42 | G18: =LOOKUP(F18,#REF!,#REF!) -> #REF! | H18: =((F18-#REF!)/#REF!)*20+100 -> #REF! | I18: 66 | J18: =LOOKUP(I18,#REF!,#REF!) -> #REF! | K18: =((I18-#REF!)/#REF!)*20+100 -> #REF! | L18: =SUM(C18,F18,I18) -> 199 | M18: =SUM(E18,H18,K18) -> #REF! | N18: =RANK(L18,$L$4:$L$39) -> 17 | O18: 18 | P18: 28 | Q18: =(SUM(O18:P18)) -> 46 | R18: =SUM(L18,Q18) -> 245 | S18: =RANK(R18,$R$4:$R$39) -> 19 | U18: 260 | V18: =FREQUENCY($R$4:$R$39,W17:W37) -> 3 | W18: 259
A19: 16 | B19: 소현수 | C19: 86 | D19: =LOOKUP(C19,#REF!,#REF!) -> #REF! | E19: =((C19-#REF!)/#REF!)*20+100 -> #REF! | F19: 60 | G19: =LOOKUP(F19,#REF!,#REF!) -> #REF! | H19: =((F19-#REF!)/#REF!)*20+100 -> #REF! | I19: 51 | J19: =LOOKUP(I19,#REF!,#REF!) -> #REF! | K19: =((I19-#REF!)/#REF!)*20+100 -> #REF! | L19: =SUM(C19,F19,I19) -> 197 | M19: =SUM(E19,H19,K19) -> #REF! | N19: =RANK(L19,$L$4:$L$39) -> 19 | O19: 43 | P19: 38 | Q19: =(SUM(O19:P19)) -> 81 | R19: =SUM(L19,Q19) -> 278 | S19: =RANK(R19,$R$4:$R$39) -> 11 | U19: 250 | V19: =FREQUENCY($R$4:$R$39,W18:W39) -> 0 | W19: 249
A20: 17 | B20: 신재범 | C20: 52 | D20: =LOOKUP(C20,#REF!,#REF!) -> #REF! | E20: =((C20-#REF!)/#REF!)*20+100 -> #REF! | F20: 12 | G20: =LOOKUP(F20,#REF!,#REF!) -> #REF! | H20: =((F20-#REF!)/#REF!)*20+100 -> #REF! | I20: 45 | J20: =LOOKUP(I20,#REF!,#REF!) -> #REF! | K20: =((I20-#REF!)/#REF!)*20+100 -> #REF! | L20: =SUM(C20,F20,I20) -> 109 | M20: =SUM(E20,H20,K20) -> #REF! | N20: =RANK(L20,$L$4:$L$39) -> 32 | O20: 20 | P20: 26 | Q20: =(SUM(O20:P20)) -> 46 | R20: =SUM(L20,Q20) -> 155 | S20: =RANK(R20,$R$4:$R$39) -> 31 | U20: 240 | V20: =FREQUENCY($R$4:$R$39,W19:W39) -> 2 | W20: 239
A21: 18 | B21: 양한솔 | C21: 70 | D21: =LOOKUP(C21,#REF!,#REF!) -> #REF! | E21: =((C21-#REF!)/#REF!)*20+100 -> #REF! | F21: 35 | G21: =LOOKUP(F21,#REF!,#REF!) -> #REF! | H21: =((F21-#REF!)/#REF!)*20+100 -> #REF! | I21: 37 | J21: =LOOKUP(I21,#REF!,#REF!) -> #REF! | K21: =((I21-#REF!)/#REF!)*20+100 -> #REF! | L21: =SUM(C21,F21,I21) -> 142 | M21: =SUM(E21,H21,K21) -> #REF! | N21: =RANK(L21,$L$4:$L$39) -> 29 | O21: 12 | P21: 18 | Q21: =(SUM(O21:P21)) -> 30 | R21: =SUM(L21,Q21) -> 172 | S21: =RANK(R21,$R$4:$R$39) -> 29 | U21: 230 | V21: =FREQUENCY($R$4:$R$39,W20:W39) -> 2 | W21: 229
A22: 19 | B22: 유동주 | C22: 83 | D22: =LOOKUP(C22,#REF!,#REF!) -> #REF! | E22: =((C22-#REF!)/#REF!)*20+100 -> #REF! | F22: 27 | G22: =LOOKUP(F22,#REF!,#REF!) -> #REF! | H22: =((F22-#REF!)/#REF!)*20+100 -> #REF! | I22: 77 | J22: =LOOKUP(I22,#REF!,#REF!) -> #REF! | K22: =((I22-#REF!)/#REF!)*20+100 -> #REF! | L22: =SUM(C22,F22,I22) -> 187 | M22: =SUM(E22,H22,K22) -> #REF! | N22: =RANK(L22,$L$4:$L$39) -> 22 | O22: 13 | P22: 23 | Q22: =(SUM(O22:P22)) -> 36 | R22: =SUM(L22,Q22) -> 223 | S22: =RANK(R22,$R$4:$R$39) -> 23 | U22: 220 | V22: =FREQUENCY($R$4:$R$39,W21:W40) -> 1 | W22: 219
A23: 20 | B23: 유민종 | C23: 77 | D23: =LOOKUP(C23,#REF!,#REF!) -> #REF! | E23: =((C23-#REF!)/#REF!)*20+100 -> #REF! | F23: 31 | G23: =LOOKUP(F23,#REF!,#REF!) -> #REF! | H23: =((F23-#REF!)/#REF!)*20+100 -> #REF! | I23: 83 | J23: =LOOKUP(I23,#REF!,#REF!) -> #REF! | K23: =((I23-#REF!)/#REF!)*20+100 -> #REF! | L23: =SUM(C23,F23,I23) -> 191 | M23: =SUM(E23,H23,K23) -> #REF! | N23: =RANK(L23,$L$4:$L$39) -> 21 | O23: 23 | P23: 25 | Q23: =(SUM(O23:P23)) -> 48 | R23: =SUM(L23,Q23) -> 239 | S23: =RANK(R23,$R$4:$R$39) -> 21 | U23: 210 | V23: =FREQUENCY($R$4:$R$39,W22:W41) -> 0 | W23: 209
A24: 21 | B24: 유찬종 | C24: 38 | D24: =LOOKUP(C24,#REF!,#REF!) -> #REF! | E24: =((C24-#REF!)/#REF!)*20+100 -> #REF! | F24: 14 | G24: =LOOKUP(F24,#REF!,#REF!) -> #REF! | H24: =((F24-#REF!)/#REF!)*20+100 -> #REF! | I24: 41 | J24: =LOOKUP(I24,#REF!,#REF!) -> #REF! | K24: =((I24-#REF!)/#REF!)*20+100 -> #REF! | L24: =SUM(C24,F24,I24) -> 93 | M24: =SUM(E24,H24,K24) -> #REF! | N24: =RANK(L24,$L$4:$L$39) -> 34 | O24: 12 | P24: 17 | Q24: =(SUM(O24:P24)) -> 29 | R24: =SUM(L24,Q24) -> 122 | S24: =RANK(R24,$R$4:$R$39) -> 35 | U24: 200 | V24: =FREQUENCY($R$4:$R$39,W23:W42) -> 1 | W24: 199
A25: 22 | B25: 유태상 | C25: 87 | D25: =LOOKUP(C25,#REF!,#REF!) -> #REF! | E25: =((C25-#REF!)/#REF!)*20+100 -> #REF! | F25: 80 | G25: =LOOKUP(F25,#REF!,#REF!) -> #REF! | H25: =((F25-#REF!)/#REF!)*20+100 -> #REF! | I25: 75 | J25: =LOOKUP(I25,#REF!,#REF!) -> #REF! | K25: =((I25-#REF!)/#REF!)*20+100 -> #REF! | L25: =SUM(C25,F25,I25) -> 242 | M25: =SUM(E25,H25,K25) -> #REF! | N25: =RANK(L25,$L$4:$L$39) -> 8 | O25: 20 | P25: 38 | Q25: =(SUM(O25:P25)) -> 58 | R25: =SUM(L25,Q25) -> 300 | S25: =RANK(R25,$R$4:$R$39) -> 7 | U25: 190 | V25: =FREQUENCY($R$4:$R$39,W24:W43) -> 2 | W25: 189
A26: 23 | B26: 이대현 | C26: 90 | D26: =LOOKUP(C26,#REF!,#REF!) -> #REF! | E26: =((C26-#REF!)/#REF!)*20+100 -> #REF! | F26: 46 | G26: =LOOKUP(F26,#REF!,#REF!) -> #REF! | H26: =((F26-#REF!)/#REF!)*20+100 -> #REF! | I26: 87 | J26: =LOOKUP(I26,#REF!,#REF!) -> #REF! | K26: =((I26-#REF!)/#REF!)*20+100 -> #REF! | L26: =SUM(C26,F26,I26) -> 223 | M26: =SUM(E26,H26,K26) -> #REF! | N26: =RANK(L26,$L$4:$L$39) -> 12 | O26: 37 | P26: 15 | Q26: =(SUM(O26:P26)) -> 52 | R26: =SUM(L26,Q26) -> 275 | S26: =RANK(R26,$R$4:$R$39) -> 12 | U26: 190이하 | V26: =FREQUENCY($R$4:$R$39,W25:W44) -> 10
A27: 24 | B27: 이동근 | C27: 89 | D27: =LOOKUP(C27,#REF!,#REF!) -> #REF! | E27: =((C27-#REF!)/#REF!)*20+100 -> #REF! | F27: 55 | G27: =LOOKUP(F27,#REF!,#REF!) -> #REF! | H27: =((F27-#REF!)/#REF!)*20+100 -> #REF! | I27: 85 | J27: =LOOKUP(I27,#REF!,#REF!) -> #REF! | K27: =((I27-#REF!)/#REF!)*20+100 -> #REF! | L27: =SUM(C27,F27,I27) -> 229 | M27: =SUM(E27,H27,K27) -> #REF! | N27: =RANK(L27,$L$4:$L$39) -> 10 | O27: 25 | P27: 20 | Q27: =(SUM(O27:P27)) -> 45 | R27: =SUM(L27,Q27) -> 274 | S27: =RANK(R27,$R$4:$R$39) -> 13 | U27: 합계 | V27: =SUM(V4:V26) -> 36
A28: 25 | B28: 이승민 | C28: 96 | D28: =LOOKUP(C28,#REF!,#REF!) -> #REF! | E28: =((C28-#REF!)/#REF!)*20+100 -> #REF! | F28: 46 | G28: =LOOKUP(F28,#REF!,#REF!) -> #REF! | H28: =((F28-#REF!)/#REF!)*20+100 -> #REF! | I28: 70 | J28: =LOOKUP(I28,#REF!,#REF!) -> #REF! | K28: =((I28-#REF!)/#REF!)*20+100 -> #REF! | L28: =SUM(C28,F28,I28) -> 212 | M28: =SUM(E28,H28,K28) -> #REF! | N28: =RANK(L28,$L$4:$L$39) -> 13 | O28: 35 | P28: 45 | Q28: =(SUM(O28:P28)) -> 80 | R28: =SUM(L28,Q28) -> 292 | S28: =RANK(R28,$R$4:$R$39) -> 9
A29: 26 | B29: 이승현 | C29: 84 | D29: =LOOKUP(C29,예상등급!$A$5:$A$13,예상등급!$B$5:$B$13) -> 1 | E29: =((C29-예상등급!#REF!)/예상등급!#REF!)*20+100 -> #REF! | F29: 78 | G29: =LOOKUP(F29,예상등급!$D$19:$D$27,예상등급!$E$19:$E$27) -> 1 | H29: =((F29-예상등급!#REF!)/예상등급!#REF!)*20+100 -> #REF! | I29: 85 | J29: =LOOKUP(I29,#REF!,#REF!) -> #REF! | K29: =((I29-#REF!)/#REF!)*20+100 -> #REF! | L29: =SUM(C29,F29,I29) -> 247 | M29: =SUM(E29,H29,K29) -> #REF! | N29: =RANK(L29,$L$4:$L$39) -> 7 | O29: 30 | P29: 24 | Q29: =(SUM(O29:P29)) -> 54 | R29: =SUM(L29,Q29) -> 301 | S29: =RANK(R29,$R$4:$R$39) -> 6
A30: 27 | B30: 이준영 | C30: 97 | D30: =LOOKUP(C30,#REF!,#REF!) -> #REF! | E30: =((C30-#REF!)/#REF!)*20+100 -> #REF! | F30: 59 | G30: =LOOKUP(F30,#REF!,#REF!) -> #REF! | H30: =((F30-#REF!)/#REF!)*20+100 -> #REF! | I30: 94 | J30: =LOOKUP(I30,#REF!,#REF!) -> #REF! | K30: =((I30-#REF!)/#REF!)*20+100 -> #REF! | L30: =SUM(C30,F30,I30) -> 250 | M30: =SUM(E30,H30,K30) -> #REF! | N30: =RANK(L30,$L$4:$L$39) -> 6 | O30: 25 | P30: 22 | Q30: =(SUM(O30:P30)) -> 47 | R30: =SUM(L30,Q30) -> 297 | S30: =RANK(R30,$R$4:$R$39) -> 8 | U30: 최고점
A31: 28 | B31: 이중현 | C31: 98 | D31: =LOOKUP(C31,#REF!,#REF!) -> #REF! | E31: =((C31-#REF!)/#REF!)*20+100 -> #REF! | F31: 80 | G31: =LOOKUP(F31,#REF!,#REF!) -> #REF! | H31: =((F31-#REF!)/#REF!)*20+100 -> #REF! | I31: 91 | J31: =LOOKUP(I31,#REF!,#REF!) -> #REF! | K31: =((I31-#REF!)/#REF!)*20+100 -> #REF! | L31: =SUM(C31,F31,I31) -> 269 | M31: =SUM(E31,H31,K31) -> #REF! | N31: =RANK(L31,$L$4:$L$39) -> 3 | O31: 44 | P31: 47 | Q31: =(SUM(O31:P31)) -> 91 | R31: =SUM(L31,Q31) -> 360 | S31: =RANK(R31,$R$4:$R$39) -> 3 | U31: =MAX(R4:R39) -> 370
A32: 29 | B32: 이한택 | C32: 22 | D32: =LOOKUP(C32,#REF!,#REF!) -> #REF! | E32: =((C32-#REF!)/#REF!)*20+100 -> #REF! | F32: 12 | G32: =LOOKUP(F32,#REF!,#REF!) -> #REF! | H32: =((F32-#REF!)/#REF!)*20+100 -> #REF! | I32: 57 | J32: =LOOKUP(I32,#REF!,#REF!) -> #REF! | K32: =((I32-#REF!)/#REF!)*20+100 -> #REF! | L32: =SUM(C32,F32,I32) -> 91 | M32: =SUM(E32,H32,K32) -> #REF! | N32: =RANK(L32,$L$4:$L$39) -> 35 | O32: 41 | P32: 18 | Q32: =(SUM(O32:P32)) -> 59 | R32: =SUM(L32,Q32) -> 150 | S32: =RANK(R32,$R$4:$R$39) -> 33
A33: 30 | B33: 이호선 | C33: 75 | D33: =LOOKUP(C33,#REF!,#REF!) -> #REF! | E33: =((C33-#REF!)/#REF!)*20+100 -> #REF! | F33: 7 | G33: =LOOKUP(F33,#REF!,#REF!) -> #REF! | H33: =((F33-#REF!)/#REF!)*20+100 -> #REF! | I33: 56 | J33: =LOOKUP(I33,#REF!,#REF!) -> #REF! | K33: =((I33-#REF!)/#REF!)*20+100 -> #REF! | L33: =SUM(C33,F33,I33) -> 138 | M33: =SUM(E33,H33,K33) -> #REF! | N33: =RANK(L33,$L$4:$L$39) -> 30 | O33: 4 | P33: 9 | Q33: =(SUM(O33:P33)) -> 13 | R33: =SUM(L33,Q33) -> 151 | S33: =RANK(R33,$R$4:$R$39) -> 32 | U33: 최하점
A34: 31 | B34: 이홍노 | C34: 69 | D34: =LOOKUP(C34,#REF!,#REF!) -> #REF! | E34: =((C34-#REF!)/#REF!)*20+100 -> #REF! | F34: 40 | G34: =LOOKUP(F34,예상등급!$D$19:$D$27,예상등급!$E$19:$E$27) -> 1 | H34: =((F34-예상등급!#REF!)/예상등급!#REF!)*20+100 -> #REF! | I34: 39 | J34: =LOOKUP(I34,#REF!,#REF!) -> #REF! | K34: =((I34-#REF!)/#REF!)*20+100 -> #REF! | L34: =SUM(C34,F34,I34) -> 148 | M34: =SUM(E34,H34,K34) -> #REF! | N34: =RANK(L34,$L$4:$L$39) -> 28 | O34: 7 | P34: 19 | Q34: =(SUM(O34:P34)) -> 26 | R34: =SUM(L34,Q34) -> 174 | S34: =RANK(R34,$R$4:$R$39) -> 28 | U34: =MIN(R4:R39) -> 115
A35: 32 | B35: 정성훈 | C35: 97 | D35: =LOOKUP(C35,#REF!,#REF!) -> #REF! | E35: =((C35-#REF!)/#REF!)*20+100 -> #REF! | F35: 32 | G35: =LOOKUP(F35,#REF!,#REF!) -> #REF! | H35: =((F35-#REF!)/#REF!)*20+100 -> #REF! | I35: 70 | J35: =LOOKUP(I35,#REF!,#REF!) -> #REF! | K35: =((I35-#REF!)/#REF!)*20+100 -> #REF! | L35: =SUM(C35,F35,I35) -> 199 | M35: =SUM(E35,H35,K35) -> #REF! | N35: =RANK(L35,$L$4:$L$39) -> 17 | O35: 8 | P35: 31 | Q35: =(SUM(O35:P35)) -> 39 | R35: =SUM(L35,Q35) -> 238 | S35: =RANK(R35,$R$4:$R$39) -> 22
A36: 33 | B36: 지성겸 | C36: 20 | D36: =LOOKUP(C36,#REF!,#REF!) -> #REF! | E36: =((C36-#REF!)/#REF!)*20+100 -> #REF! | F36: 25 | G36: =LOOKUP(F36,#REF!,#REF!) -> #REF! | H36: =((F36-#REF!)/#REF!)*20+100 -> #REF! | I36: 74 | J36: =LOOKUP(I36,#REF!,#REF!) -> #REF! | K36: =((I36-#REF!)/#REF!)*20+100 -> #REF! | L36: =SUM(C36,F36,I36) -> 119 | M36: =SUM(E36,H36,K36) -> #REF! | N36: =RANK(L36,$L$4:$L$39) -> 31 | O36: 24 | P36: 22 | Q36: =(SUM(O36:P36)) -> 46 | R36: =SUM(L36,Q36) -> 165 | S36: =RANK(R36,$R$4:$R$39) -> 30
A37: 34 | B37: 최성열 | C37: 100 | D37: =LOOKUP(C37,예상등급!$A$5:$A$13,예상등급!$B$5:$B$13) -> 1 | E37: =((C37-예상등급!#REF!)/예상등급!#REF!)*20+100 -> #REF! | F37: 96 | G37: =LOOKUP(F37,예상등급!$D$19:$D$27,예상등급!$E$19:$E$27) -> 1 | H37: =((F37-예상등급!#REF!)/예상등급!#REF!)*20+100 -> #REF! | I37: 92 | J37: =LOOKUP(I37,#REF!,#REF!) -> #REF! | K37: =((I37-#REF!)/#REF!)*20+100 -> #REF! | L37: =SUM(C37,F37,I37) -> 288 | M37: =SUM(E37,H37,K37) -> #REF! | N37: =RANK(L37,$L$4:$L$39) -> 1 | O37: 47 | P37: 31 | Q37: =(SUM(O37:P37)) -> 78 | R37: =SUM(L37,Q37) -> 366 | S37: =RANK(R37,$R$4:$R$39) -> 2
A38: 35 | B38: 한동국 | C38: 100 | D38: =LOOKUP(C38,#REF!,#REF!) -> #REF! | E38: =((C38-#REF!)/#REF!)*20+100 -> #REF! | F38: 74 | G38: =LOOKUP(F38,#REF!,#REF!) -> #REF! | H38: =((F38-#REF!)/#REF!)*20+100 -> #REF! | I38: 91 | J38: =LOOKUP(I38,#REF!,#REF!) -> #REF! | K38: =((I38-#REF!)/#REF!)*20+100 -> #REF! | L38: =SUM(C38,F38,I38) -> 265 | M38: =SUM(E38,H38,K38) -> #REF! | N38: =RANK(L38,$L$4:$L$39) -> 4 | O38: 50 | P38: 41 | Q38: =(SUM(O38:P38)) -> 91 | R38: =SUM(L38,Q38) -> 356 | S38: =RANK(R38,$R$4:$R$39) -> 4
A39: 36 | B39: 호수빈 | C39: 64 | D39: =LOOKUP(C39,#REF!,#REF!) -> #REF! | E39: =((C39-#REF!)/#REF!)*20+100 -> #REF! | F39: 37 | G39: =LOOKUP(F39,#REF!,#REF!) -> #REF! | H39: =((F39-#REF!)/#REF!)*20+100 -> #REF! | I39: 68 | J39: =LOOKUP(I39,#REF!,#REF!) -> #REF! | K39: =((I39-#REF!)/#REF!)*20+100 -> #REF! | L39: =SUM(C39,F39,I39) -> 169 | M39: =SUM(E39,H39,K39) -> #REF! | N39: =RANK(L39,$L$4:$L$39) -> 26 | O39: 6 | P39: 22 | Q39: =(SUM(O39:P39)) -> 28 | R39: =SUM(L39,Q39) -> 197 | S39: =RANK(R39,$R$4:$R$39) -> 25
A40: 총점 | C40: =SUM(C4:C39) -> 2805 | D40: =SUM(D4:D39) -> #REF! | E40: =SUM(E4:E39) -> #REF! | F40: =SUM(F4:F39) -> 1554 | G40: =SUM(G4:G39) -> #REF! | H40: =SUM(H4:H39) -> #REF! | I40: =SUM(I4:I39) -> 2513 | J40: =SUM(J4:J39) -> #REF! | ... M40: =SUM(M4:M39) -> #REF! | O40: =SUM(O4:O39) -> 910 | P40: =SUM(P4:P39) -> 947 | Q40: =SUM(Q4:Q39) -> 1857 | R40: =SUM(R4:R39) -> 8729
A41: 평균 | C41: =AVERAGE(C4:C39) -> 77.916667 | D41: =AVERAGE(D4:D39) -> #REF! | E41: =AVERAGE(E4:E39) -> #REF! | F41: =AVERAGE(F4:F39) -> 43.166667 | G41: =AVERAGE(G4:G39) -> #REF! | H41: =AVERAGE(H4:H39) -> #REF! | I41: =AVERAGE(I4:I39) -> 69.805556 | J41: =AVERAGE(J4:J39) -> #REF! | ... M41: =AVERAGE(M4:M39) -> #REF! | O41: =AVERAGE(O4:O39) -> 25.277778 | P41: =AVERAGE(P4:P39) -> 26.305556 | Q41: =AVERAGE(Q4:Q39) -> 51.583333 | R41: =AVERAGE(R4:R39) -> 242.47222

Sheet 3-7
A1: 수능모의 평가 3학년 07반
A2: 실시일 : 2014. 10. 7
A3: 번 호 | B3: 성 명 | C3: 언어 | D3: 등급 | E3: 표준점수 | F3: 수리 | G3: 등급 | H3: 표준점수 | I3: 외국어 | J3: 등급 | K3: 표준점수 | L3: 언수외 소 계 | M3: 언수외 표준소계 | N3: 언수외석 차 | O3: 탐구영역 | Q3: 탐구소계 | R3: 총점 | S3: 반석차 | U3: 누계표
A4: 1 | B4: 고영승 | C4: 98 | D4: =LOOKUP(C4,#REF!,#REF!) -> #REF! | E4: =((C4-#REF!)/#REF!)*20+100 -> #REF! | F4: 88 | G4: =LOOKUP(F4,#REF!,#REF!) -> #REF! | H4: =((F4-#REF!)/#REF!)*20+100 -> #REF! | I4: 92 | J4: =LOOKUP(I4,#REF!,#REF!) -> #REF! | K4: =((I4-#REF!)/#REF!)*20+100 -> #REF! | L4: =SUM(C4,F4,I4) -> 278 | M4: =SUM(E4,H4,K4) -> #REF! | N4: =RANK(L4,$L$4:$L$40) -> 1 | O4: 47 | P4: 44 | Q4: =(SUM(O4:P4)) -> 91 | R4: =SUM(L4,Q4) -> 369 | S4: =RANK(R4,$R$4:$R$40) -> 1 | U4: 400 | W4: 399
A5: 2 | B5: 고영훈 | C5: 93 | D5: =LOOKUP(C5,#REF!,#REF!) -> #REF! | E5: =((C5-#REF!)/#REF!)*20+100 -> #REF! | F5: 73 | G5: =LOOKUP(F5,#REF!,#REF!) -> #REF! | H5: =((F5-#REF!)/#REF!)*20+100 -> #REF! | I5: 80 | J5: =LOOKUP(I5,#REF!,#REF!) -> #REF! | K5: =((I5-#REF!)/#REF!)*20+100 -> #REF! | L5: =SUM(C5,F5,I5) -> 246 | M5: =SUM(E5,H5,K5) -> #REF! | N5: =RANK(L5,$L$4:$L$40) -> 6 | O5: 38 | P5: 42 | Q5: =(SUM(O5:P5)) -> 80 | R5: =SUM(L5,Q5) -> 326 | S5: =RANK(R5,$R$4:$R$40) -> 4 | U5: 390 | V5: =FREQUENCY($R$4:$R$40,W4:W24) -> 0 | W5: 389
A6: 3 | B6: 금혜성 | C6: 95 | D6: =LOOKUP(C6,#REF!,#REF!) -> #REF! | E6: =((C6-#REF!)/#REF!)*20+100 -> #REF! | F6: 36 | G6: =LOOKUP(F6,#REF!,#REF!) -> #REF! | H6: =((F6-#REF!)/#REF!)*20+100 -> #REF! | I6: 77 | J6: =LOOKUP(I6,#REF!,#REF!) -> #REF! | K6: =((I6-#REF!)/#REF!)*20+100 -> #REF! | L6: =SUM(C6,F6,I6) -> 208 | M6: =SUM(E6,H6,K6) -> #REF! | N6: =RANK(L6,$L$4:$L$40) -> 14 | O6: 33 | P6: 31 | Q6: =(SUM(O6:P6)) -> 64 | R6: =SUM(L6,Q6) -> 272 | S6: =RANK(R6,$R$4:$R$40) -> 10 | U6: 380 | V6: =FREQUENCY($R$4:$R$40,W5:W25) -> 0 | W6: 379
A7: 4 | B7: 김강건 | C7: 97 | D7: =LOOKUP(C7,#REF!,#REF!) -> #REF! | E7: =((C7-#REF!)/#REF!)*20+100 -> #REF! | F7: 81 | G7: =LOOKUP(F7,#REF!,#REF!) -> #REF! | H7: =((F7-#REF!)/#REF!)*20+100 -> #REF! | I7: 94 | J7: =LOOKUP(I7,#REF!,#REF!) -> #REF! | K7: =((I7-#REF!)/#REF!)*20+100 -> #REF! | L7: =SUM(C7,F7,I7) -> 272 | M7: =SUM(E7,H7,K7) -> #REF! | N7: =RANK(L7,$L$4:$L$40) -> 2 | O7: 36 | P7: 46 | Q7: =(SUM(O7:P7)) -> 82 | R7: =SUM(L7,Q7) -> 354 | S7: =RANK(R7,$R$4:$R$40) -> 2 | U7: 370 | V7: =FREQUENCY($R$4:$R$40,W6:W26) -> 0 | W7: 369
A8: 5 | B8: 김건식 | C8: 20 | D8: =LOOKUP(C8,#REF!,#REF!) -> #REF! | E8: =((C8-#REF!)/#REF!)*20+100 -> #REF! | F8: 44 | G8: =LOOKUP(F8,#REF!,#REF!) -> #REF! | H8: =((F8-#REF!)/#REF!)*20+100 -> #REF! | I8: 34 | J8: =LOOKUP(I8,#REF!,#REF!) -> #REF! | K8: =((I8-#REF!)/#REF!)*20+100 -> #REF! | L8: =SUM(C8,F8,I8) -> 98 | M8: =SUM(E8,H8,K8) -> #REF! | N8: =RANK(L8,$L$4:$L$40) -> 32 | O8: 18 | P8: 6 | Q8: =(SUM(O8:P8)) -> 24 | R8: =SUM(L8,Q8) -> 122 | S8: =RANK(R8,$R$4:$R$40) -> 32 | U8: 360 | V8: =FREQUENCY($R$4:$R$40,W7:W27) -> 1 | W8: 359
A9: 6 | B9: 김기배 | C9: 71 | D9: =LOOKUP(C9,#REF!,#REF!) -> #REF! | E9: =((C9-#REF!)/#REF!)*20+100 -> #REF! | F9: 38 | G9: =LOOKUP(F9,#REF!,#REF!) -> #REF! | H9: =((F9-#REF!)/#REF!)*20+100 -> #REF! | I9: 47 | J9: =LOOKUP(I9,#REF!,#REF!) -> #REF! | K9: =((I9-#REF!)/#REF!)*20+100 -> #REF! | L9: =SUM(C9,F9,I9) -> 156 | M9: =SUM(E9,H9,K9) -> #REF! | N9: =RANK(L9,$L$4:$L$40) -> 28 | O9: 37 | P9: 33 | Q9: =(SUM(O9:P9)) -> 70 | R9: =SUM(L9,Q9) -> 226 | S9: =RANK(R9,$R$4:$R$40) -> 22 | U9: 350 | V9: =FREQUENCY($R$4:$R$40,W8:W28) -> 1 | W9: 349
A10: 7 | B10: 김도훈 | C10: 84 | D10: =LOOKUP(C10,#REF!,#REF!) -> #REF! | E10: =((C10-#REF!)/#REF!)*20+100 -> #REF! | F10: 51 | G10: =LOOKUP(F10,#REF!,#REF!) -> #REF! | H10: =((F10-#REF!)/#REF!)*20+100 -> #REF! | I10: 82 | J10: =LOOKUP(I10,#REF!,#REF!) -> #REF! | K10: =((I10-#REF!)/#REF!)*20+100 -> #REF! | L10: =SUM(C10,F10,I10) -> 217 | M10: =SUM(E10,H10,K10) -> #REF! | N10: =RANK(L10,$L$4:$L$40) -> 11 | O10: 20 | P10: 18 | Q10: =(SUM(O10:P10)) -> 38 | R10: =SUM(L10,Q10) -> 255 | S10: =RANK(R10,$R$4:$R$40) -> 16 | U10: 340 | V10: =FREQUENCY($R$4:$R$40,W9:W29) -> 1 | W10: 339
A11: 8 | B11: 김민후 | C11: 75 | D11: =LOOKUP(C11,#REF!,#REF!) -> #REF! | E11: =((C11-#REF!)/#REF!)*20+100 -> #REF! | F11: 30 | G11: =LOOKUP(F11,#REF!,#REF!) -> #REF! | H11: =((F11-#REF!)/#REF!)*20+100 -> #REF! | I11: 81 | J11: =LOOKUP(I11,#REF!,#REF!) -> #REF! | K11: =((I11-#REF!)/#REF!)*20+100 -> #REF! | L11: =SUM(C11,F11,I11) -> 186 | M11: =SUM(E11,H11,K11) -> #REF! | N11: =RANK(L11,$L$4:$L$40) -> 22 | O11: 16 | P11: 18 | Q11: =(SUM(O11:P11)) -> 34 | R11: =SUM(L11,Q11) -> 220 | S11: =RANK(R11,$R$4:$R$40) -> 25 | U11: 330 | V11: =FREQUENCY($R$4:$R$40,W10:W30) -> 0 | W11: 329
A12: 9 | B12: 김사빈 | C12: 96 | D12: =LOOKUP(C12,#REF!,#REF!) -> #REF! | E12: =((C12-#REF!)/#REF!)*20+100 -> #REF! | F12: 55 | G12: =LOOKUP(F12,#REF!,#REF!) -> #REF! | H12: =((F12-#REF!)/#REF!)*20+100 -> #REF! | I12: 38 | J12: =LOOKUP(I12,#REF!,#REF!) -> #REF! | K12: =((I12-#REF!)/#REF!)*20+100 -> #REF! | L12: =SUM(C12,F12,I12) -> 189 | M12: =SUM(E12,H12,K12) -> #REF! | N12: =RANK(L12,$L$4:$L$40) -> 21 | O12: 33 | P12: 27 | Q12: =(SUM(O12:P12)) -> 60 | R12: =SUM(L12,Q12) -> 249 | S12: =RANK(R12,$R$4:$R$40) -> 18 | U12: 320 | V12: =FREQUENCY($R$4:$R$40,W11:W31) -> 2 | W12: 319
A13: 10 | B13: 김주성 | C13: 80 | D13: =LOOKUP(C13,#REF!,#REF!) -> #REF! | E13: =((C13-#REF!)/#REF!)*20+100 -> #REF! | F13: 38 | G13: =LOOKUP(F13,#REF!,#REF!) -> #REF! | H13: =((F13-#REF!)/#REF!)*20+100 -> #REF! | I13: 47 | J13: =LOOKUP(I13,#REF!,#REF!) -> #REF! | K13: =((I13-#REF!)/#REF!)*20+100 -> #REF! | L13: =SUM(C13,F13,I13) -> 165 | M13: =SUM(E13,H13,K13) -> #REF! | N13: =RANK(L13,$L$4:$L$40) -> 26 | O13: 28 | P13: 15 | Q13: =(SUM(O13:P13)) -> 43 | R13: =SUM(L13,Q13) -> 208 | S13: =RANK(R13,$R$4:$R$40) -> 28 | U13: 310 | V13: =FREQUENCY($R$4:$R$40,W12:W32) -> 1 | W13: 309
A14: 11 | B14: 김지운 | C14: 81 | D14: =LOOKUP(C14,#REF!,#REF!) -> #REF! | E14: =((C14-#REF!)/#REF!)*20+100 -> #REF! | F14: 37 | G14: =LOOKUP(F14,#REF!,#REF!) -> #REF! | H14: =((F14-#REF!)/#REF!)*20+100 -> #REF! | I14: 74 | J14: =LOOKUP(I14,#REF!,#REF!) -> #REF! | K14: =((I14-#REF!)/#REF!)*20+100 -> #REF! | L14: =SUM(C14,F14,I14) -> 192 | M14: =SUM(E14,H14,K14) -> #REF! | N14: =RANK(L14,$L$4:$L$40) -> 18 | O14: 18 | P14: 21 | Q14: =(SUM(O14:P14)) -> 39 | R14: =SUM(L14,Q14) -> 231 | S14: =RANK(R14,$R$4:$R$40) -> 20 | U14: 300 | V14: =FREQUENCY($R$4:$R$40,W13:W33) -> 0 | W14: 299
A15: 12 | B15: 김희수 | C15: 57 | D15: =LOOKUP(C15,#REF!,#REF!) -> #REF! | E15: =((C15-#REF!)/#REF!)*20+100 -> #REF! | F15: 29 | G15: =LOOKUP(F15,#REF!,#REF!) -> #REF! | H15: =((F15-#REF!)/#REF!)*20+100 -> #REF! | I15: 86 | J15: =LOOKUP(I15,#REF!,#REF!) -> #REF! | K15: =((I15-#REF!)/#REF!)*20+100 -> #REF! | L15: =SUM(C15,F15,I15) -> 172 | M15: =SUM(E15,H15,K15) -> #REF! | N15: =RANK(L15,$L$4:$L$40) -> 24 | O15: 21 | P15: 16 | Q15: =(SUM(O15:P15)) -> 37 | R15: =SUM(L15,Q15) -> 209 | S15: =RANK(R15,$R$4:$R$40) -> 27 | U15: 290 | V15: =FREQUENCY($R$4:$R$40,W14:W34) -> 3 | W15: 289
A16: 13 | B16: 노진영 | C16: 88 | D16: =LOOKUP(C16,#REF!,#REF!) -> #REF! | E16: =((C16-#REF!)/#REF!)*20+100 -> #REF! | F16: 80 | G16: =LOOKUP(F16,#REF!,#REF!) -> #REF! | H16: =((F16-#REF!)/#REF!)*20+100 -> #REF! | I16: 96 | J16: =LOOKUP(I16,#REF!,#REF!) -> #REF! | K16: =((I16-#REF!)/#REF!)*20+100 -> #REF! | L16: =SUM(C16,F16,I16) -> 264 | M16: =SUM(E16,H16,K16) -> #REF! | N16: =RANK(L16,$L$4:$L$40) -> 3 | O16: 38 | P16: 44 | Q16: =(SUM(O16:P16)) -> 82 | R16: =SUM(L16,Q16) -> 346 | S16: =RANK(R16,$R$4:$R$40) -> 3 | U16: 280 | V16: =FREQUENCY($R$4:$R$40,W15:W35) -> 0 | W16: 279
... A18: 15 | B18: 박성은 | C18: 83 | D18: =LOOKUP(C18,#REF!,#REF!) -> #REF! | E18: =((C18-#REF!)/#REF!)*20+100 -> #REF! | F18: 30 | G18: =LOOKUP(F18,#REF!,#REF!) -> #REF! | H18: =((F18-#REF!)/#REF!)*20+100 -> #REF! | I18: 61 | J18: =LOOKUP(I18,#REF!,#REF!) -> #REF! | K18: =((I18-#REF!)/#REF!)*20+100 -> #REF! | L18: =SUM(C18,F18,I18) -> 174 | M18: =SUM(E18,H18,K18) -> #REF! | N18: =RANK(L18,$L$4:$L$40) -> 23 | O18: 33 | P18: 15 | Q18: =(SUM(O18:P18)) -> 48 | R18: =SUM(L18,Q18) -> 222 | S18: =RANK(R18,$R$4:$R$40) -> 23 | U18: 260 | V18: =FREQUENCY($R$4:$R$40,W17:W37) -> 4 | W18: 259
A19: 16 | B19: 서동규 | C19: 34 | D19: =LOOKUP(C19,#REF!,#REF!) -> #REF! | E19: =((C19-#REF!)/#REF!)*20+100 -> #REF! | F19: 15 | G19: =LOOKUP(F19,#REF!,#REF!) -> #REF! | H19: =((F19-#REF!)/#REF!)*20+100 -> #REF! | I19: 28 | J19: =LOOKUP(I19,#REF!,#REF!) -> #REF! | K19: =((I19-#REF!)/#REF!)*20+100 -> #REF! | L19: =SUM(C19,F19,I19) -> 77 | M19: =SUM(E19,H19,K19) -> #REF! | N19: =RANK(L19,$L$4:$L$40) -> 33 | O19: 11 | P19: 20 | Q19: =(SUM(O19:P19)) -> 31 | R19: =SUM(L19,Q19) -> 108 | S19: =RANK(R19,$R$4:$R$40) -> 33 | U19: 250 | V19: =FREQUENCY($R$4:$R$40,W18:W40) -> 3 | W19: 249
A20: 17 | B20: 손우용 | C20: 98 | D20: =LOOKUP(C20,#REF!,#REF!) -> #REF! | E20: =((C20-#REF!)/#REF!)*20+100 -> #REF! | F20: 42 | G20: =LOOKUP(F20,#REF!,#REF!) -> #REF! | H20: =((F20-#REF!)/#REF!)*20+100 -> #REF! | I20: 51 | J20: =LOOKUP(I20,#REF!,#REF!) -> #REF! | K20: =((I20-#REF!)/#REF!)*20+100 -> #REF! | L20: =SUM(C20,F20,I20) -> 191 | M20: =SUM(E20,H20,K20) -> #REF! | N20: =RANK(L20,$L$4:$L$40) -> 19 | O20: 16 | P20: 24 | Q20: =(SUM(O20:P20)) -> 40 | R20: =SUM(L20,Q20) -> 231 | S20: =RANK(R20,$R$4:$R$40) -> 20 | U20: 240 | V20: =FREQUENCY($R$4:$R$40,W19:W40) -> 2 | W20: 239
A21: 18 | B21: 심재형 | C21: 95 | D21: =LOOKUP(C21,#REF!,#REF!) -> #REF! | E21: =((C21-#REF!)/#REF!)*20+100 -> #REF! | F21: 28 | G21: =LOOKUP(F21,#REF!,#REF!) -> #REF! | H21: =((F21-#REF!)/#REF!)*20+100 -> #REF! | I21: 67 | J21: =LOOKUP(I21,#REF!,#REF!) -> #REF! | K21: =((I21-#REF!)/#REF!)*20+100 -> #REF! | L21: =SUM(C21,F21,I21) -> 190 | M21: =SUM(E21,H21,K21) -> #REF! | N21: =RANK(L21,$L$4:$L$40) -> 20 | O21: 39 | P21: 35 | Q21: =(SUM(O21:P21)) -> 74 | R21: =SUM(L21,Q21) -> 264 | S21: =RANK(R21,$R$4:$R$40) -> 13 | U21: 230 | V21: =FREQUENCY($R$4:$R$40,W20:W40) -> 2 | W21: 229
A22: 19 | B22: 유기덕 | C22: 75 | D22: =LOOKUP(C22,#REF!,#REF!) -> #REF! | E22: =((C22-#REF!)/#REF!)*20+100 -> #REF! | F22: 30 | G22: =LOOKUP(F22,#REF!,#REF!) -> #REF! | H22: =((F22-#REF!)/#REF!)*20+100 -> #REF! | I22: 51 | J22: =LOOKUP(I22,#REF!,#REF!) -> #REF! | K22: =((I22-#REF!)/#REF!)*20+100 -> #REF! | L22: =SUM(C22,F22,I22) -> 156 | M22: =SUM(E22,H22,K22) -> #REF! | N22: =RANK(L22,$L$4:$L$40) -> 28 | O22: 41 | P22: 16 | Q22: =(SUM(O22:P22)) -> 57 | R22: =SUM(L22,Q22) -> 213 | S22: =RANK(R22,$R$4:$R$40) -> 26 | U22: 220 | V22: =FREQUENCY($R$4:$R$40,W21:W41) -> 4 | W22: 219
A23: 20 | B23: 유덕호 | C23: 93 | D23: =LOOKUP(C23,#REF!,#REF!) -> #REF! | E23: =((C23-#REF!)/#REF!)*20+100 -> #REF! | F23: 60 | G23: =LOOKUP(F23,#REF!,#REF!) -> #REF! | H23: =((F23-#REF!)/#REF!)*20+100 -> #REF! | I23: 75 | J23: =LOOKUP(I23,#REF!,#REF!) -> #REF! | K23: =((I23-#REF!)/#REF!)*20+100 -> #REF! | L23: =SUM(C23,F23,I23) -> 228 | M23: =SUM(E23,H23,K23) -> #REF! | N23: =RANK(L23,$L$4:$L$40) -> 8 | O23: 16 | P23: 12 | Q23: =(SUM(O23:P23)) -> 28 | R23: =SUM(L23,Q23) -> 256 | S23: =RANK(R23,$R$4:$R$40) -> 15 | U23: 210 | V23: =FREQUENCY($R$4:$R$40,W22:W42) -> 1 | W23: 209
A24: 21 | B24: 윤명혁 | C24: 92 | D24: =LOOKUP(C24,#REF!,#REF!) -> #REF! | E24: =((C24-#REF!)/#REF!)*20+100 -> #REF! | F24: 78 | G24: =LOOKUP(F24,#REF!,#REF!) -> #REF! | H24: =((F24-#REF!)/#REF!)*20+100 -> #REF! | I24: 77 | J24: =LOOKUP(I24,#REF!,#REF!) -> #REF! | K24: =((I24-#REF!)/#REF!)*20+100 -> #REF! | L24: =SUM(C24,F24,I24) -> 247 | M24: =SUM(E24,H24,K24) -> #REF! | N24: =RANK(L24,$L$4:$L$40) -> 5 | O24: 30 | P24: 41 | Q24: =(SUM(O24:P24)) -> 71 | R24: =SUM(L24,Q24) -> 318 | S24: =RANK(R24,$R$4:$R$40) -> 6 | U24: 200 | V24: =FREQUENCY($R$4:$R$40,W23:W43) -> 2 | W24: 199
A25: 22 | B25: 윤민기 | C25: 88 | D25: =LOOKUP(C25,#REF!,#REF!) -> #REF! | E25: =((C25-#REF!)/#REF!)*20+100 -> #REF! | F25: 41 | G25: =LOOKUP(F25,#REF!,#REF!) -> #REF! | H25: =((F25-#REF!)/#REF!)*20+100 -> #REF! | I25: 77 | J25: =LOOKUP(I25,#REF!,#REF!) -> #REF! | K25: =((I25-#REF!)/#REF!)*20+100 -> #REF! | L25: =SUM(C25,F25,I25) -> 206 | M25: =SUM(E25,H25,K25) -> #REF! | N25: =RANK(L25,$L$4:$L$40) -> 15 | O25: 32 | P25: 22 | Q25: =(SUM(O25:P25)) -> 54 | R25: =SUM(L25,Q25) -> 260 | S25: =RANK(R25,$R$4:$R$40) -> 14 | U25: 190 | V25: =FREQUENCY($R$4:$R$40,W24:W44) -> 0 | W25: 189
A26: 23 | B26: 이규원 | C26: 95 | D26: =LOOKUP(C26,#REF!,#REF!) -> #REF! | E26: =((C26-#REF!)/#REF!)*20+100 -> #REF! | F26: 21 | G26: =LOOKUP(F26,#REF!,#REF!) -> #REF! | H26: =((F26-#REF!)/#REF!)*20+100 -> #REF! | I26: 47 | J26: =LOOKUP(I26,#REF!,#REF!) -> #REF! | K26: =((I26-#REF!)/#REF!)*20+100 -> #REF! | L26: =SUM(C26,F26,I26) -> 163 | M26: =SUM(E26,H26,K26) -> #REF! | N26: =RANK(L26,$L$4:$L$40) -> 27 | O26: 5 | P26: 11 | Q26: =(SUM(O26:P26)) -> 16 | R26: =SUM(L26,Q26) -> 179 | S26: =RANK(R26,$R$4:$R$40) -> 29 | U26: 190이하 | V26: =FREQUENCY($R$4:$R$40,W25:W45) -> 9
A27: 24 | B27: 이상진 | C27: 30 | D27: =LOOKUP(C27,#REF!,#REF!) -> #REF! | E27: =((C27-#REF!)/#REF!)*20+100 -> #REF! | F27: 15 | G27: =LOOKUP(F27,#REF!,#REF!) -> #REF! | H27: =((F27-#REF!)/#REF!)*20+100 -> #REF! | I27: 29 | J27: =LOOKUP(I27,#REF!,#REF!) -> #REF! | K27: =((I27-#REF!)/#REF!)*20+100 -> #REF! | L27: =SUM(C27,F27,I27) -> 74 | M27: =SUM(E27,H27,K27) -> #REF! | N27: =RANK(L27,$L$4:$L$40) -> 34 | O27: 13 | P27: 10 | Q27: =(SUM(O27:P27)) -> 23 | R27: =SUM(L27,Q27) -> 97 | S27: =RANK(R27,$R$4:$R$40) -> 34 | U27: 합계 | V27: =SUM(V4:V26) -> 37
A28: 25 | B28: 이영찬 | C28: 93 | D28: =LOOKUP(C28,#REF!,#REF!) -> #REF! | E28: =((C28-#REF!)/#REF!)*20+100 -> #REF! | F28: 37 | G28: =LOOKUP(F28,#REF!,#REF!) -> #REF! | H28: =((F28-#REF!)/#REF!)*20+100 -> #REF! | I28: 69 | J28: =LOOKUP(I28,#REF!,#REF!) -> #REF! | K28: =((I28-#REF!)/#REF!)*20+100 -> #REF! | L28: =SUM(C28,F28,I28) -> 199 | M28: =SUM(E28,H28,K28) -> #REF! | N28: =RANK(L28,$L$4:$L$40) -> 17 | O28: 25 | P28: 22 | Q28: =(SUM(O28:P28)) -> 47 | R28: =SUM(L28,Q28) -> 246 | S28: =RANK(R28,$R$4:$R$40) -> 19
A29: 26 | B29: 이재원 | C29: 88 | D29: =LOOKUP(C29,#REF!,#REF!) -> #REF! | E29: =((C29-#REF!)/#REF!)*20+100 -> #REF! | F29: 41 | G29: =LOOKUP(F29,#REF!,#REF!) -> #REF! | H29: =((F29-#REF!)/#REF!)*20+100 -> #REF! | I29: 73 | J29: =LOOKUP(I29,#REF!,#REF!) -> #REF! | K29: =((I29-#REF!)/#REF!)*20+100 -> #REF! | L29: =SUM(C29,F29,I29) -> 202 | M29: =SUM(E29,H29,K29) -> #REF! | N29: =RANK(L29,$L$4:$L$40) -> 16 | O29: 24 | P29: 26 | Q29: =(SUM(O29:P29)) -> 50 | R29: =SUM(L29,Q29) -> 252 | S29: =RANK(R29,$R$4:$R$40) -> 17
A30: 27 | B30: 이종관 | C30: 86 | D30: =LOOKUP(C30,#REF!,#REF!) -> #REF! | E30: =((C30-#REF!)/#REF!)*20+100 -> #REF! | F30: 53 | G30: =LOOKUP(F30,#REF!,#REF!) -> #REF! | H30: =((F30-#REF!)/#REF!)*20+100 -> #REF! | I30: 82 | J30: =LOOKUP(I30,#REF!,#REF!) -> #REF! | K30: =((I30-#REF!)/#REF!)*20+100 -> #REF! | L30: =SUM(C30,F30,I30) -> 221 | M30: =SUM(E30,H30,K30) -> #REF! | N30: =RANK(L30,$L$4:$L$40) -> 9 | O30: 38 | P30: 34 | Q30: =(SUM(O30:P30)) -> 72 | R30: =SUM(L30,Q30) -> 293 | S30: =RANK(R30,$R$4:$R$40) -> 9 | U30: 최고점
A31: 28 | B31: 이준영 | C31: 98 | D31: =LOOKUP(C31,#REF!,#REF!) -> #REF! | E31: =((C31-#REF!)/#REF!)*20+100 -> #REF! | F31: 48 | G31: =LOOKUP(F31,#REF!,#REF!) -> #REF! | H31: =((F31-#REF!)/#REF!)*20+100 -> #REF! | I31: 73 | J31: =LOOKUP(I31,#REF!,#REF!) -> #REF! | K31: =((I31-#REF!)/#REF!)*20+100 -> #REF! | L31: =SUM(C31,F31,I31) -> 219 | M31: =SUM(E31,H31,K31) -> #REF! | N31: =RANK(L31,$L$4:$L$40) -> 10 | O31: 20 | P31: 30 | Q31: =(SUM(O31:P31)) -> 50 | R31: =SUM(L31,Q31) -> 269 | S31: =RANK(R31,$R$4:$R$40) -> 11 | U31: =MAX(R4:R40) -> 369
A32: 29 | B32: 임한울 | C32: 18 | D32: =LOOKUP(C32,#REF!,#REF!) -> #REF! | E32: =((C32-#REF!)/#REF!)*20+100 -> #REF! | F32: 16 | G32: =LOOKUP(F32,#REF!,#REF!) -> #REF! | H32: =((F32-#REF!)/#REF!)*20+100 -> #REF! | I32: 20 | J32: =LOOKUP(I32,#REF!,#REF!) -> #REF! | K32: =((I32-#REF!)/#REF!)*20+100 -> #REF! | L32: =SUM(C32,F32,I32) -> 54 | M32: =SUM(E32,H32,K32) -> #REF! | N32: =RANK(L32,$L$4:$L$40) -> 37 | O32: 6 | P32: 20 | Q32: =(SUM(O32:P32)) -> 26 | R32: =SUM(L32,Q32) -> 80 | S32: =RANK(R32,$R$4:$R$40) -> 36
A33: 30 | B33: 전형남 | C33: 85 | D33: =LOOKUP(C33,#REF!,#REF!) -> #REF! | E33: =((C33-#REF!)/#REF!)*20+100 -> #REF! | F33: 34 | G33: =LOOKUP(F33,#REF!,#REF!) -> #REF! | H33: =((F33-#REF!)/#REF!)*20+100 -> #REF! | I33: 51 | J33: =LOOKUP(I33,#REF!,#REF!) -> #REF! | K33: =((I33-#REF!)/#REF!)*20+100 -> #REF! | L33: =SUM(C33,F33,I33) -> 170 | M33: =SUM(E33,H33,K33) -> #REF! | N33: =RANK(L33,$L$4:$L$40) -> 25 | O33: 24 | P33: 28 | Q33: =(SUM(O33:P33)) -> 52 | R33: =SUM(L33,Q33) -> 222 | S33: =RANK(R33,$R$4:$R$40) -> 23 | U33: 최하점
A34: 31 | B34: 정상민 | C34: 100 | D34: =LOOKUP(C34,#REF!,#REF!) -> #REF! | E34: =((C34-#REF!)/#REF!)*20+100 -> #REF! | F34: 63 | G34: =LOOKUP(F34,#REF!,#REF!) -> #REF! | H34: =((F34-#REF!)/#REF!)*20+100 -> #REF! | I34: 94 | J34: =LOOKUP(I34,#REF!,#REF!) -> #REF! | K34: =((I34-#REF!)/#REF!)*20+100 -> #REF! | L34: =SUM(C34,F34,I34) -> 257 | M34: =SUM(E34,H34,K34) -> #REF! | N34: =RANK(L34,$L$4:$L$40) -> 4 | O34: 33 | P34: 35 | Q34: =(SUM(O34:P34)) -> 68 | R34: =SUM(L34,Q34) -> 325 | S34: =RANK(R34,$R$4:$R$40) -> 5 | U34: =MIN(R4:R40) -> 76
A35: 32 | B35: 정준 | C35: 91 | D35: =LOOKUP(C35,#REF!,#REF!) -> #REF! | E35: =((C35-#REF!)/#REF!)*20+100 -> #REF! | F35: 70 | G35: =LOOKUP(F35,#REF!,#REF!) -> #REF! | H35: =((F35-#REF!)/#REF!)*20+100 -> #REF! | I35: 68 | J35: =LOOKUP(I35,#REF!,#REF!) -> #REF! | K35: =((I35-#REF!)/#REF!)*20+100 -> #REF! | L35: =SUM(C35,F35,I35) -> 229 | M35: =SUM(E35,H35,K35) -> #REF! | N35: =RANK(L35,$L$4:$L$40) -> 7 | O35: 36 | P35: 30 | Q35: =(SUM(O35:P35)) -> 66 | R35: =SUM(L35,Q35) -> 295 | S35: =RANK(R35,$R$4:$R$40) -> 8
A36: 33 | B36: 정태민 | C36: 65 | D36: =LOOKUP(C36,#REF!,#REF!) -> #REF! | E36: =((C36-#REF!)/#REF!)*20+100 -> #REF! | F36: 29 | G36: =LOOKUP(F36,#REF!,#REF!) -> #REF! | H36: =((F36-#REF!)/#REF!)*20+100 -> #REF! | I36: 50 | J36: =LOOKUP(I36,#REF!,#REF!) -> #REF! | K36: =((I36-#REF!)/#REF!)*20+100 -> #REF! | L36: =SUM(C36,F36,I36) -> 144 | M36: =SUM(E36,H36,K36) -> #REF! | N36: =RANK(L36,$L$4:$L$40) -> 30 | O36: 23 | P36: 11 | Q36: =(SUM(O36:P36)) -> 34 | R36: =SUM(L36,Q36) -> 178 | S36: =RANK(R36,$R$4:$R$40) -> 30
A37: 34 | B37: 최성일 | C37: 21 | D37: =LOOKUP(C37,#REF!,#REF!) -> #REF! | E37: =((C37-#REF!)/#REF!)*20+100 -> #REF! | F37: 12 | G37: =LOOKUP(F37,#REF!,#REF!) -> #REF! | H37: =((F37-#REF!)/#REF!)*20+100 -> #REF! | I37: 22 | J37: =LOOKUP(I37,#REF!,#REF!) -> #REF! | K37: =((I37-#REF!)/#REF!)*20+100 -> #REF! | L37: =SUM(C37,F37,I37) -> 55 | M37: =SUM(E37,H37,K37) -> #REF! | N37: =RANK(L37,$L$4:$L$40) -> 36 | O37: 10 | P37: 11 | Q37: =(SUM(O37:P37)) -> 21 | R37: =SUM(L37,Q37) -> 76 | S37: =RANK(R37,$R$4:$R$40) -> 37
A38: 35 | B38: 최윤석 | C38: 46 | D38: =LOOKUP(C38,#REF!,#REF!) -> #REF! | E38: =((C38-#REF!)/#REF!)*20+100 -> #REF! | F38: 20 | G38: =LOOKUP(F38,#REF!,#REF!) -> #REF! | H38: =((F38-#REF!)/#REF!)*20+100 -> #REF! | I38: 43 | J38: =LOOKUP(I38,#REF!,#REF!) -> #REF! | K38: =((I38-#REF!)/#REF!)*20+100 -> #REF! | L38: =SUM(C38,F38,I38) -> 109 | M38: =SUM(E38,H38,K38) -> #REF! | N38: =RANK(L38,$L$4:$L$40) -> 31 | O38: 16 | P38: 16 | Q38: =(SUM(O38:P38)) -> 32 | R38: =SUM(L38,Q38) -> 141 | S38: =RANK(R38,$R$4:$R$40) -> 31
A39: 36 | B39: 황민상 | C39: 89 | D39: =LOOKUP(C39,#REF!,#REF!) -> #REF! | E39: =((C39-#REF!)/#REF!)*20+100 -> #REF! | F39: 60 | G39: =LOOKUP(F39,#REF!,#REF!) -> #REF! | H39: =((F39-#REF!)/#REF!)*20+100 -> #REF! | I39: 68 | J39: =LOOKUP(I39,#REF!,#REF!) -> #REF! | K39: =((I39-#REF!)/#REF!)*20+100 -> #REF! | L39: =SUM(C39,F39,I39) -> 217 | M39: =SUM(E39,H39,K39) -> #REF! | N39: =RANK(L39,$L$4:$L$40) -> 11 | O39: 33 | P39: 47 | Q39: =(SUM(O39:P39)) -> 80 | R39: =SUM(L39,Q39) -> 297 | S39: =RANK(R39,$R$4:$R$40) -> 7
A40: 37 | B40: 황호현 | C40: 21 | D40: =LOOKUP(C40,#REF!,#REF!) -> #REF! | E40: =((C40-#REF!)/#REF!)*20+100 -> #REF! | F40: 15 | G40: =LOOKUP(F40,#REF!,#REF!) -> #REF! | H40: =((F40-#REF!)/#REF!)*20+100 -> #REF! | I40: 34 | J40: =LOOKUP(I40,#REF!,#REF!) -> #REF! | K40: =((I40-#REF!)/#REF!)*20+100 -> #REF! | L40: =SUM(C40,F40,I40) -> 70 | M40: =SUM(E40,H40,K40) -> #REF! | N40: =RANK(L40,$L$4:$L$40) -> 35 | O40: 6 | P40: 6 | Q40: =(SUM(O40:P40)) -> 12 | R40: =SUM(L40,Q40) -> 82 | S40: =RANK(R40,$R$4:$R$40) -> 35
A41: 총점 | C41: =SUM(C4:C40) -> 2817 | D41: =SUM(D4:D40) -> #REF! | E41: =SUM(E4:E40) -> #REF! | F41: =SUM(F4:F40) -> 1574 | G41: =SUM(G4:G40) -> #REF! | H41: =SUM(H4:H40) -> #REF! | I41: =SUM(I4:I40) -> 2320 | J41: =SUM(J4:J40) -> #REF! | ... M41: =SUM(M4:M40) -> #REF! | O41: =SUM(O4:O40) -> 937 | P41: =SUM(P4:P40) -> 912 | Q41: =SUM(Q4:Q40) -> 1849 | R41: =SUM(R4:R40) -> 8560
A42: 평균 | C42: =AVERAGE(C4:C40) -> 76.135135 | D42: =AVERAGE(D4:D40) -> #REF! | E42: =AVERAGE(E4:E40) -> #REF! | F42: =AVERAGE(F4:F40) -> 42.540541 | G42: =AVERAGE(G4:G40) -> #REF! | H42: =AVERAGE(H4:H40) -> #REF! | I42: =AVERAGE(I4:I40) -> 62.702703 | J42: =AVERAGE(J4:J40) -> #REF! | ... M42: =AVERAGE(M4:M40) -> #REF! | O42: =AVERAGE(O4:O40) -> 25.324324 | P42: =AVERAGE(P4:P40) -> 24.648649 | Q42: =AVERAGE(Q4:Q40) -> 49.972973 | R42: =AVERAGE(R4:R40) -> 231.35135

Sheet 3-8
A1: 수능모의 평가 3학년 08반
A2: 실시일 : 2014. 10. 7
A3: 번 호 | B3: 성 명 | C3: 언어 | D3: 등급 | E3: 표준점수 | F3: 수리 | G3: 등급 | H3: 표준점수 | I3: 외국어 | J3: 등급 | K3: 표준점수 | L3: 언수외 소 계 | M3: 언수외 표준소계 | N3: 언수외석 차 | O3: 탐구영역 | Q3: 탐구소계 | R3: 총점 | S3: 반석차 | U3: 누계표
A4: 1 | B4: 강민우 | C4: 98 | D4: =LOOKUP(C4,#REF!,#REF!) -> #REF! | E4: =((C4-#REF!)/#REF!)*20+100 -> #REF! | F4: 43 | G4: =LOOKUP(F4,#REF!,#REF!) -> #REF! | H4: =((F4-#REF!)/#REF!)*20+100 -> #REF! | I4: 52 | J4: =LOOKUP(I4,#REF!,#REF!) -> #REF! | K4: =((I4-#REF!)/#REF!)*20+100 -> #REF! | L4: =SUM(C4,F4,I4) -> 193 | M4: =SUM(E4,H4,K4) -> #REF! | N4: =RANK(L4,$L$4:$L$40) -> 16 | O4: 25 | P4: 30 | Q4: =(SUM(O4:P4)) -> 55 | R4: =SUM(L4,Q4) -> 248 | S4: =RANK(R4,$R$4:$R$40) -> 15 | U4: 400 | W4: 399
A5: 2 | B5: 권민표 | C5: 44 | D5: =LOOKUP(C5,#REF!,#REF!) -> #REF! | E5: =((C5-#REF!)/#REF!)*20+100 -> #REF! | F5: 44 | G5: =LOOKUP(F5,#REF!,#REF!) -> #REF! | H5: =((F5-#REF!)/#REF!)*20+100 -> #REF! | I5: 52 | J5: =LOOKUP(I5,#REF!,#REF!) -> #REF! | K5: =((I5-#REF!)/#REF!)*20+100 -> #REF! | L5: =SUM(C5,F5,I5) -> 140 | M5: =SUM(E5,H5,K5) -> #REF! | N5: =RANK(L5,$L$4:$L$40) -> 26 | O5: 18 | P5: 8 | Q5: =(SUM(O5:P5)) -> 26 | R5: =SUM(L5,Q5) -> 166 | S5: =RANK(R5,$R$4:$R$40) -> 28 | U5: 390 | V5: =FREQUENCY($R$4:$R$40,W4:W24) -> 0 | W5: 389
A6: 3 | B6: 권유안 | C6: 97 | D6: =LOOKUP(C6,예상등급!$A$5:$A$13,예상등급!$B$5:$B$13) -> 1 | E6: =((C6-예상등급!#REF!)/예상등급!#REF!)*20+100 -> #REF! | F6: 77 | G6: =LOOKUP(F6,예상등급!$D$19:$D$27,예상등급!$E$19:$E$27) -> 1 | H6: =((F6-예상등급!#REF!)/예상등급!#REF!)*20+100 -> #REF! | I6: 80 | J6: =LOOKUP(I6,#REF!,#REF!) -> #REF! | K6: =((I6-#REF!)/#REF!)*20+100 -> #REF! | L6: =SUM(C6,F6,I6) -> 254 | M6: =SUM(E6,H6,K6) -> #REF! | N6: =RANK(L6,$L$4:$L$40) -> 5 | O6: 38 | P6: 30 | Q6: =(SUM(O6:P6)) -> 68 | R6: =SUM(L6,Q6) -> 322 | S6: =RANK(R6,$R$4:$R$40) -> 4 | U6: 380 | V6: =FREQUENCY($R$4:$R$40,W5:W25) -> 0 | W6: 379
A7: 4 | B7: 김동주 | C7: 98 | D7: =LOOKUP(C7,#REF!,#REF!) -> #REF! | E7: =((C7-#REF!)/#REF!)*20+100 -> #REF! | F7: 70 | G7: =LOOKUP(F7,#REF!,#REF!) -> #REF! | H7: =((F7-#REF!)/#REF!)*20+100 -> #REF! | I7: 97 | J7: =LOOKUP(I7,#REF!,#REF!) -> #REF! | K7: =((I7-#REF!)/#REF!)*20+100 -> #REF! | L7: =SUM(C7,F7,I7) -> 265 | M7: =SUM(E7,H7,K7) -> #REF! | N7: =RANK(L7,$L$4:$L$40) -> 3 | O7: 38 | P7: 25 | Q7: =(SUM(O7:P7)) -> 63 | R7: =SUM(L7,Q7) -> 328 | S7: =RANK(R7,$R$4:$R$40) -> 3 | U7: 370 | V7: =FREQUENCY($R$4:$R$40,W6:W26) -> 0 | W7: 369
A8: 5 | B8: 김병인 | C8: 95 | D8: =LOOKUP(C8,#REF!,#REF!) -> #REF! | E8: =((C8-#REF!)/#REF!)*20+100 -> #REF! | F8: 58 | G8: =LOOKUP(F8,#REF!,#REF!) -> #REF! | H8: =((F8-#REF!)/#REF!)*20+100 -> #REF! | I8: 71 | J8: =LOOKUP(I8,#REF!,#REF!) -> #REF! | K8: =((I8-#REF!)/#REF!)*20+100 -> #REF! | L8: =SUM(C8,F8,I8) -> 224 | M8: =SUM(E8,H8,K8) -> #REF! | N8: =RANK(L8,$L$4:$L$40) -> 13 | O8: 36 | P8: 35 | Q8: =(SUM(O8:P8)) -> 71 | R8: =SUM(L8,Q8) -> 295 | S8: =RANK(R8,$R$4:$R$40) -> 11 | U8: 360 | V8: =FREQUENCY($R$4:$R$40,W7:W27) -> 2 | W8: 359
A9: 6 | B9: 김송현 | C9: 84 | D9: =LOOKUP(C9,#REF!,#REF!) -> #REF! | E9: =((C9-#REF!)/#REF!)*20+100 -> #REF! | F9: 63 | G9: =LOOKUP(F9,#REF!,#REF!) -> #REF! | H9: =((F9-#REF!)/#REF!)*20+100 -> #REF! | I9: 78 | J9: =LOOKUP(I9,#REF!,#REF!) -> #REF! | K9: =((I9-#REF!)/#REF!)*20+100 -> #REF! | L9: =SUM(C9,F9,I9) -> 225 | M9: =SUM(E9,H9,K9) -> #REF! | N9: =RANK(L9,$L$4:$L$40) -> 12 | O9: 21 | P9: 29 | Q9: =(SUM(O9:P9)) -> 50 | R9: =SUM(L9,Q9) -> 275 | S9: =RANK(R9,$R$4:$R$40) -> 12 | U9: 350 | V9: =FREQUENCY($R$4:$R$40,W8:W28) -> 0 | W9: 349
A10: 7 | B10: 김시온 | C10: 34 | D10: =LOOKUP(C10,#REF!,#REF!) -> #REF! | E10: =((C10-#REF!)/#REF!)*20+100 -> #REF! | F10: 22 | G10: =LOOKUP(F10,#REF!,#REF!) -> #REF! | H10: =((F10-#REF!)/#REF!)*20+100 -> #REF! | I10: 27 | J10: =LOOKUP(I10,#REF!,#REF!) -> #REF! | K10: =((I10-#REF!)/#REF!)*20+100 -> #REF! | L10: =SUM(C10,F10,I10) -> 83 | M10: =SUM(E10,H10,K10) -> #REF! | N10: =RANK(L10,$L$4:$L$40) -> 33 | O10: 17 | P10: 10 | Q10: =(SUM(O10:P10)) -> 27 | R10: =SUM(L10,Q10) -> 110 | S10: =RANK(R10,$R$4:$R$40) -> 33 | U10: 340 | V10: =FREQUENCY($R$4:$R$40,W9:W29) -> 0 | W10: 339
A11: 8 | B11: 김은택 | C11: 94 | D11: =LOOKUP(C11,#REF!,#REF!) -> #REF! | E11: =((C11-#REF!)/#REF!)*20+100 -> #REF! | F11: 62 | G11: =LOOKUP(F11,#REF!,#REF!) -> #REF! | H11: =((F11-#REF!)/#REF!)*20+100 -> #REF! | I11: 92 | J11: =LOOKUP(I11,#REF!,#REF!) -> #REF! | K11: =((I11-#REF!)/#REF!)*20+100 -> #REF! | L11: =SUM(C11,F11,I11) -> 248 | M11: =SUM(E11,H11,K11) -> #REF! | N11: =RANK(L11,$L$4:$L$40) -> 6 | O11: 26 | P11: 25 | Q11: =(SUM(O11:P11)) -> 51 | R11: =SUM(L11,Q11) -> 299 | S11: =RANK(R11,$R$4:$R$40) -> 10 | U11: 330 | V11: =FREQUENCY($R$4:$R$40,W10:W30) -> 0 | W11: 329
A12: 9 | B12: 김종원 | C12: 68 | D12: =LOOKUP(C12,#REF!,#REF!) -> #REF! | E12: =((C12-#REF!)/#REF!)*20+100 -> #REF! | F12: 20 | G12: =LOOKUP(F12,#REF!,#REF!) -> #REF! | H12: =((F12-#REF!)/#REF!)*20+100 -> #REF! | I12: 47 | J12: =LOOKUP(I12,#REF!,#REF!) -> #REF! | K12: =((I12-#REF!)/#REF!)*20+100 -> #REF! | L12: =SUM(C12,F12,I12) -> 135 | M12: =SUM(E12,H12,K12) -> #REF! | N12: =RANK(L12,$L$4:$L$40) -> 27 | O12: 9 | P12: 10 | Q12: =(SUM(O12:P12)) -> 19 | R12: =SUM(L12,Q12) -> 154 | S12: =RANK(R12,$R$4:$R$40) -> 29 | U12: 320 | V12: =FREQUENCY($R$4:$R$40,W11:W31) -> 2 | W12: 319
A13: 10 | B13: 김찬영 | C13: 100 | D13: =LOOKUP(C13,#REF!,#REF!) -> #REF! | E13: =((C13-#REF!)/#REF!)*20+100 -> #REF! | F13: 73 | G13: =LOOKUP(F13,#REF!,#REF!) -> #REF! | H13: =((F13-#REF!)/#REF!)*20+100 -> #REF! | I13: 97 | J13: =LOOKUP(I13,#REF!,#REF!) -> #REF! | K13: =((I13-#REF!)/#REF!)*20+100 -> #REF! | L13: =SUM(C13,F13,I13) -> 270 | M13: =SUM(E13,H13,K13) -> #REF! | N13: =RANK(L13,$L$4:$L$40) -> 2 | O13: 42 | P13: 50 | Q13: =(SUM(O13:P13)) -> 92 | R13: =SUM(L13,Q13) -> 362 | S13: =RANK(R13,$R$4:$R$40) -> 2 | U13: 310 | V13: =FREQUENCY($R$4:$R$40,W12:W32) -> 2 | W13: 309
A14: 11 | B14: 김태원 | C14: 19 | D14: =LOOKUP(C14,#REF!,#REF!) -> #REF! | E14: =((C14-#REF!)/#REF!)*20+100 -> #REF! | F14: 20 | G14: =LOOKUP(F14,#REF!,#REF!) -> #REF! | H14: =((F14-#REF!)/#REF!)*20+100 -> #REF! | I14: 23 | J14: =LOOKUP(I14,#REF!,#REF!) -> #REF! | K14: =((I14-#REF!)/#REF!)*20+100 -> #REF! | L14: =SUM(C14,F14,I14) -> 62 | M14: =SUM(E14,H14,K14) -> #REF! | N14: =RANK(L14,$L$4:$L$40) -> 36 | O14: 15 | P14: 5 | Q14: =(SUM(O14:P14)) -> 20 | R14: =SUM(L14,Q14) -> 82 | S14: =RANK(R14,$R$4:$R$40) -> 36 | U14: 300 | V14: =FREQUENCY($R$4:$R$40,W13:W33) -> 3 | W14: 299
A15: 12 | B15: 박영민 | C15: 94 | D15: =LOOKUP(C15,#REF!,#REF!) -> #REF! | E15: =((C15-#REF!)/#REF!)*20+100 -> #REF! | F15: 48 | G15: =LOOKUP(F15,#REF!,#REF!) -> #REF! | H15: =((F15-#REF!)/#REF!)*20+100 -> #REF! | I15: 47 | J15: =LOOKUP(I15,#REF!,#REF!) -> #REF! | K15: =((I15-#REF!)/#REF!)*20+100 -> #REF! | L15: =SUM(C15,F15,I15) -> 189 | M15: =SUM(E15,H15,K15) -> #REF! | N15: =RANK(L15,$L$4:$L$40) -> 18 | O15: 22 | P15: 23 | Q15: =(SUM(O15:P15)) -> 45 | R15: =SUM(L15,Q15) -> 234 | S15: =RANK(R15,$R$4:$R$40) -> 18 | U15: 290 | V15: =FREQUENCY($R$4:$R$40,W14:W34) -> 2 | W15: 289
A16: 13 | B16: 박찬의 | C16: 96 | D16: =LOOKUP(C16,#REF!,#REF!) -> #REF! | E16: =((C16-#REF!)/#REF!)*20+100 -> #REF! | F16: 53 | G16: =LOOKUP(F16,#REF!,#REF!) -> #REF! | H16: =((F16-#REF!)/#REF!)*20+100 -> #REF! | I16: 77 | J16: =LOOKUP(I16,#REF!,#REF!) -> #REF! | K16: =((I16-#REF!)/#REF!)*20+100 -> #REF! | L16: =SUM(C16,F16,I16) -> 226 | M16: =SUM(E16,H16,K16) -> #REF! | N16: =RANK(L16,$L$4:$L$40) -> 11 | O16: 25 | P16: 24 | Q16: =(SUM(O16:P16)) -> 49 | R16: =SUM(L16,Q16) -> 275 | S16: =RANK(R16,$R$4:$R$40) -> 12 | U16: 280 | V16: =FREQUENCY($R$4:$R$40,W15:W35) -> 0 | W16: 279
A17: 14 | B17: 백종욱 | C17: 90 | D17: =LOOKUP(C17,#REF!,#REF!) -> #REF! | E17: =((C17-#REF!)/#REF!)*20+100 -> #REF! | F17: 51 | G17: =LOOKUP(F17,#REF!,#REF!) -> #REF! | H17: =((F17-#REF!)/#REF!)*20+100 -> #REF! | I17: 22 | J17: =LOOKUP(I17,#REF!,#REF!) -> #REF! | K17: =((I17-#REF!)/#REF!)*20+100 -> #REF! | L17: =SUM(C17,F17,I17) -> 163 | M17: =SUM(E17,H17,K17) -> #REF! | N17: =RANK(L17,$L$4:$L$40) -> 21 | O17: 23 | P17: 13 | Q17: =(SUM(O17:P17)) -> 36 | R17: =SUM(L17,Q17) -> 199 | S17: =RANK(R17,$R$4:$R$40) -> 25 | U17: 270 | V17: =FREQUENCY($R$4:$R$40,W16:W36) -> 3 | W17: 269
A18: 15 | B18: 신윤상 | C18: 97 | D18: =LOOKUP(C18,#REF!,#REF!) -> #REF! | E18: =((C18-#REF!)/#REF!)*20+100 -> #REF! | F18: 59 | G18: =LOOKUP(F18,#REF!,#REF!) -> #REF! | H18: =((F18-#REF!)/#REF!)*20+100 -> #REF! | I18: 87 | J18: =LOOKUP(I18,#REF!,#REF!) -> #REF! | K18: =((I18-#REF!)/#REF!)*20+100 -> #REF! | L18: =SUM(C18,F18,I18) -> 243 | M18: =SUM(E18,H18,K18) -> #REF! | N18: =RANK(L18,$L$4:$L$40) -> 7 | O18: 26 | P18: 38 | Q18: =(SUM(O18:P18)) -> 64 | R18: =SUM(L18,Q18) -> 307 | S18: =RANK(R18,$R$4:$R$40) -> 7 | U18: 260 | V18: =FREQUENCY($R$4:$R$40,W17:W37) -> 0 | W18: 259
A19: 16 | B19: 심관우 | C19: 47 | D19: =LOOKUP(C19,#REF!,#REF!) -> #REF! | E19: =((C19-#REF!)/#REF!)*20+100 -> #REF! | F19: 12 | G19: =LOOKUP(F19,예상등급!$D$19:$D$27,예상등급!$E$19:$E$27) -> 7 | H19: =((F19-예상등급!#REF!)/예상등급!#REF!)*20+100 -> #REF! | I19: 22 | J19: =LOOKUP(I19,#REF!,#REF!) -> #REF! | K19: =((I19-#REF!)/#REF!)*20+100 -> #REF! | L19: =SUM(C19,F19,I19) -> 81 | M19: =SUM(E19,H19,K19) -> #REF! | N19: =RANK(L19,$L$4:$L$40) -> 34 | O19: 14 | P19: 13 | Q19: =(SUM(O19:P19)) -> 27 | R19: =SUM(L19,Q19) -> 108 | S19: =RANK(R19,$R$4:$R$40) -> 34 | U19: 250 | V19: =FREQUENCY($R$4:$R$40,W18:W40) -> 0 | W19: 249
A20: 17 | B20: 엄준혁 | C20: 96 | D20: =LOOKUP(C20,#REF!,#REF!) -> #REF! | E20: =((C20-#REF!)/#REF!)*20+100 -> #REF! | F20: 59 | G20: =LOOKUP(F20,#REF!,#REF!) -> #REF! | H20: =((F20-#REF!)/#REF!)*20+100 -> #REF! | I20: 54 | J20: =LOOKUP(I20,#REF!,#REF!) -> #REF! | K20: =((I20-#REF!)/#REF!)*20+100 -> #REF! | L20: =SUM(C20,F20,I20) -> 209 | M20: =SUM(E20,H20,K20) -> #REF! | N20: =RANK(L20,$L$4:$L$40) -> 15 | O20: 15 | P20: 20 | Q20: =(SUM(O20:P20)) -> 35 | R20: =SUM(L20,Q20) -> 244 | S20: =RANK(R20,$R$4:$R$40) -> 16 | U20: 240 | V20: =FREQUENCY($R$4:$R$40,W19:W40) -> 3 | W20: 239
A21: 18 | B21: 우정찬 | C21: 39 | D21: =LOOKUP(C21,#REF!,#REF!) -> #REF! | E21: =((C21-#REF!)/#REF!)*20+100 -> #REF! | F21: 16 | G21: =LOOKUP(F21,#REF!,#REF!) -> #REF! | H21: =((F21-#REF!)/#REF!)*20+100 -> #REF! | I21: 47 | J21: =LOOKUP(I21,#REF!,#REF!) -> #REF! | K21: =((I21-#REF!)/#REF!)*20+100 -> #REF! | L21: =SUM(C21,F21,I21) -> 102 | M21: =SUM(E21,H21,K21) -> #REF! | N21: =RANK(L21,$L$4:$L$40) -> 30 | O21: 13 | P21: 17 | Q21: =(SUM(O21:P21)) -> 30 | R21: =SUM(L21,Q21) -> 132 | S21: =RANK(R21,$R$4:$R$40) -> 31 | U21: 230 | V21: =FREQUENCY($R$4:$R$40,W20:W40) -> 1 | W21: 229
A22: 19 | B22: 유기환 | C22: 53 | D22: =LOOKUP(C22,#REF!,#REF!) -> #REF! | E22: =((C22-#REF!)/#REF!)*20+100 -> #REF! | F22: 7 | G22: =LOOKUP(F22,#REF!,#REF!) -> #REF! | H22: =((F22-#REF!)/#REF!)*20+100 -> #REF! | I22: 42 | J22: =LOOKUP(I22,#REF!,#REF!) -> #REF! | K22: =((I22-#REF!)/#REF!)*20+100 -> #REF! | L22: =SUM(C22,F22,I22) -> 102 | M22: =SUM(E22,H22,K22) -> #REF! | N22: =RANK(L22,$L$4:$L$40) -> 30 | O22: 21 | P22: 16 | Q22: =(SUM(O22:P22)) -> 37 | R22: =SUM(L22,Q22) -> 139 | S22: =RANK(R22,$R$4:$R$40) -> 30 | U22: 220 | V22: =FREQUENCY($R$4:$R$40,W21:W41) -> 2 | W22: 219
A23: 20 | B23: 유남희 | C23: 35 | D23: =LOOKUP(C23,#REF!,#REF!) -> #REF! | E23: =((C23-#REF!)/#REF!)*20+100 -> #REF! | F23: 31 | G23: =LOOKUP(F23,#REF!,#REF!) -> #REF! | H23: =((F23-#REF!)/#REF!)*20+100 -> #REF! | I23: 32 | J23: =LOOKUP(I23,#REF!,#REF!) -> #REF! | K23: =((I23-#REF!)/#REF!)*20+100 -> #REF! | L23: =SUM(C23,F23,I23) -> 98 | M23: =SUM(E23,H23,K23) -> #REF! | N23: =RANK(L23,$L$4:$L$40) -> 32 | O23: 6 | P23: 16 | Q23: =(SUM(O23:P23)) -> 22 | R23: =SUM(L23,Q23) -> 120 | S23: =RANK(R23,$R$4:$R$40) -> 32 | U23: 210 | V23: =FREQUENCY($R$4:$R$40,W22:W42) -> 0 | W23: 209
A24: 21 | B24: 유승민 | C24: 77 | D24: =LOOKUP(C24,#REF!,#REF!) -> #REF! | E24: =((C24-#REF!)/#REF!)*20+100 -> #REF! | F24: 39 | G24: =LOOKUP(F24,#REF!,#REF!) -> #REF! | H24: =((F24-#REF!)/#REF!)*20+100 -> #REF! | I24: 41 | J24: =LOOKUP(I24,#REF!,#REF!) -> #REF! | K24: =((I24-#REF!)/#REF!)*20+100 -> #REF! | L24: =SUM(C24,F24,I24) -> 157 | M24: =SUM(E24,H24,K24) -> #REF! | N24: =RANK(L24,$L$4:$L$40) -> 22 | O24: 16 | P24: 21 | Q24: =(SUM(O24:P24)) -> 37 | R24: =SUM(L24,Q24) -> 194 | S24: =RANK(R24,$R$4:$R$40) -> 27 | U24: 200 | V24: =FREQUENCY($R$4:$R$40,W23:W43) -> 4 | W24: 199
A25: 22 | B25: 유재상 | C25: 19 | D25: =LOOKUP(C25,#REF!,#REF!) -> #REF! | E25: =((C25-#REF!)/#REF!)*20+100 -> #REF! | F25: 15 | G25: =LOOKUP(F25,#REF!,#REF!) -> #REF! | H25: =((F25-#REF!)/#REF!)*20+100 -> #REF! | I25: 28 | J25: =LOOKUP(I25,#REF!,#REF!) -> #REF! | K25: =((I25-#REF!)/#REF!)*20+100 -> #REF! | L25: =SUM(C25,F25,I25) -> 62 | M25: =SUM(E25,H25,K25) -> #REF! | N25: =RANK(L25,$L$4:$L$40) -> 36 | O25: 9 | Q25: =(SUM(O25:P25)) -> 9 | R25: =SUM(L25,Q25) -> 71 | S25: =RANK(R25,$R$4:$R$40) -> 37 | U25: 190 | V25: =FREQUENCY($R$4:$R$40,W24:W44) -> 3 | W25: 189
A26: 23 | B26: 유현승 | C26: 100 | D26: =LOOKUP(C26,#REF!,#REF!) -> #REF! | E26: =((C26-#REF!)/#REF!)*20+100 -> #REF! | F26: 58 | G26: =LOOKUP(F26,#REF!,#REF!) -> #REF! | H26: =((F26-#REF!)/#REF!)*20+100 -> #REF! | I26: 78 | J26: =LOOKUP(I26,#REF!,#REF!) -> #REF! | K26: =((I26-#REF!)/#REF!)*20+100 -> #REF! | L26: =SUM(C26,F26,I26) -> 236 | M26: =SUM(E26,H26,K26) -> #REF! | N26: =RANK(L26,$L$4:$L$40) -> 9 | O26: 50 | P26: 27 | Q26: =(SUM(O26:P26)) -> 77 | R26: =SUM(L26,Q26) -> 313 | S26: =RANK(R26,$R$4:$R$40) -> 6 | U26: 190이하 | V26: =FREQUENCY($R$4:$R$40,W25:W45) -> 10
A27: 24 | B27: 이준환 | C27: 79 | D27: =LOOKUP(C27,#REF!,#REF!) -> #REF! | E27: =((C27-#REF!)/#REF!)*20+100 -> #REF! | F27: 45 | G27: =LOOKUP(F27,#REF!,#REF!) -> #REF! | H27: =((F27-#REF!)/#REF!)*20+100 -> #REF! | I27: 66 | J27: =LOOKUP(I27,#REF!,#REF!) -> #REF! | K27: =((I27-#REF!)/#REF!)*20+100 -> #REF! | L27: =SUM(C27,F27,I27) -> 190 | M27: =SUM(E27,H27,K27) -> #REF! | N27: =RANK(L27,$L$4:$L$40) -> 17 | O27: 16 | Q27: =(SUM(O27:P27)) -> 16 | R27: =SUM(L27,Q27) -> 206 | S27: =RANK(R27,$R$4:$R$40) -> 21 | U27: 합계 | V27: =SUM(V4:V26) -> 37
A28: 25 | B28: 이지석 | C28: 74 | D28: =LOOKUP(C28,#REF!,#REF!) -> #REF! | E28: =((C28-#REF!)/#REF!)*20+100 -> #REF! | F28: 28 | G28: =LOOKUP(F28,#REF!,#REF!) -> #REF! | H28: =((F28-#REF!)/#REF!)*20+100 -> #REF! | I28: 48 | J28: =LOOKUP(I28,#REF!,#REF!) -> #REF! | K28: =((I28-#REF!)/#REF!)*20+100 -> #REF! | L28: =SUM(C28,F28,I28) -> 150 | M28: =SUM(E28,H28,K28) -> #REF! | N28: =RANK(L28,$L$4:$L$40) -> 24 | O28: 28 | P28: 27 | Q28: =(SUM(O28:P28)) -> 55 | R28: =SUM(L28,Q28) -> 205 | S28: =RANK(R28,$R$4:$R$40) -> 22
A29: 26 | B29: 이창윤 | C29: 18 | D29: =LOOKUP(C29,#REF!,#REF!) -> #REF! | E29: =((C29-#REF!)/#REF!)*20+100 -> #REF! | F29: 77 | G29: =LOOKUP(F29,#REF!,#REF!) -> #REF! | H29: =((F29-#REF!)/#REF!)*20+100 -> #REF! | I29: 28 | J29: =LOOKUP(I29,#REF!,#REF!) -> #REF! | K29: =((I29-#REF!)/#REF!)*20+100 -> #REF! | L29: =SUM(C29,F29,I29) -> 123 | M29: =SUM(E29,H29,K29) -> #REF! | N29: =RANK(L29,$L$4:$L$40) -> 29 | O29: 36 | P29: 41 | Q29: =(SUM(O29:P29)) -> 77 | R29: =SUM(L29,Q29) -> 200 | S29: =RANK(R29,$R$4:$R$40) -> 24
A30: 27 | B30: 이하민 | C30: 93 | D30: =LOOKUP(C30,#REF!,#REF!) -> #REF! | E30: =((C30-#REF!)/#REF!)*20+100 -> #REF! | F30: 32 | G30: =LOOKUP(F30,#REF!,#REF!) -> #REF! | H30: =((F30-#REF!)/#REF!)*20+100 -> #REF! | I30: 9 | J30: =LOOKUP(I30,#REF!,#REF!) -> #REF! | K30: =((I30-#REF!)/#REF!)*20+100 -> #REF! | L30: =SUM(C30,F30,I30) -> 134 | M30: =SUM(E30,H30,K30) -> #REF! | N30: =RANK(L30,$L$4:$L$40) -> 28 | O30: 21 | P30: 40 | Q30: =(SUM(O30:P30)) -> 61 | R30: =SUM(L30,Q30) -> 195 | S30: =RANK(R30,$R$4:$R$40) -> 26 | U30: 최고점
A31: 28 | B31: 임준영 | C31: 83 | D31: =LOOKUP(C31,#REF!,#REF!) -> #REF! | E31: =((C31-#REF!)/#REF!)*20+100 -> #REF! | F31: 54 | G31: =LOOKUP(F31,#REF!,#REF!) -> #REF! | H31: =((F31-#REF!)/#REF!)*20+100 -> #REF! | I31: 81 | J31: =LOOKUP(I31,#REF!,#REF!) -> #REF! | K31: =((I31-#REF!)/#REF!)*20+100 -> #REF! | L31: =SUM(C31,F31,I31) -> 218 | M31: =SUM(E31,H31,K31) -> #REF! | N31: =RANK(L31,$L$4:$L$40) -> 14 | O31: 36 | P31: 20 | Q31: =(SUM(O31:P31)) -> 56 | R31: =SUM(L31,Q31) -> 274 | S31: =RANK(R31,$R$4:$R$40) -> 14 | U31: =MAX(R4:R40) -> 369
A32: 29 | B32: 정관수 | C32: 27 | D32: =LOOKUP(C32,#REF!,#REF!) -> #REF! | E32: =((C32-#REF!)/#REF!)*20+100 -> #REF! | F32: 30 | G32: =LOOKUP(F32,#REF!,#REF!) -> #REF! | H32: =((F32-#REF!)/#REF!)*20+100 -> #REF! | I32: 20 | J32: =LOOKUP(I32,#REF!,#REF!) -> #REF! | K32: =((I32-#REF!)/#REF!)*20+100 -> #REF! | L32: =SUM(C32,F32,I32) -> 77 | M32: =SUM(E32,H32,K32) -> #REF! | N32: =RANK(L32,$L$4:$L$40) -> 35 | O32: 7 | P32: 15 | Q32: =(SUM(O32:P32)) -> 22 | R32: =SUM(L32,Q32) -> 99 | S32: =RANK(R32,$R$4:$R$40) -> 35
A33: 30 | B33: 정동륜 | C33: 100 | D33: =LOOKUP(C33,#REF!,#REF!) -> #REF! | E33: =((C33-#REF!)/#REF!)*20+100 -> #REF! | F33: 96 | G33: =LOOKUP(F33,#REF!,#REF!) -> #REF! | H33: =((F33-#REF!)/#REF!)*20+100 -> #REF! | I33: 87 | J33: =LOOKUP(I33,#REF!,#REF!) -> #REF! | K33: =((I33-#REF!)/#REF!)*20+100 -> #REF! | L33: =SUM(C33,F33,I33) -> 283 | M33: =SUM(E33,H33,K33) -> #REF! | N33: =RANK(L33,$L$4:$L$40) -> 1 | O33: 42 | P33: 44 | Q33: =(SUM(O33:P33)) -> 86 | R33: =SUM(L33,Q33) -> 369 | S33: =RANK(R33,$R$4:$R$40) -> 1 | U33: 최하점
A34: 31 | B34: 조정열 | C34: 85 | D34: =LOOKUP(C34,#REF!,#REF!) -> #REF! | E34: =((C34-#REF!)/#REF!)*20+100 -> #REF! | F34: 43 | G34: =LOOKUP(F34,#REF!,#REF!) -> #REF! | H34: =((F34-#REF!)/#REF!)*20+100 -> #REF! | I34: 43 | J34: =LOOKUP(I34,#REF!,#REF!) -> #REF! | K34: =((I34-#REF!)/#REF!)*20+100 -> #REF! | L34: =SUM(C34,F34,I34) -> 171 | M34: =SUM(E34,H34,K34) -> #REF! | N34: =RANK(L34,$L$4:$L$40) -> 20 | O34: 16 | P34: 36 | Q34: =(SUM(O34:P34)) -> 52 | R34: =SUM(L34,Q34) -> 223 | S34: =RANK(R34,$R$4:$R$40) -> 20 | U34: =MIN(R4:R40) -> 71
A35: 32 | B35: 조화평 | C35: 71 | D35: =LOOKUP(C35,#REF!,#REF!) -> #REF! | E35: =((C35-#REF!)/#REF!)*20+100 -> #REF! | F35: 54 | G35: =LOOKUP(F35,#REF!,#REF!) -> #REF! | H35: =((F35-#REF!)/#REF!)*20+100 -> #REF! | I35: 64 | J35: =LOOKUP(I35,#REF!,#REF!) -> #REF! | K35: =((I35-#REF!)/#REF!)*20+100 -> #REF! | L35: =SUM(C35,F35,I35) -> 189 | M35: =SUM(E35,H35,K35) -> #REF! | N35: =RANK(L35,$L$4:$L$40) -> 18 | O35: 20 | P35: 33 | Q35: =(SUM(O35:P35)) -> 53 | R35: =SUM(L35,Q35) -> 242 | S35: =RANK(R35,$R$4:$R$40) -> 17
A36: 33 | B36: 최락훈 | C36: 83 | D36: =LOOKUP(C36,#REF!,#REF!) -> #REF! | E36: =((C36-#REF!)/#REF!)*20+100 -> #REF! | F36: 18 | G36: =LOOKUP(F36,#REF!,#REF!) -> #REF! | H36: =((F36-#REF!)/#REF!)*20+100 -> #REF! | I36: 54 | J36: =LOOKUP(I36,#REF!,#REF!) -> #REF! | K36: =((I36-#REF!)/#REF!)*20+100 -> #REF! | L36: =SUM(C36,F36,I36) -> 155 | M36: =SUM(E36,H36,K36) -> #REF! | N36: =RANK(L36,$L$4:$L$40) -> 23 | O36: 30 | P36: 40 | Q36: =(SUM(O36:P36)) -> 70 | R36: =SUM(L36,Q36) -> 225 | S36: =RANK(R36,$R$4:$R$40) -> 19
A37: 34 | B37: 최승원 | C37: 96 | D37: =LOOKUP(C37,#REF!,#REF!) -> #REF! | E37: =((C37-#REF!)/#REF!)*20+100 -> #REF! | F37: 66 | G37: =LOOKUP(F37,#REF!,#REF!) -> #REF! | H37: =((F37-#REF!)/#REF!)*20+100 -> #REF! | I37: 81 | J37: =LOOKUP(I37,#REF!,#REF!) -> #REF! | K37: =((I37-#REF!)/#REF!)*20+100 -> #REF! | L37: =SUM(C37,F37,I37) -> 243 | M37: =SUM(E37,H37,K37) -> #REF! | N37: =RANK(L37,$L$4:$L$40) -> 7 | O37: 37 | P37: 26 | Q37: =(SUM(O37:P37)) -> 63 | R37: =SUM(L37,Q37) -> 306 | S37: =RANK(R37,$R$4:$R$40) -> 8
A38: 35 | B38: 최제원 | C38: 87 | D38: =LOOKUP(C38,예상등급!$A$5:$A$13,예상등급!$B$5:$B$13) -> 1 | E38: =((C38-예상등급!#REF!)/예상등급!#REF!)*20+100 -> #REF! | F38: 0 | G38: =LOOKUP(F38,예상등급!$D$19:$D$27,예상등급!$E$19:$E$27) -> 9 | H38: =((F38-예상등급!#REF!)/예상등급!#REF!)*20+100 -> #REF! | I38: 61 | J38: =LOOKUP(I38,#REF!,#REF!) -> #REF! | K38: =((I38-#REF!)/#REF!)*20+100 -> #REF! | L38: =SUM(C38,F38,I38) -> 148 | M38: =SUM(E38,H38,K38) -> #REF! | N38: =RANK(L38,$L$4:$L$40) -> 25 | O38: 20 | P38: 34 | Q38: =(SUM(O38:P38)) -> 54 | R38: =SUM(L38,Q38) -> 202 | S38: =RANK(R38,$R$4:$R$40) -> 23
A39: 36 | B39: 최치원 | C39: 91 | D39: =LOOKUP(C39,#REF!,#REF!) -> #REF! | E39: =((C39-#REF!)/#REF!)*20+100 -> #REF! | F39: 76 | G39: =LOOKUP(F39,#REF!,#REF!) -> #REF! | H39: =((F39-#REF!)/#REF!)*20+100 -> #REF! | I39: 64 | J39: =LOOKUP(I39,#REF!,#REF!) -> #REF! | K39: =((I39-#REF!)/#REF!)*20+100 -> #REF! | L39: =SUM(C39,F39,I39) -> 231 | M39: =SUM(E39,H39,K39) -> #REF! | N39: =RANK(L39,$L$4:$L$40) -> 10 | O39: 43 | P39: 40 | Q39: =(SUM(O39:P39)) -> 83 | R39: =SUM(L39,Q39) -> 314 | S39: =RANK(R39,$R$4:$R$40) -> 5
A40: 37 | B40: 한상현 | C40: 87 | D40: =LOOKUP(C40,#REF!,#REF!) -> #REF! | E40: =((C40-#REF!)/#REF!)*20+100 -> #REF! | F40: 82 | G40: =LOOKUP(F40,#REF!,#REF!) -> #REF! | H40: =((F40-#REF!)/#REF!)*20+100 -> #REF! | I40: 93 | J40: =LOOKUP(I40,#REF!,#REF!) -> #REF! | K40: =((I40-#REF!)/#REF!)*20+100 -> #REF! | L40: =SUM(C40,F40,I40) -> 262 | M40: =SUM(E40,H40,K40) -> #REF! | N40: =RANK(L40,$L$4:$L$40) -> 4 | O40: 10 | P40: 29 | Q40: =(SUM(O40:P40)) -> 39 | R40: =SUM(L40,Q40) -> 301 | S40: =RANK(R40,$R$4:$R$40) -> 9
A41: 총점 | C41: =SUM(C4:C40) -> 2748 | D41: =SUM(D4:D40) -> #REF! | E41: =SUM(E4:E40) -> #REF! | F41: =SUM(F4:F40) -> 1701 | G41: =SUM(G4:G40) -> #REF! | H41: =SUM(H4:H40) -> #REF! | I41: =SUM(I4:I40) -> 2092 | J41: =SUM(J4:J40) -> #REF! | ... M41: =SUM(M4:M40) -> #REF! | O41: =SUM(O4:O40) -> 887 | P41: =SUM(P4:P40) -> 910 | Q41: =SUM(Q4:Q40) -> 1797 | R41: =SUM(R4:R40) -> 8338
A42: 평균 | C42: =AVERAGE(C4:C40) -> 74.27027 | D42: =AVERAGE(D4:D40) -> #REF! | E42: =AVERAGE(E4:E40) -> #REF! | F42: =AVERAGE(F4:F40) -> 45.972973 | G42: =AVERAGE(G4:G40) -> #REF! | H42: =AVERAGE(H4:H40) -> #REF! | I42: =AVERAGE(I4:I40) -> 56.540541 | J42: =AVERAGE(J4:J40) -> #REF! | ... M42: =AVERAGE(M4:M40) -> #REF! | O42: =AVERAGE(O4:O40) -> 23.972973 | P42: =AVERAGE(P4:P40) -> 26 | Q42: =AVERAGE(Q4:Q40) -> 48.567568 | R42: =AVERAGE(R4:R40) -> 225.35135

Sheet 3-9
A1: 수능모의 평가 3학년 09반
A2: 실시일 : 2014. 10. 7
A3: 번 호 | B3: 성 명 | C3: 언어 | D3: 등급 | E3: 표준점수 | F3: 수리 | G3: 등급 | H3: 표준점수 | I3: 외국어 | J3: 등급 | K3: 표준점수 | L3: 언수외 소 계 | M3: 언수외 표준소계 | N3: 언수외석 차 | O3: 탐구영역 | Q3: 탐구소계 | R3: 총점 | S3: 반석차 | U3: 누계표
A4: 1 | B4: 고재혁 | C4: 97 | D4: =LOOKUP(C4,#REF!,#REF!) -> #REF! | E4: =((C4-#REF!)/#REF!)*20+100 -> #REF! | F4: 77 | G4: =LOOKUP(F4,#REF!,#REF!) -> #REF! | H4: =((F4-#REF!)/#REF!)*20+100 -> #REF! | I4: 98 | J4: =LOOKUP(I4,#REF!,#REF!) -> #REF! | K4: =((I4-#REF!)/#REF!)*20+100 -> #REF! | L4: =SUM(C4,F4,I4) -> 272 | M4: =SUM(E4,H4,K4) -> #REF! | N4: =RANK(L4,$L$4:$L$40) -> 3 | O4: 44 | P4: 41 | Q4: =(SUM(O4:P4)) -> 85 | R4: =SUM(L4,Q4) -> 357 | S4: =RANK(R4,$R$4:$R$40) -> 3 | U4: 400 | W4: 399
A5: 2 | B5: 고준석 | C5: 70 | D5: =LOOKUP(C5,#REF!,#REF!) -> #REF! | E5: =((C5-#REF!)/#REF!)*20+100 -> #REF! | F5: 13 | G5: =LOOKUP(F5,#REF!,#REF!) -> #REF! | H5: =((F5-#REF!)/#REF!)*20+100 -> #REF! | I5: 48 | J5: =LOOKUP(I5,#REF!,#REF!) -> #REF! | K5: =((I5-#REF!)/#REF!)*20+100 -> #REF! | L5: =SUM(C5,F5,I5) -> 131 | M5: =SUM(E5,H5,K5) -> #REF! | N5: =RANK(L5,$L$4:$L$40) -> 28 | O5: 17 | P5: 21 | Q5: =(SUM(O5:P5)) -> 38 | R5: =SUM(L5,Q5) -> 169 | S5: =RANK(R5,$R$4:$R$40) -> 27 | U5: 390 | V5: =FREQUENCY($R$4:$R$40,W4:W24) -> 0 | W5: 389
A6: 3 | B6: 김경남 | C6: 92 | D6: =LOOKUP(C6,#REF!,#REF!) -> #REF! | E6: =((C6-#REF!)/#REF!)*20+100 -> #REF! | F6: 54 | G6: =LOOKUP(F6,#REF!,#REF!) -> #REF! | H6: =((F6-#REF!)/#REF!)*20+100 -> #REF! | I6: 69 | J6: =LOOKUP(I6,#REF!,#REF!) -> #REF! | K6: =((I6-#REF!)/#REF!)*20+100 -> #REF! | L6: =SUM(C6,F6,I6) -> 215 | M6: =SUM(E6,H6,K6) -> #REF! | N6: =RANK(L6,$L$4:$L$40) -> 14 | O6: 22 | P6: 30 | Q6: =(SUM(O6:P6)) -> 52 | R6: =SUM(L6,Q6) -> 267 | S6: =RANK(R6,$R$4:$R$40) -> 17 | U6: 380 | V6: =FREQUENCY($R$4:$R$40,W5:W25) -> 0 | W6: 379
A7: 4 | B7: 김선우 | C7: 87 | D7: =LOOKUP(C7,#REF!,#REF!) -> #REF! | E7: =((C7-#REF!)/#REF!)*20+100 -> #REF! | F7: 19 | G7: =LOOKUP(F7,#REF!,#REF!) -> #REF! | H7: =((F7-#REF!)/#REF!)*20+100 -> #REF! | I7: 71 | J7: =LOOKUP(I7,#REF!,#REF!) -> #REF! | K7: =((I7-#REF!)/#REF!)*20+100 -> #REF! | L7: =SUM(C7,F7,I7) -> 177 | M7: =SUM(E7,H7,K7) -> #REF! | N7: =RANK(L7,$L$4:$L$40) -> 20 | O7: 11 | P7: 24 | Q7: =(SUM(O7:P7)) -> 35 | R7: =SUM(L7,Q7) -> 212 | S7: =RANK(R7,$R$4:$R$40) -> 23 | U7: 370 | V7: =FREQUENCY($R$4:$R$40,W6:W26) -> 1 | W7: 369
A8: 5 | B8: 김승원 | C8: 79 | D8: =LOOKUP(C8,#REF!,#REF!) -> #REF! | E8: =((C8-#REF!)/#REF!)*20+100 -> #REF! | F8: 25 | G8: =LOOKUP(F8,#REF!,#REF!) -> #REF! | H8: =((F8-#REF!)/#REF!)*20+100 -> #REF! | I8: 22 | J8: =LOOKUP(I8,#REF!,#REF!) -> #REF! | K8: =((I8-#REF!)/#REF!)*20+100 -> #REF! | L8: =SUM(C8,F8,I8) -> 126 | M8: =SUM(E8,H8,K8) -> #REF! | N8: =RANK(L8,$L$4:$L$40) -> 29 | O8: 21 | P8: 17 | Q8: =(SUM(O8:P8)) -> 38 | R8: =SUM(L8,Q8) -> 164 | S8: =RANK(R8,$R$4:$R$40) -> 28 | U8: 360 | V8: =FREQUENCY($R$4:$R$40,W7:W27) -> 1 | W8: 359
A9: 6 | B9: 김윤호 | C9: 80 | D9: =LOOKUP(C9,#REF!,#REF!) -> #REF! | E9: =((C9-#REF!)/#REF!)*20+100 -> #REF! | F9: 58 | G9: =LOOKUP(F9,#REF!,#REF!) -> #REF! | H9: =((F9-#REF!)/#REF!)*20+100 -> #REF! | I9: 58 | J9: =LOOKUP(I9,#REF!,#REF!) -> #REF! | K9: =((I9-#REF!)/#REF!)*20+100 -> #REF! | L9: =SUM(C9,F9,I9) -> 196 | M9: =SUM(E9,H9,K9) -> #REF! | N9: =RANK(L9,$L$4:$L$40) -> 16 | O9: 37 | P9: 39 | Q9: =(SUM(O9:P9)) -> 76 | R9: =SUM(L9,Q9) -> 272 | S9: =RANK(R9,$R$4:$R$40) -> 15 | U9: 350 | V9: =FREQUENCY($R$4:$R$40,W8:W28) -> 1 | W9: 349
A10: 7 | B10: 김한겸 | C10: 35 | D10: =LOOKUP(C10,#REF!,#REF!) -> #REF! | E10: =((C10-#REF!)/#REF!)*20+100 -> #REF! | F10: 45 | G10: =LOOKUP(F10,#REF!,#REF!) -> #REF! | H10: =((F10-#REF!)/#REF!)*20+100 -> #REF! | I10: 85 | J10: =LOOKUP(I10,#REF!,#REF!) -> #REF! | K10: =((I10-#REF!)/#REF!)*20+100 -> #REF! | L10: =SUM(C10,F10,I10) -> 165 | M10: =SUM(E10,H10,K10) -> #REF! | N10: =RANK(L10,$L$4:$L$40) -> 23 | O10: 16 | P10: 22 | Q10: =(SUM(O10:P10)) -> 38 | R10: =SUM(L10,Q10) -> 203 | S10: =RANK(R10,$R$4:$R$40) -> 24 | U10: 340 | V10: =FREQUENCY($R$4:$R$40,W9:W29) -> 0 | W10: 339
A11: 8 | B11: 김형진 | C11: 93 | D11: =LOOKUP(C11,#REF!,#REF!) -> #REF! | E11: =((C11-#REF!)/#REF!)*20+100 -> #REF! | F11: 66 | G11: =LOOKUP(F11,#REF!,#REF!) -> #REF! | H11: =((F11-#REF!)/#REF!)*20+100 -> #REF! | I11: 84 | J11: =LOOKUP(I11,#REF!,#REF!) -> #REF! | K11: =((I11-#REF!)/#REF!)*20+100 -> #REF! | L11: =SUM(C11,F11,I11) -> 243 | M11: =SUM(E11,H11,K11) -> #REF! | N11: =RANK(L11,$L$4:$L$40) -> 9 | O11: 31 | P11: 33 | Q11: =(SUM(O11:P11)) -> 64 | R11: =SUM(L11,Q11) -> 307 | S11: =RANK(R11,$R$4:$R$40) -> 10 | U11: 330 | V11: =FREQUENCY($R$4:$R$40,W10:W30) -> 1 | W11: 329
A12: 9 | B12: 김호겸 | C12: 88 | D12: =LOOKUP(C12,#REF!,#REF!) -> #REF! | E12: =((C12-#REF!)/#REF!)*20+100 -> #REF! | F12: 61 | G12: =LOOKUP(F12,#REF!,#REF!) -> #REF! | H12: =((F12-#REF!)/#REF!)*20+100 -> #REF! | I12: 76 | J12: =LOOKUP(I12,#REF!,#REF!) -> #REF! | K12: =((I12-#REF!)/#REF!)*20+100 -> #REF! | L12: =SUM(C12,F12,I12) -> 225 | M12: =SUM(E12,H12,K12) -> #REF! | N12: =RANK(L12,$L$4:$L$40) -> 11 | O12: 23 | P12: 37 | Q12: =(SUM(O12:P12)) -> 60 | R12: =SUM(L12,Q12) -> 285 | S12: =RANK(R12,$R$4:$R$40) -> 12 | U12: 320 | V12: =FREQUENCY($R$4:$R$40,W11:W31) -> 2 | W12: 319
A13: 10 | B13: 박성주 | C13: 92 | D13: =LOOKUP(C13,예상등급!$A$5:$A$13,예상등급!$B$5:$B$13) -> 1 | E13: =((C13-예상등급!#REF!)/예상등급!#REF!)*20+100 -> #REF! | F13: 78 | G13: =LOOKUP(F13,예상등급!$D$19:$D$27,예상등급!$E$19:$E$27) -> 1 | H13: =((F13-예상등급!#REF!)/예상등급!#REF!)*20+100 -> #REF! | I13: 74 | J13: =LOOKUP(I13,#REF!,#REF!) -> #REF! | K13: =((I13-#REF!)/#REF!)*20+100 -> #REF! | L13: =SUM(C13,F13,I13) -> 244 | M13: =SUM(E13,H13,K13) -> #REF! | N13: =RANK(L13,$L$4:$L$40) -> 8 | O13: 30 | P13: 34 | Q13: =(SUM(O13:P13)) -> 64 | R13: =SUM(L13,Q13) -> 308 | S13: =RANK(R13,$R$4:$R$40) -> 9 | U13: 310 | V13: =FREQUENCY($R$4:$R$40,W12:W32) -> 2 | W13: 309
A14: 11 | B14: 박영헌 | C14: 79 | D14: =LOOKUP(C14,#REF!,#REF!) -> #REF! | E14: =((C14-#REF!)/#REF!)*20+100 -> #REF! | F14: 23 | G14: =LOOKUP(F14,#REF!,#REF!) -> #REF! | H14: =((F14-#REF!)/#REF!)*20+100 -> #REF! | I14: 56 | J14: =LOOKUP(I14,#REF!,#REF!) -> #REF! | K14: =((I14-#REF!)/#REF!)*20+100 -> #REF! | L14: =SUM(C14,F14,I14) -> 158 | M14: =SUM(E14,H14,K14) -> #REF! | N14: =RANK(L14,$L$4:$L$40) -> 25 | O14: 10 | P14: 9 | Q14: =(SUM(O14:P14)) -> 19 | R14: =SUM(L14,Q14) -> 177 | S14: =RANK(R14,$R$4:$R$40) -> 26 | U14: 300 | V14: =FREQUENCY($R$4:$R$40,W13:W33) -> 2 | W14: 299
A15: 12 | B15: 박인규 | C15: 23 | D15: =LOOKUP(C15,#REF!,#REF!) -> #REF! | E15: =((C15-#REF!)/#REF!)*20+100 -> #REF! | F15: 15 | G15: =LOOKUP(F15,#REF!,#REF!) -> #REF! | H15: =((F15-#REF!)/#REF!)*20+100 -> #REF! | I15: 38 | J15: =LOOKUP(I15,#REF!,#REF!) -> #REF! | K15: =((I15-#REF!)/#REF!)*20+100 -> #REF! | L15: =SUM(C15,F15,I15) -> 76 | M15: =SUM(E15,H15,K15) -> #REF! | N15: =RANK(L15,$L$4:$L$40) -> 32 | O15: 13 | P15: 9 | Q15: =(SUM(O15:P15)) -> 22 | R15: =SUM(L15,Q15) -> 98 | S15: =RANK(R15,$R$4:$R$40) -> 32 | U15: 290 | V15: =FREQUENCY($R$4:$R$40,W14:W34) -> 1 | W15: 289
A16: 13 | B16: 박주혁 | C16: 94 | D16: =LOOKUP(C16,#REF!,#REF!) -> #REF! | E16: =((C16-#REF!)/#REF!)*20+100 -> #REF! | F16: 84 | G16: =LOOKUP(F16,#REF!,#REF!) -> #REF! | H16: =((F16-#REF!)/#REF!)*20+100 -> #REF! | I16: 79 | J16: =LOOKUP(I16,#REF!,#REF!) -> #REF! | K16: =((I16-#REF!)/#REF!)*20+100 -> #REF! | L16: =SUM(C16,F16,I16) -> 257 | M16: =SUM(E16,H16,K16) -> #REF! | N16: =RANK(L16,$L$4:$L$40) -> 4 | O16: 40 | P16: 37 | Q16: =(SUM(O16:P16)) -> 77 | R16: =SUM(L16,Q16) -> 334 | S16: =RANK(R16,$R$4:$R$40) -> 4 | U16: 280 | V16: =FREQUENCY($R$4:$R$40,W15:W35) -> 3 | W16: 279
A17: 14 | B17: 배승환 | C17: 27 | D17: =LOOKUP(C17,예상등급!$A$5:$A$13,예상등급!$B$5:$B$13) -> 7 | E17: =((C17-예상등급!#REF!)/예상등급!#REF!)*20+100 -> #REF! | F17: 17 | G17: =LOOKUP(F17,예상등급!$D$19:$D$27,예상등급!$E$19:$E$27) -> 6 | H17: =((F17-예상등급!#REF!)/예상등급!#REF!)*20+100 -> #REF! | I17: 67 | J17: =LOOKUP(I17,#REF!,#REF!) -> #REF! | K17: =((I17-#REF!)/#REF!)*20+100 -> #REF! | L17: =SUM(C17,F17,I17) -> 111 | M17: =SUM(E17,H17,K17) -> #REF! | N17: =RANK(L17,$L$4:$L$40) -> 30 | O17: 14 | P17: 16 | Q17: =(SUM(O17:P17)) -> 30 | R17: =SUM(L17,Q17) -> 141 | S17: =RANK(R17,$R$4:$R$40) -> 30 | U17: 270 | V17: =FREQUENCY($R$4:$R$40,W16:W36) -> 2 | W17: 269
A18: 15 | B18: 배준선 | C18: 100 | D18: =LOOKUP(C18,예상등급!$A$5:$A$13,예상등급!$B$5:$B$13) -> 1 | E18: =((C18-예상등급!#REF!)/예상등급!#REF!)*20+100 -> #REF! | F18: 92 | G18: =LOOKUP(F18,예상등급!$D$19:$D$27,예상등급!$E$19:$E$27) -> 1 | H18: =((F18-예상등급!#REF!)/예상등급!#REF!)*20+100 -> #REF! | I18: 97 | J18: =LOOKUP(I18,#REF!,#REF!) -> #REF! | K18: =((I18-#REF!)/#REF!)*20+100 -> #REF! | L18: =SUM(C18,F18,I18) -> 289 | M18: =SUM(E18,H18,K18) -> #REF! | N18: =RANK(L18,$L$4:$L$40) -> 1 | O18: 40 | P18: 40 | Q18: =(SUM(O18:P18)) -> 80 | R18: =SUM(L18,Q18) -> 369 | S18: =RANK(R18,$R$4:$R$40) -> 2 | U18: 260 | V18: =FREQUENCY($R$4:$R$40,W17:W37) -> 1 | W18: 259
A19: 16 | B19: 백승철 | C19: 21 | D19: =LOOKUP(C19,#REF!,#REF!) -> #REF! | E19: =((C19-#REF!)/#REF!)*20+100 -> #REF! | F19: 12 | G19: =LOOKUP(F19,#REF!,#REF!) -> #REF! | H19: =((F19-#REF!)/#REF!)*20+100 -> #REF! | I19: 22 | J19: =LOOKUP(I19,#REF!,#REF!) -> #REF! | K19: =((I19-#REF!)/#REF!)*20+100 -> #REF! | L19: =SUM(C19,F19,I19) -> 55 | M19: =SUM(E19,H19,K19) -> #REF! | N19: =RANK(L19,$L$4:$L$40) -> 36 | O19: 10 | P19: 10 | Q19: =(SUM(O19:P19)) -> 20 | R19: =SUM(L19,Q19) -> 75 | S19: =RANK(R19,$R$4:$R$40) -> 36 | U19: 250 | V19: =FREQUENCY($R$4:$R$40,W18:W40) -> 1 | W19: 249
A20: 17 | B20: 서문욱 | C20: 63 | D20: =LOOKUP(C20,#REF!,#REF!) -> #REF! | E20: =((C20-#REF!)/#REF!)*20+100 -> #REF! | F20: 39 | G20: =LOOKUP(F20,#REF!,#REF!) -> #REF! | H20: =((F20-#REF!)/#REF!)*20+100 -> #REF! | I20: 49 | J20: =LOOKUP(I20,#REF!,#REF!) -> #REF! | K20: =((I20-#REF!)/#REF!)*20+100 -> #REF! | L20: =SUM(C20,F20,I20) -> 151 | M20: =SUM(E20,H20,K20) -> #REF! | N20: =RANK(L20,$L$4:$L$40) -> 26 | O20: 20 | P20: 20 | Q20: =(SUM(O20:P20)) -> 40 | R20: =SUM(L20,Q20) -> 191 | S20: =RANK(R20,$R$4:$R$40) -> 25 | U20: 240 | V20: =FREQUENCY($R$4:$R$40,W19:W40) -> 2 | W20: 239
A21: 18 | B21: 신지원 | C21: 95 | D21: =LOOKUP(C21,#REF!,#REF!) -> #REF! | E21: =((C21-#REF!)/#REF!)*20+100 -> #REF! | F21: 65 | G21: =LOOKUP(F21,#REF!,#REF!) -> #REF! | H21: =((F21-#REF!)/#REF!)*20+100 -> #REF! | I21: 94 | J21: =LOOKUP(I21,#REF!,#REF!) -> #REF! | K21: =((I21-#REF!)/#REF!)*20+100 -> #REF! | L21: =SUM(C21,F21,I21) -> 254 | M21: =SUM(E21,H21,K21) -> #REF! | N21: =RANK(L21,$L$4:$L$40) -> 5 | O21: 43 | P21: 30 | Q21: =(SUM(O21:P21)) -> 73 | R21: =SUM(L21,Q21) -> 327 | S21: =RANK(R21,$R$4:$R$40) -> 6 | U21: 230 | V21: =FREQUENCY($R$4:$R$40,W20:W40) -> 1 | W21: 229
A22: 19 | B22: 안준혁 | C22: 16 | D22: =LOOKUP(C22,#REF!,#REF!) -> #REF! | E22: =((C22-#REF!)/#REF!)*20+100 -> #REF! | F22: 19 | G22: =LOOKUP(F22,#REF!,#REF!) -> #REF! | H22: =((F22-#REF!)/#REF!)*20+100 -> #REF! | I22: 22 | J22: =LOOKUP(I22,#REF!,#REF!) -> #REF! | K22: =((I22-#REF!)/#REF!)*20+100 -> #REF! | L22: =SUM(C22,F22,I22) -> 57 | M22: =SUM(E22,H22,K22) -> #REF! | N22: =RANK(L22,$L$4:$L$40) -> 34 | O22: 10 | P22: 9 | Q22: =(SUM(O22:P22)) -> 19 | R22: =SUM(L22,Q22) -> 76 | S22: =RANK(R22,$R$4:$R$40) -> 35 | U22: 220 | V22: =FREQUENCY($R$4:$R$40,W21:W41) -> 1 | W22: 219
A23: 20 | B23: 양종천 | C23: 26 | D23: =LOOKUP(C23,#REF!,#REF!) -> #REF! | E23: =((C23-#REF!)/#REF!)*20+100 -> #REF! | F23: 42 | G23: =LOOKUP(F23,#REF!,#REF!) -> #REF! | H23: =((F23-#REF!)/#REF!)*20+100 -> #REF! | I23: 15 | J23: =LOOKUP(I23,#REF!,#REF!) -> #REF! | K23: =((I23-#REF!)/#REF!)*20+100 -> #REF! | L23: =SUM(C23,F23,I23) -> 83 | M23: =SUM(E23,H23,K23) -> #REF! | N23: =RANK(L23,$L$4:$L$40) -> 31 | O23: 22 | P23: 19 | Q23: =(SUM(O23:P23)) -> 41 | R23: =SUM(L23,Q23) -> 124 | S23: =RANK(R23,$R$4:$R$40) -> 31 | U23: 210 | V23: =FREQUENCY($R$4:$R$40,W22:W42) -> 1 | W23: 209
A24: 21 | B24: 오인재 | C24: 17 | D24: =LOOKUP(C24,#REF!,#REF!) -> #REF! | E24: =((C24-#REF!)/#REF!)*20+100 -> #REF! | F24: 8 | G24: =LOOKUP(F24,#REF!,#REF!) -> #REF! | H24: =((F24-#REF!)/#REF!)*20+100 -> #REF! | I24: 12 | J24: =LOOKUP(I24,#REF!,#REF!) -> #REF! | K24: =((I24-#REF!)/#REF!)*20+100 -> #REF! | L24: =SUM(C24,F24,I24) -> 37 | M24: =SUM(E24,H24,K24) -> #REF! | N24: =RANK(L24,$L$4:$L$40) -> 37 | O24: 9 | P24: 9 | Q24: =(SUM(O24:P24)) -> 18 | R24: =SUM(L24,Q24) -> 55 | S24: =RANK(R24,$R$4:$R$40) -> 37 | U24: 200 | V24: =FREQUENCY($R$4:$R$40,W23:W43) -> 1 | W24: 199
A25: 22 | B25: 오현승 | C25: 78 | D25: =LOOKUP(C25,#REF!,#REF!) -> #REF! | E25: =((C25-#REF!)/#REF!)*20+100 -> #REF! | F25: 33 | G25: =LOOKUP(F25,#REF!,#REF!) -> #REF! | H25: =((F25-#REF!)/#REF!)*20+100 -> #REF! | I25: 80 | J25: =LOOKUP(I25,#REF!,#REF!) -> #REF! | K25: =((I25-#REF!)/#REF!)*20+100 -> #REF! | L25: =SUM(C25,F25,I25) -> 191 | M25: =SUM(E25,H25,K25) -> #REF! | N25: =RANK(L25,$L$4:$L$40) -> 18 | O25: 33 | P25: 47 | Q25: =(SUM(O25:P25)) -> 80 | R25: =SUM(L25,Q25) -> 271 | S25: =RANK(R25,$R$4:$R$40) -> 16 | U25: 190 | V25: =FREQUENCY($R$4:$R$40,W24:W44) -> 1 | W25: 189
A26: 23 | B26: 유종원 | C26: 91 | D26: =LOOKUP(C26,#REF!,#REF!) -> #REF! | E26: =((C26-#REF!)/#REF!)*20+100 -> #REF! | F26: 49 | G26: =LOOKUP(F26,#REF!,#REF!) -> #REF! | H26: =((F26-#REF!)/#REF!)*20+100 -> #REF! | I26: 84 | J26: =LOOKUP(I26,#REF!,#REF!) -> #REF! | K26: =((I26-#REF!)/#REF!)*20+100 -> #REF! | L26: =SUM(C26,F26,I26) -> 224 | M26: =SUM(E26,H26,K26) -> #REF! | N26: =RANK(L26,$L$4:$L$40) -> 12 | O26: 27 | P26: 39 | Q26: =(SUM(O26:P26)) -> 66 | R26: =SUM(L26,Q26) -> 290 | S26: =RANK(R26,$R$4:$R$40) -> 11 | U26: 190이하 | V26: =FREQUENCY($R$4:$R$40,W25:W45) -> 12
A27: 24 | B27: 윤지환 | C27: 94 | D27: =LOOKUP(C27,#REF!,#REF!) -> #REF! | E27: =((C27-#REF!)/#REF!)*20+100 -> #REF! | F27: 48 | G27: =LOOKUP(F27,#REF!,#REF!) -> #REF! | H27: =((F27-#REF!)/#REF!)*20+100 -> #REF! | I27: 82 | J27: =LOOKUP(I27,#REF!,#REF!) -> #REF! | K27: =((I27-#REF!)/#REF!)*20+100 -> #REF! | L27: =SUM(C27,F27,I27) -> 224 | M27: =SUM(E27,H27,K27) -> #REF! | N27: =RANK(L27,$L$4:$L$40) -> 12 | O27: 36 | P27: 25 | Q27: =(SUM(O27:P27)) -> 61 | R27: =SUM(L27,Q27) -> 285 | S27: =RANK(R27,$R$4:$R$40) -> 12 | U27: 합계 | V27: =SUM(V4:V26) -> 37
A28: 25 | B28: 이경민 | C28: 86 | D28: =LOOKUP(C28,#REF!,#REF!) -> #REF! | E28: =((C28-#REF!)/#REF!)*20+100 -> #REF! | F28: 68 | G28: =LOOKUP(F28,#REF!,#REF!) -> #REF! | H28: =((F28-#REF!)/#REF!)*20+100 -> #REF! | I28: 56 | J28: =LOOKUP(I28,#REF!,#REF!) -> #REF! | K28: =((I28-#REF!)/#REF!)*20+100 -> #REF! | L28: =SUM(C28,F28,I28) -> 210 | M28: =SUM(E28,H28,K28) -> #REF! | N28: =RANK(L28,$L$4:$L$40) -> 15 | O28: 26 | P28: 45 | Q28: =(SUM(O28:P28)) -> 71 | R28: =SUM(L28,Q28) -> 281 | S28: =RANK(R28,$R$4:$R$40) -> 14
A29: 26 | B29: 이승재 | C29: 89 | D29: =LOOKUP(C29,예상등급!$A$5:$A$13,예상등급!$B$5:$B$13) -> 1 | E29: =((C29-예상등급!#REF!)/예상등급!#REF!)*20+100 -> #REF! | F29: 41 | G29: =LOOKUP(F29,예상등급!$D$19:$D$27,예상등급!$E$19:$E$27) -> 1 | H29: =((F29-예상등급!#REF!)/예상등급!#REF!)*20+100 -> #REF! | I29: 63 | J29: =LOOKUP(I29,#REF!,#REF!) -> #REF! | K29: =((I29-#REF!)/#REF!)*20+100 -> #REF! | L29: =SUM(C29,F29,I29) -> 193 | M29: =SUM(E29,H29,K29) -> #REF! | N29: =RANK(L29,$L$4:$L$40) -> 17 | O29: 23 | P29: 28 | Q29: =(SUM(O29:P29)) -> 51 | R29: =SUM(L29,Q29) -> 244 | S29: =RANK(R29,$R$4:$R$40) -> 19
A30: 27 | B30: 이윤우 | C30: 17 | D30: =LOOKUP(C30,#REF!,#REF!) -> #REF! | E30: =((C30-#REF!)/#REF!)*20+100 -> #REF! | F30: 17 | G30: =LOOKUP(F30,#REF!,#REF!) -> #REF! | H30: =((F30-#REF!)/#REF!)*20+100 -> #REF! | I30: 30 | J30: =LOOKUP(I30,#REF!,#REF!) -> #REF! | K30: =((I30-#REF!)/#REF!)*20+100 -> #REF! | L30: =SUM(C30,F30,I30) -> 64 | M30: =SUM(E30,H30,K30) -> #REF! | N30: =RANK(L30,$L$4:$L$40) -> 33 | O30: 10 | P30: 13 | Q30: =(SUM(O30:P30)) -> 23 | R30: =SUM(L30,Q30) -> 87 | S30: =RANK(R30,$R$4:$R$40) -> 34 | U30: 최고점
A31: 28 | B31: 이종석 | C31: 26 | D31: =LOOKUP(C31,#REF!,#REF!) -> #REF! | E31: =((C31-#REF!)/#REF!)*20+100 -> #REF! | F31: 7 | G31: =LOOKUP(F31,#REF!,#REF!) -> #REF! | H31: =((F31-#REF!)/#REF!)*20+100 -> #REF! | I31: 23 | J31: =LOOKUP(I31,#REF!,#REF!) -> #REF! | K31: =((I31-#REF!)/#REF!)*20+100 -> #REF! | L31: =SUM(C31,F31,I31) -> 56 | M31: =SUM(E31,H31,K31) -> #REF! | N31: =RANK(L31,$L$4:$L$40) -> 35 | O31: 14 | P31: 18 | Q31: =(SUM(O31:P31)) -> 32 | R31: =SUM(L31,Q31) -> 88 | S31: =RANK(R31,$R$4:$R$40) -> 33 | U31: =MAX(R4:R40) -> 378
A32: 29 | B32: 이종혁 | C32: 96 | D32: =LOOKUP(C32,#REF!,#REF!) -> #REF! | E32: =((C32-#REF!)/#REF!)*20+100 -> #REF! | F32: 84 | G32: =LOOKUP(F32,#REF!,#REF!) -> #REF! | H32: =((F32-#REF!)/#REF!)*20+100 -> #REF! | I32: 70 | J32: =LOOKUP(I32,#REF!,#REF!) -> #REF! | K32: =((I32-#REF!)/#REF!)*20+100 -> #REF! | L32: =SUM(C32,F32,I32) -> 250 | M32: =SUM(E32,H32,K32) -> #REF! | N32: =RANK(L32,$L$4:$L$40) -> 6 | O32: 30 | P32: 48 | Q32: =(SUM(O32:P32)) -> 78 | R32: =SUM(L32,Q32) -> 328 | S32: =RANK(R32,$R$4:$R$40) -> 5
A33: 30 | B33: 임수빈 | C33: 100 | D33: =LOOKUP(C33,#REF!,#REF!) -> #REF! | E33: =((C33-#REF!)/#REF!)*20+100 -> #REF! | F33: 84 | G33: =LOOKUP(F33,#REF!,#REF!) -> #REF! | H33: =((F33-#REF!)/#REF!)*20+100 -> #REF! | I33: 100 | J33: =LOOKUP(I33,#REF!,#REF!) -> #REF! | K33: =((I33-#REF!)/#REF!)*20+100 -> #REF! | L33: =SUM(C33,F33,I33) -> 284 | M33: =SUM(E33,H33,K33) -> #REF! | N33: =RANK(L33,$L$4:$L$40) -> 2 | O33: 50 | P33: 44 | Q33: =(SUM(O33:P33)) -> 94 | R33: =SUM(L33,Q33) -> 378 | S33: =RANK(R33,$R$4:$R$40) -> 1 | U33: 최하점
A34: 31 | B34: 임재현 | C34: 64 | D34: =LOOKUP(C34,#REF!,#REF!) -> #REF! | E34: =((C34-#REF!)/#REF!)*20+100 -> #REF! | F34: 35 | G34: =LOOKUP(F34,#REF!,#REF!) -> #REF! | H34: =((F34-#REF!)/#REF!)*20+100 -> #REF! | I34: 65 | J34: =LOOKUP(I34,#REF!,#REF!) -> #REF! | K34: =((I34-#REF!)/#REF!)*20+100 -> #REF! | L34: =SUM(C34,F34,I34) -> 164 | M34: =SUM(E34,H34,K34) -> #REF! | N34: =RANK(L34,$L$4:$L$40) -> 24 | O34: 35 | P34: 21 | Q34: =(SUM(O34:P34)) -> 56 | R34: =SUM(L34,Q34) -> 220 | S34: =RANK(R34,$R$4:$R$40) -> 22 | U34: =MIN(R4:R40) -> 55
A35: 32 | B35: 임태윤 | C35: 95 | D35: =LOOKUP(C35,#REF!,#REF!) -> #REF! | E35: =((C35-#REF!)/#REF!)*20+100 -> #REF! | F35: 63 | G35: =LOOKUP(F35,#REF!,#REF!) -> #REF! | H35: =((F35-#REF!)/#REF!)*20+100 -> #REF! | I35: 89 | J35: =LOOKUP(I35,#REF!,#REF!) -> #REF! | K35: =((I35-#REF!)/#REF!)*20+100 -> #REF! | L35: =SUM(C35,F35,I35) -> 247 | M35: =SUM(E35,H35,K35) -> #REF! | N35: =RANK(L35,$L$4:$L$40) -> 7 | O35: 37 | P35: 32 | Q35: =(SUM(O35:P35)) -> 69 | R35: =SUM(L35,Q35) -> 316 | S35: =RANK(R35,$R$4:$R$40) -> 7
A36: 33 | B36: 장효성 | C36: 91 | D36: =LOOKUP(C36,#REF!,#REF!) -> #REF! | E36: =((C36-#REF!)/#REF!)*20+100 -> #REF! | F36: 24 | G36: =LOOKUP(F36,#REF!,#REF!) -> #REF! | H36: =((F36-#REF!)/#REF!)*20+100 -> #REF! | I36: 52 | J36: =LOOKUP(I36,#REF!,#REF!) -> #REF! | K36: =((I36-#REF!)/#REF!)*20+100 -> #REF! | L36: =SUM(C36,F36,I36) -> 167 | M36: =SUM(E36,H36,K36) -> #REF! | N36: =RANK(L36,$L$4:$L$40) -> 22 | O36: 33 | P36: 33 | Q36: =(SUM(O36:P36)) -> 66 | R36: =SUM(L36,Q36) -> 233 | S36: =RANK(R36,$R$4:$R$40) -> 21
A37: 34 | B37: 차주환 | C37: 84 | D37: =LOOKUP(C37,#REF!,#REF!) -> #REF! | E37: =((C37-#REF!)/#REF!)*20+100 -> #REF! | F37: 46 | G37: =LOOKUP(F37,#REF!,#REF!) -> #REF! | H37: =((F37-#REF!)/#REF!)*20+100 -> #REF! | I37: 55 | J37: =LOOKUP(I37,#REF!,#REF!) -> #REF! | K37: =((I37-#REF!)/#REF!)*20+100 -> #REF! | L37: =SUM(C37,F37,I37) -> 185 | M37: =SUM(E37,H37,K37) -> #REF! | N37: =RANK(L37,$L$4:$L$40) -> 19 | O37: 32 | P37: 34 | Q37: =(SUM(O37:P37)) -> 66 | R37: =SUM(L37,Q37) -> 251 | S37: =RANK(R37,$R$4:$R$40) -> 18
A38: 35 | B38: 최정원 | C38: 75 | D38: =LOOKUP(C38,#REF!,#REF!) -> #REF! | E38: =((C38-#REF!)/#REF!)*20+100 -> #REF! | F38: 50 | G38: =LOOKUP(F38,#REF!,#REF!) -> #REF! | H38: =((F38-#REF!)/#REF!)*20+100 -> #REF! | I38: 46 | J38: =LOOKUP(I38,#REF!,#REF!) -> #REF! | K38: =((I38-#REF!)/#REF!)*20+100 -> #REF! | L38: =SUM(C38,F38,I38) -> 171 | M38: =SUM(E38,H38,K38) -> #REF! | N38: =RANK(L38,$L$4:$L$40) -> 21 | O38: 44 | P38: 28 | Q38: =(SUM(O38:P38)) -> 72 | R38: =SUM(L38,Q38) -> 243 | S38: =RANK(R38,$R$4:$R$40) -> 20
A39: 36 | B39: 황재원 | C39: 98 | D39: =LOOKUP(C39,예상등급!$A$5:$A$13,예상등급!$B$5:$B$13) -> 1 | E39: =((C39-예상등급!#REF!)/예상등급!#REF!)*20+100 -> #REF! | F39: 67 | G39: =LOOKUP(F39,예상등급!$D$19:$D$27,예상등급!$E$19:$E$27) -> 1 | H39: =((F39-예상등급!#REF!)/예상등급!#REF!)*20+100 -> #REF! | I39: 72 | J39: =LOOKUP(I39,#REF!,#REF!) -> #REF! | K39: =((I39-#REF!)/#REF!)*20+100 -> #REF! | L39: =SUM(C39,F39,I39) -> 237 | M39: =SUM(E39,H39,K39) -> #REF! | N39: =RANK(L39,$L$4:$L$40) -> 10 | O39: 45 | P39: 34 | Q39: =(SUM(O39:P39)) -> 79 | R39: =SUM(L39,Q39) -> 316 | S39: =RANK(R39,$R$4:$R$40) -> 7
A40: 37 | B40: 황창원 | C40: 43 | D40: =LOOKUP(C40,#REF!,#REF!) -> #REF! | E40: =((C40-#REF!)/#REF!)*20+100 -> #REF! | F40: 38 | G40: =LOOKUP(F40,#REF!,#REF!) -> #REF! | H40: =((F40-#REF!)/#REF!)*20+100 -> #REF! | I40: 51 | J40: =LOOKUP(I40,#REF!,#REF!) -> #REF! | K40: =((I40-#REF!)/#REF!)*20+100 -> #REF! | L40: =SUM(C40,F40,I40) -> 132 | M40: =SUM(E40,H40,K40) -> #REF! | N40: =RANK(L40,$L$4:$L$40) -> 27 | O40: 15 | P40: 13 | Q40: =(SUM(O40:P40)) -> 28 | R40: =SUM(L40,Q40) -> 160 | S40: =RANK(R40,$R$4:$R$40) -> 29
A41: 총점 | C41: =SUM(C4:C40) -> 2601 | D41: =SUM(D4:D40) -> #REF! | E41: =SUM(E4:E40) -> #REF! | F41: =SUM(F4:F40) -> 1666 | G41: =SUM(G4:G40) -> #REF! | H41: =SUM(H4:H40) -> #REF! | I41: =SUM(I4:I40) -> 2254 | J41: =SUM(J4:J40) -> #REF! | ... M41: =SUM(M4:M40) -> #REF! | O41: =SUM(O4:O40) -> 973 | P41: =SUM(P4:P40) -> 1008 | Q41: =SUM(Q4:Q40) -> 1981 | R41: =SUM(R4:R40) -> 8502
A42: 평균 | C42: =AVERAGE(C4:C40) -> 70.297297 | D42: =AVERAGE(D4:D40) -> #REF! | E42: =AVERAGE(E4:E40) -> #REF! | F42: =AVERAGE(F4:F40) -> 45.027027 | G42: =AVERAGE(G4:G40) -> #REF! | H42: =AVERAGE(H4:H40) -> #REF! | I42: =AVERAGE(I4:I40) -> 60.918919 | J42: =AVERAGE(J4:J40) -> #REF! | ... M42: =AVERAGE(M4:M40) -> #REF! | O42: =AVERAGE(O4:O40) -> 26.297297 | P42: =AVERAGE(P4:P40) -> 27.243243 | Q42: =AVERAGE(Q4:Q40) -> 53.540541 | R42: =AVERAGE(R4:R40) -> 229.78378

Sheet 3-10
A1: 수능모의 평가 3학년 10반
A2: 실시일 : 2014. 10. 7
A3: 번 호 | B3: 성 명 | C3: 언어 | D3: 등급 | E3: 표준점수 | F3: 수리 | G3: 등급 | H3: 표준점수 | I3: 외국어 | J3: 등급 | K3: 표준점수 | L3: 언수외 소 계 | M3: 언수외 표준소계 | N3: 언수외석 차 | O3: 탐구영역 | Q3: 탐구소계 | R3: 총점 | S3: 반석차 | U3: 누계표
A4: 1 | B4: 강준모 | C4: 96 | D4: =LOOKUP(C4,#REF!,#REF!) -> #REF! | E4: =((C4-#REF!)/#REF!)*20+100 -> #REF! | F4: 66 | G4: =LOOKUP(F4,#REF!,#REF!) -> #REF! | H4: =((F4-#REF!)/#REF!)*20+100 -> #REF! | I4: 76 | J4: =LOOKUP(I4,#REF!,#REF!) -> #REF! | K4: =((I4-#REF!)/#REF!)*20+100 -> #REF! | L4: =SUM(C4,F4,I4) -> 238 | M4: =SUM(E4,H4,K4) -> #REF! | N4: =RANK(L4,$L$4:$L$40) -> 11 | O4: 42 | P4: 36 | Q4: =(SUM(O4:P4)) -> 78 | R4: =SUM(L4,Q4) -> 316 | S4: =RANK(R4,$R$4:$R$40) -> 10 | U4: 400 | W4: 399
A5: 2 | B5: 국윤성 | C5: 19 | D5: =LOOKUP(C5,#REF!,#REF!) -> #REF! | E5: =((C5-#REF!)/#REF!)*20+100 -> #REF! | F5: 12 | G5: =LOOKUP(F5,#REF!,#REF!) -> #REF! | H5: =((F5-#REF!)/#REF!)*20+100 -> #REF! | I5: 33 | J5: =LOOKUP(I5,#REF!,#REF!) -> #REF! | K5: =((I5-#REF!)/#REF!)*20+100 -> #REF! | L5: =SUM(C5,F5,I5) -> 64 | M5: =SUM(E5,H5,K5) -> #REF! | N5: =RANK(L5,$L$4:$L$40) -> 34 | O5: 10 | P5: 8 | Q5: =(SUM(O5:P5)) -> 18 | R5: =SUM(L5,Q5) -> 82 | S5: =RANK(R5,$R$4:$R$40) -> 34 | U5: 390 | V5: =FREQUENCY($R$4:$R$40,W4:W24) -> 0 | W5: 389
A6: 3 | B6: 김명원 | C6: 82 | D6: =LOOKUP(C6,#REF!,#REF!) -> #REF! | E6: =((C6-#REF!)/#REF!)*20+100 -> #REF! | F6: 48 | G6: =LOOKUP(F6,#REF!,#REF!) -> #REF! | H6: =((F6-#REF!)/#REF!)*20+100 -> #REF! | I6: 69 | J6: =LOOKUP(I6,#REF!,#REF!) -> #REF! | K6: =((I6-#REF!)/#REF!)*20+100 -> #REF! | L6: =SUM(C6,F6,I6) -> 199 | M6: =SUM(E6,H6,K6) -> #REF! | N6: =RANK(L6,$L$4:$L$40) -> 19 | O6: 28 | P6: 21 | Q6: =(SUM(O6:P6)) -> 49 | R6: =SUM(L6,Q6) -> 248 | S6: =RANK(R6,$R$4:$R$40) -> 18 | U6: 380 | V6: =FREQUENCY($R$4:$R$40,W5:W25) -> 2 | W6: 379
A7: 4 | B7: 김백만 | C7: 79 | D7: =LOOKUP(C7,#REF!,#REF!) -> #REF! | E7: =((C7-#REF!)/#REF!)*20+100 -> #REF! | F7: 29 | G7: =LOOKUP(F7,#REF!,#REF!) -> #REF! | H7: =((F7-#REF!)/#REF!)*20+100 -> #REF! | I7: 56 | J7: =LOOKUP(I7,#REF!,#REF!) -> #REF! | K7: =((I7-#REF!)/#REF!)*20+100 -> #REF! | L7: =SUM(C7,F7,I7) -> 164 | M7: =SUM(E7,H7,K7) -> #REF! | N7: =RANK(L7,$L$4:$L$40) -> 25 | O7: 16 | P7: 20 | Q7: =(SUM(O7:P7)) -> 36 | R7: =SUM(L7,Q7) -> 200 | S7: =RANK(R7,$R$4:$R$40) -> 26 | U7: 370 | V7: =FREQUENCY($R$4:$R$40,W6:W26) -> 0 | W7: 369
A8: 5 | B8: 김범희 | C8: 85 | D8: =LOOKUP(C8,#REF!,#REF!) -> #REF! | E8: =((C8-#REF!)/#REF!)*20+100 -> #REF! | F8: 38 | G8: =LOOKUP(F8,#REF!,#REF!) -> #REF! | H8: =((F8-#REF!)/#REF!)*20+100 -> #REF! | I8: 73 | J8: =LOOKUP(I8,#REF!,#REF!) -> #REF! | K8: =((I8-#REF!)/#REF!)*20+100 -> #REF! | L8: =SUM(C8,F8,I8) -> 196 | M8: =SUM(E8,H8,K8) -> #REF! | N8: =RANK(L8,$L$4:$L$40) -> 20 | O8: 31 | P8: 16 | Q8: =(SUM(O8:P8)) -> 47 | R8: =SUM(L8,Q8) -> 243 | S8: =RANK(R8,$R$4:$R$40) -> 20 | U8: 360 | V8: =FREQUENCY($R$4:$R$40,W7:W27) -> 0 | W8: 359
A9: 6 | B9: 김상욱 | C9: 0 | D9: =LOOKUP(C9,#REF!,#REF!) -> #REF! | E9: =((C9-#REF!)/#REF!)*20+100 -> #REF! | F9: 0 | G9: =LOOKUP(F9,#REF!,#REF!) -> #REF! | H9: =((F9-#REF!)/#REF!)*20+100 -> #REF! | I9: 0 | J9: =LOOKUP(I9,#REF!,#REF!) -> #REF! | K9: =((I9-#REF!)/#REF!)*20+100 -> #REF! | L9: =SUM(C9,F9,I9) -> 0 | M9: =SUM(E9,H9,K9) -> #REF! | N9: =RANK(L9,$L$4:$L$40) -> 37 | O9: 0 | P9: 0 | Q9: =(SUM(O9:P9)) -> 0 | R9: =SUM(L9,Q9) -> 0 | S9: =RANK(R9,$R$4:$R$40) -> 37 | U9: 350 | V9: =FREQUENCY($R$4:$R$40,W8:W28) -> 1 | W9: 349
A10: 7 | B10: 김수석 | C10: 93 | D10: =LOOKUP(C10,#REF!,#REF!) -> #REF! | E10: =((C10-#REF!)/#REF!)*20+100 -> #REF! | F10: 26 | G10: =LOOKUP(F10,#REF!,#REF!) -> #REF! | H10: =((F10-#REF!)/#REF!)*20+100 -> #REF! | I10: 52 | J10: =LOOKUP(I10,#REF!,#REF!) -> #REF! | K10: =((I10-#REF!)/#REF!)*20+100 -> #REF! | L10: =SUM(C10,F10,I10) -> 171 | M10: =SUM(E10,H10,K10) -> #REF! | N10: =RANK(L10,$L$4:$L$40) -> 23 | O10: 18 | P10: 14 | Q10: =(SUM(O10:P10)) -> 32 | R10: =SUM(L10,Q10) -> 203 | S10: =RANK(R10,$R$4:$R$40) -> 24 | U10: 340 | V10: =FREQUENCY($R$4:$R$40,W9:W29) -> 1 | W10: 339
A11: 8 | B11: 김승범 | C11: 92 | D11: =LOOKUP(C11,#REF!,#REF!) -> #REF! | E11: =((C11-#REF!)/#REF!)*20+100 -> #REF! | F11: 84 | G11: =LOOKUP(F11,#REF!,#REF!) -> #REF! | H11: =((F11-#REF!)/#REF!)*20+100 -> #REF! | I11: 93 | J11: =LOOKUP(I11,#REF!,#REF!) -> #REF! | K11: =((I11-#REF!)/#REF!)*20+100 -> #REF! | L11: =SUM(C11,F11,I11) -> 269 | M11: =SUM(E11,H11,K11) -> #REF! | N11: =RANK(L11,$L$4:$L$40) -> 3 | O11: 50 | P11: 36 | Q11: =(SUM(O11:P11)) -> 86 | R11: =SUM(L11,Q11) -> 355 | S11: =RANK(R11,$R$4:$R$40) -> 3 | U11: 330 | V11: =FREQUENCY($R$4:$R$40,W10:W30) -> 1 | W11: 329
A12: 9 | B12: 김신겸 | C12: 84 | D12: =LOOKUP(C12,#REF!,#REF!) -> #REF! | E12: =((C12-#REF!)/#REF!)*20+100 -> #REF! | F12: 80 | G12: =LOOKUP(F12,#REF!,#REF!) -> #REF! | H12: =((F12-#REF!)/#REF!)*20+100 -> #REF! | I12: 80 | J12: =LOOKUP(I12,#REF!,#REF!) -> #REF! | K12: =((I12-#REF!)/#REF!)*20+100 -> #REF! | L12: =SUM(C12,F12,I12) -> 244 | M12: =SUM(E12,H12,K12) -> #REF! | N12: =RANK(L12,$L$4:$L$40) -> 7 | O12: 37 | P12: 27 | Q12: =(SUM(O12:P12)) -> 64 | R12: =SUM(L12,Q12) -> 308 | S12: =RANK(R12,$R$4:$R$40) -> 11 | U12: 320 | V12: =FREQUENCY($R$4:$R$40,W11:W31) -> 3 | W12: 319
A13: 10 | B13: 김재중 | C13: 63 | D13: =LOOKUP(C13,#REF!,#REF!) -> #REF! | E13: =((C13-#REF!)/#REF!)*20+100 -> #REF! | F13: 33 | G13: =LOOKUP(F13,#REF!,#REF!) -> #REF! | H13: =((F13-#REF!)/#REF!)*20+100 -> #REF! | I13: 29 | J13: =LOOKUP(I13,#REF!,#REF!) -> #REF! | K13: =((I13-#REF!)/#REF!)*20+100 -> #REF! | L13: =SUM(C13,F13,I13) -> 125 | M13: =SUM(E13,H13,K13) -> #REF! | N13: =RANK(L13,$L$4:$L$40) -> 30 | O13: 10 | P13: 18 | Q13: =(SUM(O13:P13)) -> 28 | R13: =SUM(L13,Q13) -> 153 | S13: =RANK(R13,$R$4:$R$40) -> 30 | U13: 310 | V13: =FREQUENCY($R$4:$R$40,W12:W32) -> 2 | W13: 309
A14: 11 | B14: 김청운 | C14: 89 | D14: =LOOKUP(C14,예상등급!$A$5:$A$13,예상등급!$B$5:$B$13) -> 1 | E14: =((C14-예상등급!#REF!)/예상등급!#REF!)*20+100 -> #REF! | F14: 65 | G14: =LOOKUP(F14,예상등급!$D$19:$D$27,예상등급!$E$19:$E$27) -> 1 | H14: =((F14-예상등급!#REF!)/예상등급!#REF!)*20+100 -> #REF! | I14: 87 | J14: =LOOKUP(I14,#REF!,#REF!) -> #REF! | K14: =((I14-#REF!)/#REF!)*20+100 -> #REF! | L14: =SUM(C14,F14,I14) -> 241 | M14: =SUM(E14,H14,K14) -> #REF! | N14: =RANK(L14,$L$4:$L$40) -> 8 | O14: 41 | P14: 37 | Q14: =(SUM(O14:P14)) -> 78 | R14: =SUM(L14,Q14) -> 319 | S14: =RANK(R14,$R$4:$R$40) -> 9 | U14: 300 | V14: =FREQUENCY($R$4:$R$40,W13:W33) -> 1 | W14: 299
A15: 12 | B15: 문한인 | C15: 89 | D15: =LOOKUP(C15,#REF!,#REF!) -> #REF! | E15: =((C15-#REF!)/#REF!)*20+100 -> #REF! | F15: 62 | G15: =LOOKUP(F15,#REF!,#REF!) -> #REF! | H15: =((F15-#REF!)/#REF!)*20+100 -> #REF! | I15: 88 | J15: =LOOKUP(I15,#REF!,#REF!) -> #REF! | K15: =((I15-#REF!)/#REF!)*20+100 -> #REF! | L15: =SUM(C15,F15,I15) -> 239 | M15: =SUM(E15,H15,K15) -> #REF! | N15: =RANK(L15,$L$4:$L$40) -> 10 | O15: 45 | P15: 48 | Q15: =(SUM(O15:P15)) -> 93 | R15: =SUM(L15,Q15) -> 332 | S15: =RANK(R15,$R$4:$R$40) -> 5 | U15: 290 | V15: =FREQUENCY($R$4:$R$40,W14:W34) -> 1 | W15: 289
A16: 13 | B16: 박상진 | C16: 98 | D16: =LOOKUP(C16,#REF!,#REF!) -> #REF! | E16: =((C16-#REF!)/#REF!)*20+100 -> #REF! | F16: 92 | G16: =LOOKUP(F16,#REF!,#REF!) -> #REF! | H16: =((F16-#REF!)/#REF!)*20+100 -> #REF! | I16: 73 | J16: =LOOKUP(I16,#REF!,#REF!) -> #REF! | K16: =((I16-#REF!)/#REF!)*20+100 -> #REF! | L16: =SUM(C16,F16,I16) -> 263 | M16: =SUM(E16,H16,K16) -> #REF! | N16: =RANK(L16,$L$4:$L$40) -> 4 | O16: 33 | P16: 44 | Q16: =(SUM(O16:P16)) -> 77 | R16: =SUM(L16,Q16) -> 340 | S16: =RANK(R16,$R$4:$R$40) -> 4 | U16: 280 | V16: =FREQUENCY($R$4:$R$40,W15:W35) -> 0 | W16: 279
A17: 14 | B17: 박지웅 | C17: 89 | D17: =LOOKUP(C17,#REF!,#REF!) -> #REF! | E17: =((C17-#REF!)/#REF!)*20+100 -> #REF! | F17: 46 | G17: =LOOKUP(F17,#REF!,#REF!) -> #REF! | H17: =((F17-#REF!)/#REF!)*20+100 -> #REF! | I17: 68 | J17: =LOOKUP(I17,#REF!,#REF!) -> #REF! | K17: =((I17-#REF!)/#REF!)*20+100 -> #REF! | L17: =SUM(C17,F17,I17) -> 203 | M17: =SUM(E17,H17,K17) -> #REF! | N17: =RANK(L17,$L$4:$L$40) -> 18 | O17: 27 | P17: 26 | Q17: =(SUM(O17:P17)) -> 53 | R17: =SUM(L17,Q17) -> 256 | S17: =RANK(R17,$R$4:$R$40) -> 16 | U17: 270 | V17: =FREQUENCY($R$4:$R$40,W16:W36) -> 1 | W17: 269
A18: 15 | B18: 박진수 | C18: 100 | D18: =LOOKUP(C18,#REF!,#REF!) -> #REF! | E18: =((C18-#REF!)/#REF!)*20+100 -> #REF! | F18: 96 | G18: =LOOKUP(F18,#REF!,#REF!) -> #REF! | H18: =((F18-#REF!)/#REF!)*20+100 -> #REF! | I18: 95 | J18: =LOOKUP(I18,#REF!,#REF!) -> #REF! | K18: =((I18-#REF!)/#REF!)*20+100 -> #REF! | L18: =SUM(C18,F18,I18) -> 291 | M18: =SUM(E18,H18,K18) -> #REF! | N18: =RANK(L18,$L$4:$L$40) -> 1 | O18: 46 | P18: 43 | Q18: =(SUM(O18:P18)) -> 89 | R18: =SUM(L18,Q18) -> 380 | S18: =RANK(R18,$R$4:$R$40) -> 2 | U18: 260 | V18: =FREQUENCY($R$4:$R$40,W17:W37) -> 2 | W18: 259
A19: 16 | B19: 박희상 | C19: 91 | D19: =LOOKUP(C19,#REF!,#REF!) -> #REF! | E19: =((C19-#REF!)/#REF!)*20+100 -> #REF! | F19: 38 | G19: =LOOKUP(F19,#REF!,#REF!) -> #REF! | H19: =((F19-#REF!)/#REF!)*20+100 -> #REF! | I19: 86 | J19: =LOOKUP(I19,#REF!,#REF!) -> #REF! | K19: =((I19-#REF!)/#REF!)*20+100 -> #REF! | L19: =SUM(C19,F19,I19) -> 215 | M19: =SUM(E19,H19,K19) -> #REF! | N19: =RANK(L19,$L$4:$L$40) -> 15 | O19: 17 | P19: 28 | Q19: =(SUM(O19:P19)) -> 45 | R19: =SUM(L19,Q19) -> 260 | S19: =RANK(R19,$R$4:$R$40) -> 15 | U19: 250 | V19: =FREQUENCY($R$4:$R$40,W18:W40) -> 2 | W19: 249
A20: 17 | B20: 서문현주 | C20: 79 | D20: =LOOKUP(C20,#REF!,#REF!) -> #REF! | E20: =((C20-#REF!)/#REF!)*20+100 -> #REF! | F20: 16 | G20: =LOOKUP(F20,#REF!,#REF!) -> #REF! | H20: =((F20-#REF!)/#REF!)*20+100 -> #REF! | I20: 69 | J20: =LOOKUP(I20,#REF!,#REF!) -> #REF! | K20: =((I20-#REF!)/#REF!)*20+100 -> #REF! | L20: =SUM(C20,F20,I20) -> 164 | M20: =SUM(E20,H20,K20) -> #REF! | N20: =RANK(L20,$L$4:$L$40) -> 25 | O20: 18 | P20: 19 | Q20: =(SUM(O20:P20)) -> 37 | R20: =SUM(L20,Q20) -> 201 | S20: =RANK(R20,$R$4:$R$40) -> 25 | U20: 240 | V20: =FREQUENCY($R$4:$R$40,W19:W40) -> 4 | W20: 239
A21: 18 | B21: 성호연 | C21: 85 | D21: =LOOKUP(C21,#REF!,#REF!) -> #REF! | E21: =((C21-#REF!)/#REF!)*20+100 -> #REF! | F21: 58 | G21: =LOOKUP(F21,#REF!,#REF!) -> #REF! | H21: =((F21-#REF!)/#REF!)*20+100 -> #REF! | I21: 80 | J21: =LOOKUP(I21,#REF!,#REF!) -> #REF! | K21: =((I21-#REF!)/#REF!)*20+100 -> #REF! | L21: =SUM(C21,F21,I21) -> 223 | M21: =SUM(E21,H21,K21) -> #REF! | N21: =RANK(L21,$L$4:$L$40) -> 13 | O21: 42 | P21: 27 | Q21: =(SUM(O21:P21)) -> 69 | R21: =SUM(L21,Q21) -> 292 | S21: =RANK(R21,$R$4:$R$40) -> 12 | U21: 230 | V21: =FREQUENCY($R$4:$R$40,W20:W40) -> 1 | W21: 229
A22: 19 | B22: 손상민 | C22: 87 | D22: =LOOKUP(C22,#REF!,#REF!) -> #REF! | E22: =((C22-#REF!)/#REF!)*20+100 -> #REF! | F22: 33 | G22: =LOOKUP(F22,#REF!,#REF!) -> #REF! | H22: =((F22-#REF!)/#REF!)*20+100 -> #REF! | I22: 74 | J22: =LOOKUP(I22,#REF!,#REF!) -> #REF! | K22: =((I22-#REF!)/#REF!)*20+100 -> #REF! | L22: =SUM(C22,F22,I22) -> 194 | M22: =SUM(E22,H22,K22) -> #REF! | N22: =RANK(L22,$L$4:$L$40) -> 21 | O22: 21 | P22: 38 | Q22: =(SUM(O22:P22)) -> 59 | R22: =SUM(L22,Q22) -> 253 | S22: =RANK(R22,$R$4:$R$40) -> 17 | U22: 220 | V22: =FREQUENCY($R$4:$R$40,W21:W41) -> 1 | W22: 219
A23: 20 | B23: 손원기 | C23: 96 | D23: =LOOKUP(C23,#REF!,#REF!) -> #REF! | E23: =((C23-#REF!)/#REF!)*20+100 -> #REF! | F23: 77 | G23: =LOOKUP(F23,#REF!,#REF!) -> #REF! | H23: =((F23-#REF!)/#REF!)*20+100 -> #REF! | I23: 67 | J23: =LOOKUP(I23,#REF!,#REF!) -> #REF! | K23: =((I23-#REF!)/#REF!)*20+100 -> #REF! | L23: =SUM(C23,F23,I23) -> 240 | M23: =SUM(E23,H23,K23) -> #REF! | N23: =RANK(L23,$L$4:$L$40) -> 9 | O23: 45 | P23: 42 | Q23: =(SUM(O23:P23)) -> 87 | R23: =SUM(L23,Q23) -> 327 | S23: =RANK(R23,$R$4:$R$40) -> 7 | U23: 210 | V23: =FREQUENCY($R$4:$R$40,W22:W42) -> 0 | W23: 209
A24: 21 | B24: 송광석 | C24: 44 | D24: =LOOKUP(C24,#REF!,#REF!) -> #REF! | E24: =((C24-#REF!)/#REF!)*20+100 -> #REF! | F24: 15 | G24: =LOOKUP(F24,#REF!,#REF!) -> #REF! | H24: =((F24-#REF!)/#REF!)*20+100 -> #REF! | I24: 40 | J24: =LOOKUP(I24,#REF!,#REF!) -> #REF! | K24: =((I24-#REF!)/#REF!)*20+100 -> #REF! | L24: =SUM(C24,F24,I24) -> 99 | M24: =SUM(E24,H24,K24) -> #REF! | N24: =RANK(L24,$L$4:$L$40) -> 31 | O24: 12 | P24: 15 | Q24: =(SUM(O24:P24)) -> 27 | R24: =SUM(L24,Q24) -> 126 | S24: =RANK(R24,$R$4:$R$40) -> 31 | U24: 200 | V24: =FREQUENCY($R$4:$R$40,W23:W43) -> 3 | W24: 199
A25: 22 | B25: 신찬호 | C25: 14 | D25: =LOOKUP(C25,#REF!,#REF!) -> #REF! | E25: =((C25-#REF!)/#REF!)*20+100 -> #REF! | F25: 15 | G25: =LOOKUP(F25,#REF!,#REF!) -> #REF! | H25: =((F25-#REF!)/#REF!)*20+100 -> #REF! | I25: 15 | J25: =LOOKUP(I25,#REF!,#REF!) -> #REF! | K25: =((I25-#REF!)/#REF!)*20+100 -> #REF! | L25: =SUM(C25,F25,I25) -> 44 | M25: =SUM(E25,H25,K25) -> #REF! | N25: =RANK(L25,$L$4:$L$40) -> 36 | O25: 16 | P25: 11 | Q25: =(SUM(O25:P25)) -> 27 | R25: =SUM(L25,Q25) -> 71 | S25: =RANK(R25,$R$4:$R$40) -> 36 | U25: 190 | V25: =FREQUENCY($R$4:$R$40,W24:W44) -> 1 | W25: 189
A26: 23 | B26: 오예훈 | C26: 87 | D26: =LOOKUP(C26,#REF!,#REF!) -> #REF! | E26: =((C26-#REF!)/#REF!)*20+100 -> #REF! | F26: 33 | G26: =LOOKUP(F26,#REF!,#REF!) -> #REF! | H26: =((F26-#REF!)/#REF!)*20+100 -> #REF! | I26: 69 | J26: =LOOKUP(I26,#REF!,#REF!) -> #REF! | K26: =((I26-#REF!)/#REF!)*20+100 -> #REF! | L26: =SUM(C26,F26,I26) -> 189 | M26: =SUM(E26,H26,K26) -> #REF! | N26: =RANK(L26,$L$4:$L$40) -> 22 | O26: 27 | P26: 27 | Q26: =(SUM(O26:P26)) -> 54 | R26: =SUM(L26,Q26) -> 243 | S26: =RANK(R26,$R$4:$R$40) -> 20 | U26: 190이하 | V26: =FREQUENCY($R$4:$R$40,W25:W45) -> 10
A27: 24 | B27: 윤승환 | C27: 21 | D27: =LOOKUP(C27,#REF!,#REF!) -> #REF! | E27: =((C27-#REF!)/#REF!)*20+100 -> #REF! | F27: 13 | G27: =LOOKUP(F27,#REF!,#REF!) -> #REF! | H27: =((F27-#REF!)/#REF!)*20+100 -> #REF! | I27: 37 | J27: =LOOKUP(I27,#REF!,#REF!) -> #REF! | K27: =((I27-#REF!)/#REF!)*20+100 -> #REF! | L27: =SUM(C27,F27,I27) -> 71 | M27: =SUM(E27,H27,K27) -> #REF! | N27: =RANK(L27,$L$4:$L$40) -> 32 | O27: 10 | P27: 10 | Q27: =(SUM(O27:P27)) -> 20 | R27: =SUM(L27,Q27) -> 91 | S27: =RANK(R27,$R$4:$R$40) -> 32 | U27: 합계 | V27: =SUM(V4:V26) -> 37
A28: 25 | B28: 이규헌 | C28: 22 | D28: =LOOKUP(C28,#REF!,#REF!) -> #REF! | E28: =((C28-#REF!)/#REF!)*20+100 -> #REF! | F28: 13 | G28: =LOOKUP(F28,#REF!,#REF!) -> #REF! | H28: =((F28-#REF!)/#REF!)*20+100 -> #REF! | I28: 28 | J28: =LOOKUP(I28,#REF!,#REF!) -> #REF! | K28: =((I28-#REF!)/#REF!)*20+100 -> #REF! | L28: =SUM(C28,F28,I28) -> 63 | M28: =SUM(E28,H28,K28) -> #REF! | N28: =RANK(L28,$L$4:$L$40) -> 35 | O28: 10 | P28: 9 | Q28: =(SUM(O28:P28)) -> 19 | R28: =SUM(L28,Q28) -> 82 | S28: =RANK(R28,$R$4:$R$40) -> 34
A29: 26 | B29: 이상준 | C29: 73 | D29: =LOOKUP(C29,#REF!,#REF!) -> #REF! | E29: =((C29-#REF!)/#REF!)*20+100 -> #REF! | F29: 15 | G29: =LOOKUP(F29,#REF!,#REF!) -> #REF! | H29: =((F29-#REF!)/#REF!)*20+100 -> #REF! | I29: 55 | J29: =LOOKUP(I29,#REF!,#REF!) -> #REF! | K29: =((I29-#REF!)/#REF!)*20+100 -> #REF! | L29: =SUM(C29,F29,I29) -> 143 | M29: =SUM(E29,H29,K29) -> #REF! | N29: =RANK(L29,$L$4:$L$40) -> 29 | O29: 11 | P29: 7 | Q29: =(SUM(O29:P29)) -> 18 | R29: =SUM(L29,Q29) -> 161 | S29: =RANK(R29,$R$4:$R$40) -> 29
A30: 27 | B30: 이승훈 | C30: 82 | D30: =LOOKUP(C30,#REF!,#REF!) -> #REF! | E30: =((C30-#REF!)/#REF!)*20+100 -> #REF! | F30: 32 | G30: =LOOKUP(F30,#REF!,#REF!) -> #REF! | H30: =((F30-#REF!)/#REF!)*20+100 -> #REF! | I30: 57 | J30: =LOOKUP(I30,#REF!,#REF!) -> #REF! | K30: =((I30-#REF!)/#REF!)*20+100 -> #REF! | L30: =SUM(C30,F30,I30) -> 171 | M30: =SUM(E30,H30,K30) -> #REF! | N30: =RANK(L30,$L$4:$L$40) -> 23 | O30: 33 | P30: 30 | Q30: =(SUM(O30:P30)) -> 63 | R30: =SUM(L30,Q30) -> 234 | S30: =RANK(R30,$R$4:$R$40) -> 22 | U30: 최고점
A31: 28 | B31: 이재혁 | C31: 95 | D31: =LOOKUP(C31,#REF!,#REF!) -> #REF! | E31: =((C31-#REF!)/#REF!)*20+100 -> #REF! | F31: 45 | G31: =LOOKUP(F31,#REF!,#REF!) -> #REF! | H31: =((F31-#REF!)/#REF!)*20+100 -> #REF! | I31: 86 | J31: =LOOKUP(I31,#REF!,#REF!) -> #REF! | K31: =((I31-#REF!)/#REF!)*20+100 -> #REF! | L31: =SUM(C31,F31,I31) -> 226 | M31: =SUM(E31,H31,K31) -> #REF! | N31: =RANK(L31,$L$4:$L$40) -> 12 | O31: 37 | P31: 13 | Q31: =(SUM(O31:P31)) -> 50 | R31: =SUM(L31,Q31) -> 276 | S31: =RANK(R31,$R$4:$R$40) -> 13 | U31: =MAX(R4:R40) -> 383
A32: 29 | B32: 이정석 | C32: 73 | D32: =LOOKUP(C32,#REF!,#REF!) -> #REF! | E32: =((C32-#REF!)/#REF!)*20+100 -> #REF! | F32: 25 | G32: =LOOKUP(F32,#REF!,#REF!) -> #REF! | H32: =((F32-#REF!)/#REF!)*20+100 -> #REF! | I32: 54 | J32: =LOOKUP(I32,#REF!,#REF!) -> #REF! | K32: =((I32-#REF!)/#REF!)*20+100 -> #REF! | L32: =SUM(C32,F32,I32) -> 152 | M32: =SUM(E32,H32,K32) -> #REF! | N32: =RANK(L32,$L$4:$L$40) -> 27 | O32: 22 | P32: 14 | Q32: =(SUM(O32:P32)) -> 36 | R32: =SUM(L32,Q32) -> 188 | S32: =RANK(R32,$R$4:$R$40) -> 28
A33: 30 | B33: 정재현 | C33: 95 | D33: =LOOKUP(C33,#REF!,#REF!) -> #REF! | E33: =((C33-#REF!)/#REF!)*20+100 -> #REF! | F33: 35 | G33: =LOOKUP(F33,#REF!,#REF!) -> #REF! | H33: =((F33-#REF!)/#REF!)*20+100 -> #REF! | I33: 78 | J33: =LOOKUP(I33,#REF!,#REF!) -> #REF! | K33: =((I33-#REF!)/#REF!)*20+100 -> #REF! | L33: =SUM(C33,F33,I33) -> 208 | M33: =SUM(E33,H33,K33) -> #REF! | N33: =RANK(L33,$L$4:$L$40) -> 17 | O33: 13 | P33: 0 | Q33: =(SUM(O33:P33)) -> 13 | R33: =SUM(L33,Q33) -> 221 | S33: =RANK(R33,$R$4:$R$40) -> 23 | U33: 최하점
A34: 31 | B34: 조강현 | C34: 83 | D34: =LOOKUP(C34,#REF!,#REF!) -> #REF! | E34: =((C34-#REF!)/#REF!)*20+100 -> #REF! | F34: 27 | G34: =LOOKUP(F34,#REF!,#REF!) -> #REF! | H34: =((F34-#REF!)/#REF!)*20+100 -> #REF! | I34: 39 | J34: =LOOKUP(I34,#REF!,#REF!) -> #REF! | K34: =((I34-#REF!)/#REF!)*20+100 -> #REF! | L34: =SUM(C34,F34,I34) -> 149 | M34: =SUM(E34,H34,K34) -> #REF! | N34: =RANK(L34,$L$4:$L$40) -> 28 | O34: 23 | P34: 18 | Q34: =(SUM(O34:P34)) -> 41 | R34: =SUM(L34,Q34) -> 190 | S34: =RANK(R34,$R$4:$R$40) -> 27 | U34: =MIN(R4:R40) -> 0
A35: 32 | B35: 조주형 | C35: 95 | D35: =LOOKUP(C35,#REF!,#REF!) -> #REF! | E35: =((C35-#REF!)/#REF!)*20+100 -> #REF! | F35: 73 | G35: =LOOKUP(F35,#REF!,#REF!) -> #REF! | H35: =((F35-#REF!)/#REF!)*20+100 -> #REF! | I35: 91 | J35: =LOOKUP(I35,#REF!,#REF!) -> #REF! | K35: =((I35-#REF!)/#REF!)*20+100 -> #REF! | L35: =SUM(C35,F35,I35) -> 259 | M35: =SUM(E35,H35,K35) -> #REF! | N35: =RANK(L35,$L$4:$L$40) -> 5 | O35: 38 | P35: 32 | Q35: =(SUM(O35:P35)) -> 70 | R35: =SUM(L35,Q35) -> 329 | S35: =RANK(R35,$R$4:$R$40) -> 6
A36: 33 | B36: 최낙현 | C36: 29 | D36: =LOOKUP(C36,#REF!,#REF!) -> #REF! | E36: =((C36-#REF!)/#REF!)*20+100 -> #REF! | F36: 15 | G36: =LOOKUP(F36,예상등급!$D$19:$D$27,예상등급!$E$19:$E$27) -> 6 | H36: =((F36-예상등급!#REF!)/예상등급!#REF!)*20+100 -> #REF! | I36: 24 | J36: =LOOKUP(I36,#REF!,#REF!) -> #REF! | K36: =((I36-#REF!)/#REF!)*20+100 -> #REF! | L36: =SUM(C36,F36,I36) -> 68 | M36: =SUM(E36,H36,K36) -> #REF! | N36: =RANK(L36,$L$4:$L$40) -> 33 | O36: 9 | P36: 10 | Q36: =(SUM(O36:P36)) -> 19 | R36: =SUM(L36,Q36) -> 87 | S36: =RANK(R36,$R$4:$R$40) -> 33
A37: 34 | B37: 최영훈 | C37: 96 | D37: =LOOKUP(C37,#REF!,#REF!) -> #REF! | E37: =((C37-#REF!)/#REF!)*20+100 -> #REF! | F37: 61 | G37: =LOOKUP(F37,#REF!,#REF!) -> #REF! | H37: =((F37-#REF!)/#REF!)*20+100 -> #REF! | I37: 92 | J37: =LOOKUP(I37,#REF!,#REF!) -> #REF! | K37: =((I37-#REF!)/#REF!)*20+100 -> #REF! | L37: =SUM(C37,F37,I37) -> 249 | M37: =SUM(E37,H37,K37) -> #REF! | N37: =RANK(L37,$L$4:$L$40) -> 6 | O37: 42 | P37: 33 | Q37: =(SUM(O37:P37)) -> 75 | R37: =SUM(L37,Q37) -> 324 | S37: =RANK(R37,$R$4:$R$40) -> 8
A38: 35 | B38: 최정빈 | C38: 88 | D38: =LOOKUP(C38,#REF!,#REF!) -> #REF! | E38: =((C38-#REF!)/#REF!)*20+100 -> #REF! | F38: 43 | G38: =LOOKUP(F38,#REF!,#REF!) -> #REF! | H38: =((F38-#REF!)/#REF!)*20+100 -> #REF! | I38: 79 | J38: =LOOKUP(I38,#REF!,#REF!) -> #REF! | K38: =((I38-#REF!)/#REF!)*20+100 -> #REF! | L38: =SUM(C38,F38,I38) -> 210 | M38: =SUM(E38,H38,K38) -> #REF! | N38: =RANK(L38,$L$4:$L$40) -> 16 | O38: 22 | P38: 12 | Q38: =(SUM(O38:P38)) -> 34 | R38: =SUM(L38,Q38) -> 244 | S38: =RANK(R38,$R$4:$R$40) -> 19
A39: 36 | B39: 한상진 | C39: 98 | D39: =LOOKUP(C39,#REF!,#REF!) -> #REF! | E39: =((C39-#REF!)/#REF!)*20+100 -> #REF! | F39: 88 | G39: =LOOKUP(F39,#REF!,#REF!) -> #REF! | H39: =((F39-#REF!)/#REF!)*20+100 -> #REF! | I39: 100 | J39: =LOOKUP(I39,#REF!,#REF!) -> #REF! | K39: =((I39-#REF!)/#REF!)*20+100 -> #REF! | L39: =SUM(C39,F39,I39) -> 286 | M39: =SUM(E39,H39,K39) -> #REF! | N39: =RANK(L39,$L$4:$L$40) -> 2 | O39: 50 | P39: 47 | Q39: =(SUM(O39:P39)) -> 97 | R39: =SUM(L39,Q39) -> 383 | S39: =RANK(R39,$R$4:$R$40) -> 1
A40: 37 | B40: 황인성 | C40: 81 | D40: =LOOKUP(C40,#REF!,#REF!) -> #REF! | E40: =((C40-#REF!)/#REF!)*20+100 -> #REF! | F40: 52 | G40: =LOOKUP(F40,#REF!,#REF!) -> #REF! | H40: =((F40-#REF!)/#REF!)*20+100 -> #REF! | I40: 85 | J40: =LOOKUP(I40,#REF!,#REF!) -> #REF! | K40: =((I40-#REF!)/#REF!)*20+100 -> #REF! | L40: =SUM(C40,F40,I40) -> 218 | M40: =SUM(E40,H40,K40) -> #REF! | N40: =RANK(L40,$L$4:$L$40) -> 14 | O40: 29 | P40: 19 | Q40: =(SUM(O40:P40)) -> 48 | R40: =SUM(L40,Q40) -> 266 | S40: =RANK(R40,$R$4:$R$40) -> 14
A41: 총점 | C41: =SUM(C4:C40) -> 2772 | D41: =SUM(D4:D40) -> #REF! | E41: =SUM(E4:E40) -> #REF! | F41: =SUM(F4:F40) -> 1599 | G41: =SUM(G4:G40) -> #REF! | H41: =SUM(H4:H40) -> #REF! | I41: =SUM(I4:I40) -> 2377 | J41: =SUM(J4:J40) -> #REF! | ... M41: =SUM(M4:M40) -> #REF! | O41: =SUM(O4:O40) -> 981 | P41: =SUM(P4:P40) -> 855 | Q41: =SUM(Q4:Q40) -> 1836 | R41: =SUM(R4:R40) -> 8584
A42: 평균 | C42: =AVERAGE(C4:C40) -> 74.918919 | D42: =AVERAGE(D4:D40) -> #REF! | E42: =AVERAGE(E4:E40) -> #REF! | F42: =AVERAGE(F4:F40) -> 43.216216 | G42: =AVERAGE(G4:G40) -> #REF! | H42: =AVERAGE(H4:H40) -> #REF! | I42: =AVERAGE(I4:I40) -> 64.243243 | J42: =AVERAGE(J4:J40) -> #REF! | ... M42: =AVERAGE(M4:M40) -> #REF! | O42: =AVERAGE(O4:O40) -> 26.513514 | P42: =AVERAGE(P4:P40) -> 23.108108 | Q42: =AVERAGE(Q4:Q40) -> 49.621622 | R42: =AVERAGE(R4:R40) -> 232

Sheet 예상등급
A1: 화법과작문 | D1: 영어 | G1: 생활과윤리 | J1: 윤리와사상 | M1: 세계지리 | P1: 한국지리 | S1: 세계사 | V1: 동아시아사 | Y1: 정치와법 | AB1: 경제 | AE1: 사회문화 | AH1: 물리학I | AK1: 화학I | AN1: 생명과학I | AQ1: 지구과학I
A3: 최소 | B3: 등급 | D3: 최소 | E3: 등급 | G3: 최소 | H3: 등급 | J3: 최소 | K3: 등급 | M3: 최소 | N3: 등급 | P3: 최소 | Q3: 등급 | S3: 최소 | T3: 등급 | V3: 최소 | W3: 등급 | Y3: 최소 | Z3: 등급 | AB3: 최소 | AC3: 등급 | AE3: 최소 | AF3: 등급 | AH3: 최소 | AI3: 등급 | AK3: 최소 | AL3: 등급 | AN3: 최소 | AO3: 등급 | AQ3: 최소 | AR3: 등급
A5: 0 | B5: 9 | D5: 0 | E5: 9 | G5: 0 | H5: 9 | J5: 0 | K5: 9 | M5: 0 | N5: 9 | P5: 0 | Q5: 9 | S5: 0 | T5: 9 | V5: 0 | W5: 9 | Y5: 0 | Z5: 9 | AB5: 0 | AC5: 9 | AE5: 0 | AF5: 9 | AH5: 0 | AI5: 9 | AK5: 0 | AL5: 9 | AN5: 0 | AO5: 9 | AQ5: 0 | AR5: 9
A6: 16 | B6: 8 | D6: 20 | E6: 8 | G6: 6 | H6: 8 | J6: 6 | K6: 8 | M6: 7 | N6: 8 | P6: 6 | Q6: 8 | S6: 6 | T6: 8 | V6: 6 | W6: 8 | Y6: 5 | Z6: 8 | AB6: 5 | AC6: 8 | AE6: 7 | AF6: 8 | AH6: 6 | AI6: 8 | AK6: 5 | AL6: 8 | AN6: 7 | AO6: 8 | AQ6: 6 | AR6: 8
A7: 22 | B7: 7 | D7: 30 | E7: 7 | G7: 10 | H7: 7 | J7: 8 | K7: 7 | M7: 9 | N7: 7 | P7: 8 | Q7: 7 | S7: 9 | T7: 7 | V7: 8 | W7: 7 | Y7: 9 | Z7: 7 | AB7: 8 | AC7: 7 | AE7: 9 | AF7: 7 | AH7: 8 | AI7: 7 | AK7: 7 | AL7: 7 | AN7: 11 | AO7: 7 | AQ7: 9 | AR7: 7
A8: 30 | B8: 6 | D8: 40 | E8: 6 | G8: 13 | H8: 6 | J8: 10 | K8: 6 | M8: 12 | N8: 6 | P8: 11 | Q8: 6 | S8: 12 | T8: 6 | V8: 10 | W8: 6 | Y8: 12 | Z8: 6 | AB8: 10 | AC8: 6 | AE8: 13 | AF8: 6 | AH8: 12 | AI8: 6 | AK8: 12 | AL8: 6 | AN8: 14 | AO8: 6 | AQ8: 12 | AR8: 6
A9: 41 | B9: 5 | D9: 50 | E9: 5 | G9: 19 | H9: 5 | J9: 14 | K9: 5 | M9: 17 | N9: 5 | P9: 13 | Q9: 5 | S9: 16 | T9: 5 | V9: 15 | W9: 5 | Y9: 15 | Z9: 5 | AB9: 12 | AC9: 5 | AE9: 19 | AF9: 5 | AH9: 15 | AI9: 5 | AK9: 14 | AL9: 5 | AN9: 19 | AO9: 5 | AQ9: 17 | AR9: 5
A10: 52 | B10: 4 | D10: 60 | E10: 4 | G10: 25 | H10: 4 | J10: 20 | K10: 4 | M10: 23 | N10: 4 | P10: 18 | Q10: 4 | S10: 22 | T10: 4 | V10: 20 | W10: 4 | Y10: 21 | Z10: 4 | AB10: 19 | AC10: 4 | AE10: 27 | AF10: 4 | AH10: 21 | AI10: 4 | AK10: 19 | AL10: 4 | AN10: 26 | AO10: 4 | AQ10: 22 | AR10: 4
A11: 63 | B11: 3 | D11: 70 | E11: 3 | G11: 30 | H11: 3 | J11: 26 | K11: 3 | M11: 29 | N11: 3 | P11: 23 | Q11: 3 | S11: 32 | T11: 3 | V11: 26 | W11: 3 | Y11: 30 | Z11: 3 | AB11: 28 | AC11: 3 | AE11: 32 | AF11: 3 | AH11: 30 | AI11: 3 | AK11: 27 | AL11: 3 | AN11: 34 | AO11: 3 | AQ11: 30 | AR11: 3
A12: 72 | B12: 2 | D12: 80 | E12: 2 | G12: 37 | H12: 2 | J12: 33 | K12: 2 | M12: 37 | N12: 2 | P12: 29 | Q12: 2 | S12: 42 | T12: 2 | V12: 33 | W12: 2 | Y12: 39 | Z12: 2 | AB12: 36 | AC12: 2 | AE12: 40 | AF12: 2 | AH12: 37 | AI12: 2 | AK12: 37 | AL12: 2 | AN12: 40 | AO12: 2 | AQ12: 37 | AR12: 2
A13: 79 | B13: 1 | D13: 90 | E13: 1 | G13: 44 | H13: 1 | J13: 40 | K13: 1 | M13: 44 | N13: 1 | P13: 38 | Q13: 1 | S13: 48 | T13: 1 | V13: 42 | W13: 1 | Y13: 46 | Z13: 1 | AB13: 44 | AC13: 1 | AE13: 44 | AF13: 1 | AH13: 44 | AI13: 1 | AK13: 45 | AL13: 1 | AN13: 45 | AO13: 1 | AQ13: 44 | AR13: 1
A15: 언어와매체 | D15: 한국사 | G15: 확률과통계 | J15: 미적분 | M15: 기하 | AH15: 물리학II | AK15: 화학II | AN15: 생명과학II | AQ15: 지구과학II
A17: 최소 | B17: 등급 | D17: 최소 | E17: 등급 | G17: 최소 | H17: 등급 | J17: 최소 | K17: 등급 | M17: 최소 | N17: 등급 | AH17: 최소 | AI17: 등급 | AK17: 최소 | AL17: 등급 | AN17: 최소 | AO17: 등급 | AQ17: 최소 | AR17: 등급
A19: 0 | B19: 9 | D19: 0 | E19: 9 | G19: 0 | H19: 9 | J19: 0 | K19: 9 | M19: 0 | N19: 9 | AH19: 0 | AI19: 9 | AK19: 0 | AL19: 9 | AN19: 0 | AO19: 9 | AQ19: 0 | AR19: 9
A20: 13 | B20: 8 | D20: 5 | E20: 8 | G20: 15 | H20: 8 | J20: 10 | K20: 8 | M20: 13 | N20: 8 | AI20: 8 | AL20: 8 | AO20: 8 | AR20: 8
A21: 19 | B21: 7 | D21: 10 | E21: 7 | G21: 18 | H21: 7 | J21: 14 | K21: 7 | M21: 16 | N21: 7 | AI21: 7 | AL21: 7 | AO21: 7 | AR21: 7
A22: 28 | B22: 6 | D22: 15 | E22: 6 | G22: 23 | H22: 6 | J22: 19 | K22: 6 | M22: 21 | N22: 6 | AI22: 6 | AL22: 6 | AO22: 6 | AR22: 6
A23: 38 | B23: 5 | D23: 20 | E23: 5 | G23: 33 | H23: 5 | J23: 29 | K23: 5 | M23: 31 | N23: 5 | AI23: 5 | AL23: 5 | AO23: 5 | AR23: 5
A24: 49 | B24: 4 | D24: 25 | E24: 4 | G24: 59 | H24: 4 | J24: 49 | K24: 4 | M24: 51 | N24: 4 | AI24: 4 | AL24: 4 | AO24: 4 | AR24: 4
A25: 60 | B25: 3 | D25: 30 | E25: 3 | G25: 68 | H25: 3 | J25: 64 | K25: 3 | M25: 66 | N25: 3 | AI25: 3 | AL25: 3 | AO25: 3 | AR25: 3
A26: 68 | B26: 2 | D26: 35 | E26: 2 | G26: 77 | H26: 2 | J26: 73 | K26: 2 | M26: 76 | N26: 2 | AI26: 2 | AL26: 2 | AO26: 2 | AR26: 2
A27: 76 | B27: 1 | D27: 40 | E27: 1 | G27: 85 | H27: 1 | J27: 81 | K27: 1 | M27: 84 | N27: 1 | AI27: 1 | AL27: 1 | AO27: 1 | AR27: 1

Sheet 예상점수
A1: 전국연합 예상 점수
A2: 실시일 : 2026.3.24.
A3: 반 | B3: 번 호 | C3: 성 명 | D3: 국어 | F3: 예상 등급 | G3: 수학 | I3: 예상 등급 | J3: 영어 | K3: 예상 등급 | L3: 언수외 소 계 | M3: 언수외석 차 | N3: 탐구1 | Q3: 탐구2 | T3: 한국사 | U3: 예상 등급 | V3: 총점 | W3: 석차 | Y3: 누계표 | AC3: 예상등급 | AE3: 화법과작문 | AF3: 언어와매체 | AG3: 확률과통계 | AH3: 미적분 | AI3: 기하 | AJ3: 영어 | AK3: 한국사 | AL3: 물리학I | AM3: 화학I | AN3: 생명과학I | AO3: 지구과학I | AP3: 물리학II | AQ3: 화학II | AR3: 생명과학II | AS3: 지구과학II | AT3: 물리학II | AU3: 화학II | AV3: 생명과학II | AW3: 지구과학II
A4: 1 | B4: 5 | C4: 김이수 | D4: 화법과작문 | E4: 77 | F4: =IF(D4=예상등급!$A$1,LOOKUP(E4,예상등급!$A$5:$A$13,예상등급!$B$5:$B$13),IF(D4=예상등급!$A$15,LOOKUP(E4,예상등급!$A$19:$A$27,예상등급!$B$19:$B$27),"")) -> 2 | G4: 확률과통계 | H4: 76 | I4: =IF(G4=예상등급!$G$15,LOOKUP(H4,예상등급!$G$19:$G$27,예상등급!$H$19:$H$27),IF(G4=예상등급!$J$15,LOOKUP(H4,예상등급!$J$19:$J$27,예상등급!$K$19:$K$27),IF(G4=예상등급!$M$15,LOOKUP(H4,예상등급!$M$19:$M$27,예상등급!$N$19:$N$27),""))) -> 3 | J4: 91 | K4: =IF(J4="","",(LOOKUP(J4,예상등급!$D$5:$D$13,예상등급!$E$5:$E$13))) -> 1 | L4: =SUM(E4,H4,J4) -> 244 | M4: =RANK(L4,$L$4:$L$491) -> 2 | N4: 생활과윤리 | O4: 50 | P4: =IF(N4=예상등급!$G$1,LOOKUP(O4,예상등급!$G$5:$G$13,예상등급!$H$5:$H$13),IF(N4=예상등급!$J$1,LOOKUP(O4,예상등급!$J$5:$J$13,예상등급!$K$5:$K$13),IF(N4=예상등급!$M$1,LOOKUP(O4,예상등급!$M$5:$M$13,예상등급!$N$5:$N$13),IF(N4=예상등급!$P$1,LOOKUP(O4,예상등급!$P$5:$P$13,예상등급!$Q$5:$Q$13),IF(N4=예상등급!$S$1,LOOKUP(O4,예상등급!$S$5:$S$13,예상등급!$T$5:$T$13),IF(N4=예상등급!$V$1,LOOKUP(O4,예상등급!$V$5:$V$13,예상등급!$W$5:$W$13),IF(N4=예상등급!$Y$1,LOOKUP(O4,예상등급!$Y$5:$Y$13,예상등급!$Z$5:$Z$13),IF(N4=예상등급!$AB$1,LOOKUP(O4,예상등급!$AB$5:$AB$13,예상등급!$AC$5:$AC$13),IF(N4=예상등급!$AE$1,LOOKUP(O4,예상등급!$AE$5:$AE$13,예상등급!$AF$5:$AF$13),IF(N4=예상등급!$AH$1,LOOKUP(O4,예상등급!$AH$5:$AH$13,예상등급!$AI$5:$AI$13),IF(N4=예상등급!$AK$1,LOOKUP(O4,예상등급!$AK$5:$AK$13,예상등급!$AL$5:$AL$13),IF(N4=예상등급!$AN$1,LOOKUP(O4,예상등급!$AN$5:$AN$13,예상등급!$AO$5:$AO$13),IF(N4=예상등급!$AQ$1,LOOKUP(O4,예상등급!$AQ$5:$AQ$13,예상등급!$AR$5:$AR$13),IF(N4=예상등급!$AH$15,LOOKUP(O4,예상등급!$AH$19:$AH$27,예상등급!$AI$19:$AI$27),IF(N4=예상등급!$AK$15,LOOKUP(O4,예상등급!$AK$19:$AK$27,예상등급!$AL$19:$AL$27),IF(N4=예상등급!$AN$15,LOOKUP(O4,예상등급!$AN$19:$AN$27,예상등급!$AO$19:$AO$27),IF(N4=예상등급!$AQ$15,LOOKUP(O4,예상등급!$AQ$19:$AQ$27,예상등급!$AR$19:$AR$27),""))))))))))))))))) -> 1 | Q4: 윤리와사상 | R4: 44 | S4: =IF(Q4=예상등급!$G$1,LOOKUP(R4,예상등급!$G$5:$G$13,예상등급!$H$5:$H$13),IF(Q4=예상등급!$J$1,LOOKUP(R4,예상등급!$J$5:$J$13,예상등급!$K$5:$K$13),IF(Q4=예상등급!$M$1,LOOKUP(R4,예상등급!$M$5:$M$13,예상등급!$N$5:$N$13),IF(Q4=예상등급!$P$1,LOOKUP(R4,예상등급!$P$5:$P$13,예상등급!$Q$5:$Q$13),IF(Q4=예상등급!$S$1,LOOKUP(R4,예상등급!$S$5:$S$13,예상등급!$T$5:$T$13),IF(Q4=예상등급!$V$1,LOOKUP(R4,예상등급!$V$5:$V$13,예상등급!$W$5:$W$13),IF(Q4=예상등급!$Y$1,LOOKUP(R4,예상등급!$Y$5:$Y$13,예상등급!$Z$5:$Z$13),IF(Q4=예상등급!$AB$1,LOOKUP(R4,예상등급!$AB$5:$AB$13,예상등급!$AC$5:$AC$13),IF(Q4=예상등급!$AE$1,LOOKUP(R4,예상등급!$AE$5:$AE$13,예상등급!$AF$5:$AF$13),IF(Q4=예상등급!$AH$1,LOOKUP(R4,예상등급!$AH$5:$AH$13,예상등급!$AI$5:$AI$13),IF(Q4=예상등급!$AK$1,LOOKUP(R4,예상등급!$AK$5:$AK$13,예상등급!$AL$5:$AL$13),IF(Q4=예상등급!$AN$1,LOOKUP(R4,예상등급!$AN$5:$AN$13,예상등급!$AO$5:$AO$13),IF(Q4=예상등급!$AQ$1,LOOKUP(R4,예상등급!$AQ$5:$AQ$13,예상등급!$AR$5:$AR$13),IF(Q4=예상등급!$AH$15,LOOKUP(R4,예상등급!$AH$19:$AH$27,예상등급!$AI$19:$AI$27),IF(Q4=예상등급!$AK$15,LOOKUP(R4,예상등급!$AK$19:$AK$27,예상등급!$AL$19:$AL$27),IF(Q4=예상등급!$AN$15,LOOKUP(R4,예상등급!$AN$19:$AN$27,예상등급!$AO$19:$AO$27),IF(Q4=예상등급!$AQ$15,LOOKUP(R4,예상등급!$AQ$19:$AQ$27,예상등급!$AR$19:$AR$27),""))))))))))))))))) -> 1 | T4: 31 | U4: =IF(T4="","",LOOKUP(T4,예상등급!$D$19:$D$27,예상등급!$E$19:$E$27)) -> 3 | V4: =SUM(L4,T4,R4,O4) -> 369 | W4: =RANK(V4,$V$4:$V$491) -> 1 | Y4: 450 | AA4: 449 | AC4: 1 | AD4: 등급 | AE4: =COUNTIFS($D$4:$D$491,$AE$3,$F$4:$F$491,AC4) -> 2 | AF4: =COUNTIFS($D$4:$D$491,$AF$3,$F$4:$F$491,AC4) -> 2 | AG4: =COUNTIFS($G$4:$G$491,$AG$3,$I$4:$I$491,AC4) -> 1 | AH4: =COUNTIFS($G$4:$G$491,$AH$3,$I$4:$I$491,AC4) -> 3 | AI4: =COUNTIFS($G$4:$G$491,$AI$3,$I$4:$I$491,AC4) -> 0 | AJ4: =COUNTIF($K$4:$K$491,AC4) -> 12 | AK4: =COUNTIF($U$4:$U$491,AC4) -> 13 | AL4: =COUNTIFS($N$4:$N$491,$AL$3,$P$4:$P$491,$AC4)+COUNTIFS($Q$4:$Q$491,$AL$3,$S$4:$S$491,$AC4) -> 0 | AM4: =COUNTIFS($N$4:$N$491,$AM$3,$P$4:$P$491,$AC4)+COUNTIFS($Q$4:$Q$491,$AM$3,$S$4:$S$491,$AC4) -> 0 | AN4: =COUNTIFS($N$4:$N$491,$AN$3,$P$4:$P$491,$AC4)+COUNTIFS($Q$4:$Q$491,$AN$3,$S$4:$S$491,$AC4) -> 1 | AO4: =COUNTIFS($N$4:$N$491,$AO$3,$P$4:$P$491,$AC4)+COUNTIFS($Q$4:$Q$491,$AO$3,$S$4:$S$491,$AC4) -> 1 | AP4: =COUNTIFS($N$4:$N$491,$AP$3,$P$4:$P$491,$AC4) -> 0 | AQ4: =COUNTIFS($N$4:$N$491,$AQ$3,$P$4:$P$491,$AC4) -> 0 | AR4: =COUNTIFS($N$4:$N$491,$AR$3,$P$4:$P$491,$AC4) -> 0 | AS4: =COUNTIFS($N$4:$N$491,$AS$3,$P$4:$P$491,$AC4) -> 0 | AT4: =COUNTIFS($N$4:$N$491,$AT$3,$P$4:$P$491,$AC4)+COUNTIFS($Q$4:$Q$491,$AT$3,$S$4:$S$491,$AC4) -> 0 | AU4: =COUNTIFS($N$4:$N$491,$AU$3,$P$4:$P$491,$AC4)+COUNTIFS($Q$4:$Q$491,$AU$3,$S$4:$S$491,$AC4) -> 0 | AV4: =COUNTIFS($N$4:$N$491,$AV$3,$P$4:$P$491,$AC4)+COUNTIFS($Q$4:$Q$491,$AV$3,$S$4:$S$491,$AC4) -> 0 | AW4: =COUNTIFS($N$4:$N$491,$AW$3,$P$4:$P$491,$AC4)+COUNTIFS($Q$4:$Q$491,$AW$3,$S$4:$S$491,$AC4) -> 0
A5: 7 | B5: 5 | C5: 김아인 | D5: 화법과작문 | E5: 76 | F5: =IF(D5=예상등급!$A$1,LOOKUP(E5,예상등급!$A$5:$A$13,예상등급!$B$5:$B$13),IF(D5=예상등급!$A$15,LOOKUP(E5,예상등급!$A$19:$A$27,예상등급!$B$19:$B$27),"")) -> 2 | G5: 미적분 | H5: 73 | I5: =IF(G5=예상등급!$G$15,LOOKUP(H5,예상등급!$G$19:$G$27,예상등급!$H$19:$H$27),IF(G5=예상등급!$J$15,LOOKUP(H5,예상등급!$J$19:$J$27,예상등급!$K$19:$K$27),IF(G5=예상등급!$M$15,LOOKUP(H5,예상등급!$M$19:$M$27,예상등급!$N$19:$N$27),""))) -> 2 | J5: 82 | K5: =IF(J5="","",(LOOKUP(J5,예상등급!$D$5:$D$13,예상등급!$E$5:$E$13))) -> 2 | L5: =SUM(E5,H5,J5) -> 231 | M5: =RANK(L5,$L$4:$L$491) -> 8 | N5: 세계지리 | O5: 50 | P5: =IF(N5=예상등급!$G$1,LOOKUP(O5,예상등급!$G$5:$G$13,예상등급!$H$5:$H$13),IF(N5=예상등급!$J$1,LOOKUP(O5,예상등급!$J$5:$J$13,예상등급!$K$5:$K$13),IF(N5=예상등급!$M$1,LOOKUP(O5,예상등급!$M$5:$M$13,예상등급!$N$5:$N$13),IF(N5=예상등급!$P$1,LOOKUP(O5,예상등급!$P$5:$P$13,예상등급!$Q$5:$Q$13),IF(N5=예상등급!$S$1,LOOKUP(O5,예상등급!$S$5:$S$13,예상등급!$T$5:$T$13),IF(N5=예상등급!$V$1,LOOKUP(O5,예상등급!$V$5:$V$13,예상등급!$W$5:$W$13),IF(N5=예상등급!$Y$1,LOOKUP(O5,예상등급!$Y$5:$Y$13,예상등급!$Z$5:$Z$13),IF(N5=예상등급!$AB$1,LOOKUP(O5,예상등급!$AB$5:$AB$13,예상등급!$AC$5:$AC$13),IF(N5=예상등급!$AE$1,LOOKUP(O5,예상등급!$AE$5:$AE$13,예상등급!$AF$5:$AF$13),IF(N5=예상등급!$AH$1,LOOKUP(O5,예상등급!$AH$5:$AH$13,예상등급!$AI$5:$AI$13),IF(N5=예상등급!$AK$1,LOOKUP(O5,예상등급!$AK$5:$AK$13,예상등급!$AL$5:$AL$13),IF(N5=예상등급!$AN$1,LOOKUP(O5,예상등급!$AN$5:$AN$13,예상등급!$AO$5:$AO$13),IF(N5=예상등급!$AQ$1,LOOKUP(O5,예상등급!$AQ$5:$AQ$13,예상등급!$AR$5:$AR$13),IF(N5=예상등급!$AH$15,LOOKUP(O5,예상등급!$AH$19:$AH$27,예상등급!$AI$19:$AI$27),IF(N5=예상등급!$AK$15,LOOKUP(O5,예상등급!$AK$19:$AK$27,예상등급!$AL$19:$AL$27),IF(N5=예상등급!$AN$15,LOOKUP(O5,예상등급!$AN$19:$AN$27,예상등급!$AO$19:$AO$27),IF(N5=예상등급!$AQ$15,LOOKUP(O5,예상등급!$AQ$19:$AQ$27,예상등급!$AR$19:$AR$27),""))))))))))))))))) -> 1 | Q5: 사회문화 | R5: 44 | S5: =IF(Q5=예상등급!$G$1,LOOKUP(R5,예상등급!$G$5:$G$13,예상등급!$H$5:$H$13),IF(Q5=예상등급!$J$1,LOOKUP(R5,예상등급!$J$5:$J$13,예상등급!$K$5:$K$13),IF(Q5=예상등급!$M$1,LOOKUP(R5,예상등급!$M$5:$M$13,예상등급!$N$5:$N$13),IF(Q5=예상등급!$P$1,LOOKUP(R5,예상등급!$P$5:$P$13,예상등급!$Q$5:$Q$13),IF(Q5=예상등급!$S$1,LOOKUP(R5,예상등급!$S$5:$S$13,예상등급!$T$5:$T$13),IF(Q5=예상등급!$V$1,LOOKUP(R5,예상등급!$V$5:$V$13,예상등급!$W$5:$W$13),IF(Q5=예상등급!$Y$1,LOOKUP(R5,예상등급!$Y$5:$Y$13,예상등급!$Z$5:$Z$13),IF(Q5=예상등급!$AB$1,LOOKUP(R5,예상등급!$AB$5:$AB$13,예상등급!$AC$5:$AC$13),IF(Q5=예상등급!$AE$1,LOOKUP(R5,예상등급!$AE$5:$AE$13,예상등급!$AF$5:$AF$13),IF(Q5=예상등급!$AH$1,LOOKUP(R5,예상등급!$AH$5:$AH$13,예상등급!$AI$5:$AI$13),IF(Q5=예상등급!$AK$1,LOOKUP(R5,예상등급!$AK$5:$AK$13,예상등급!$AL$5:$AL$13),IF(Q5=예상등급!$AN$1,LOOKUP(R5,예상등급!$AN$5:$AN$13,예상등급!$AO$5:$AO$13),IF(Q5=예상등급!$AQ$1,LOOKUP(R5,예상등급!$AQ$5:$AQ$13,예상등급!$AR$5:$AR$13),IF(Q5=예상등급!$AH$15,LOOKUP(R5,예상등급!$AH$19:$AH$27,예상등급!$AI$19:$AI$27),IF(Q5=예상등급!$AK$15,LOOKUP(R5,예상등급!$AK$19:$AK$27,예상등급!$AL$19:$AL$27),IF(Q5=예상등급!$AN$15,LOOKUP(R5,예상등급!$AN$19:$AN$27,예상등급!$AO$19:$AO$27),IF(Q5=예상등급!$AQ$15,LOOKUP(R5,예상등급!$AQ$19:$AQ$27,예상등급!$AR$19:$AR$27),""))))))))))))))))) -> 1 | T5: 38 | U5: =IF(T5="","",LOOKUP(T5,예상등급!$D$19:$D$27,예상등급!$E$19:$E$27)) -> 2 | V5: =SUM(L5,T5,R5,O5) -> 363 | W5: =RANK(V5,$V$4:$V$491) -> 2 | Y5: 440 | Z5: =FREQUENCY($V$4:$V$236,AA4:AA39) -> 0 | AA5: 439 | AC5: 2 | AD5: 등급 | AE5: =COUNTIFS($D$4:$D$491,$AE$3,$F$4:$F$491,AC5) -> 10 | AF5: =COUNTIFS($D$4:$D$491,$AF$3,$F$4:$F$491,AC5) -> 2 | AG5: =COUNTIFS($G$4:$G$491,$AG$3,$I$4:$I$491,AC5) -> 1 | AH5: =COUNTIFS($G$4:$G$491,$AH$3,$I$4:$I$491,AC5) -> 16 | AI5: =COUNTIFS($G$4:$G$491,$AI$3,$I$4:$I$491,AC5) -> 1 | AJ5: =COUNTIF($K$4:$K$491,AC5) -> 25 | AK5: =COUNTIF($U$4:$U$491,AC5) -> 17 | AL5: =COUNTIFS($N$4:$N$491,$AL$3,$P$4:$P$491,$AC5)+COUNTIFS($Q$4:$Q$491,$AL$3,$S$4:$S$491,$AC5) -> 2 | AM5: =COUNTIFS($N$4:$N$491,$AM$3,$P$4:$P$491,$AC5)+COUNTIFS($Q$4:$Q$491,$AM$3,$S$4:$S$491,$AC5) -> 1 | AN5: =COUNTIFS($N$4:$N$491,$AN$3,$P$4:$P$491,$AC5)+COUNTIFS($Q$4:$Q$491,$AN$3,$S$4:$S$491,$AC5) -> 0 | AO5: =COUNTIFS($N$4:$N$491,$AO$3,$P$4:$P$491,$AC5)+COUNTIFS($Q$4:$Q$491,$AO$3,$S$4:$S$491,$AC5) -> 3 | AP5: =COUNTIFS($N$4:$N$491,$AP$3,$P$4:$P$491,$AC5) -> 0 | AQ5: =COUNTIFS($N$4:$N$491,$AQ$3,$P$4:$P$491,$AC5) -> 0 | AR5: =COUNTIFS($N$4:$N$491,$AR$3,$P$4:$P$491,$AC5) -> 0 | AS5: =COUNTIFS($N$4:$N$491,$AS$3,$P$4:$P$491,$AC5) -> 0 | AT5: =COUNTIFS($N$4:$N$491,$AT$3,$P$4:$P$491,$AC5)+COUNTIFS($Q$4:$Q$491,$AT$3,$S$4:$S$491,$AC5) -> 0 | AU5: =COUNTIFS($N$4:$N$491,$AU$3,$P$4:$P$491,$AC5)+COUNTIFS($Q$4:$Q$491,$AU$3,$S$4:$S$491,$AC5) -> 0 | AV5: =COUNTIFS($N$4:$N$491,$AV$3,$P$4:$P$491,$AC5)+COUNTIFS($Q$4:$Q$491,$AV$3,$S$4:$S$491,$AC5) -> 0 | AW5: =COUNTIFS($N$4:$N$491,$AW$3,$P$4:$P$491,$AC5)+COUNTIFS($Q$4:$Q$491,$AW$3,$S$4:$S$491,$AC5) -> 0
A6: 4 | B6: 7 | C6: 박상현 | D6: 화법과작문 | E6: 67 | F6: =IF(D6=예상등급!$A$1,LOOKUP(E6,예상등급!$A$5:$A$13,예상등급!$B$5:$B$13),IF(D6=예상등급!$A$15,LOOKUP(E6,예상등급!$A$19:$A$27,예상등급!$B$19:$B$27),"")) -> 3 | G6: 미적분 | H6: 84 | I6: =IF(G6=예상등급!$G$15,LOOKUP(H6,예상등급!$G$19:$G$27,예상등급!$H$19:$H$27),IF(G6=예상등급!$J$15,LOOKUP(H6,예상등급!$J$19:$J$27,예상등급!$K$19:$K$27),IF(G6=예상등급!$M$15,LOOKUP(H6,예상등급!$M$19:$M$27,예상등급!$N$19:$N$27),""))) -> 1 | J6: 79 | K6: =IF(J6="","",(LOOKUP(J6,예상등급!$D$5:$D$13,예상등급!$E$5:$E$13))) -> 3 | L6: =SUM(E6,H6,J6) -> 230 | M6: =RANK(L6,$L$4:$L$491) -> 9 | N6: 생명과학I | O6: 48 | P6: =IF(N6=예상등급!$G$1,LOOKUP(O6,예상등급!$G$5:$G$13,예상등급!$H$5:$H$13),IF(N6=예상등급!$J$1,LOOKUP(O6,예상등급!$J$5:$J$13,예상등급!$K$5:$K$13),IF(N6=예상등급!$M$1,LOOKUP(O6,예상등급!$M$5:$M$13,예상등급!$N$5:$N$13),IF(N6=예상등급!$P$1,LOOKUP(O6,예상등급!$P$5:$P$13,예상등급!$Q$5:$Q$13),IF(N6=예상등급!$S$1,LOOKUP(O6,예상등급!$S$5:$S$13,예상등급!$T$5:$T$13),IF(N6=예상등급!$V$1,LOOKUP(O6,예상등급!$V$5:$V$13,예상등급!$W$5:$W$13),IF(N6=예상등급!$Y$1,LOOKUP(O6,예상등급!$Y$5:$Y$13,예상등급!$Z$5:$Z$13),IF(N6=예상등급!$AB$1,LOOKUP(O6,예상등급!$AB$5:$AB$13,예상등급!$AC$5:$AC$13),IF(N6=예상등급!$AE$1,LOOKUP(O6,예상등급!$AE$5:$AE$13,예상등급!$AF$5:$AF$13),IF(N6=예상등급!$AH$1,LOOKUP(O6,예상등급!$AH$5:$AH$13,예상등급!$AI$5:$AI$13),IF(N6=예상등급!$AK$1,LOOKUP(O6,예상등급!$AK$5:$AK$13,예상등급!$AL$5:$AL$13),IF(N6=예상등급!$AN$1,LOOKUP(O6,예상등급!$AN$5:$AN$13,예상등급!$AO$5:$AO$13),IF(N6=예상등급!$AQ$1,LOOKUP(O6,예상등급!$AQ$5:$AQ$13,예상등급!$AR$5:$AR$13),IF(N6=예상등급!$AH$15,LOOKUP(O6,예상등급!$AH$19:$AH$27,예상등급!$AI$19:$AI$27),IF(N6=예상등급!$AK$15,LOOKUP(O6,예상등급!$AK$19:$AK$27,예상등급!$AL$19:$AL$27),IF(N6=예상등급!$AN$15,LOOKUP(O6,예상등급!$AN$19:$AN$27,예상등급!$AO$19:$AO$27),IF(N6=예상등급!$AQ$15,LOOKUP(O6,예상등급!$AQ$19:$AQ$27,예상등급!$AR$19:$AR$27),""))))))))))))))))) -> 1 | Q6: 지구과학I | R6: 47 | S6: =IF(Q6=예상등급!$G$1,LOOKUP(R6,예상등급!$G$5:$G$13,예상등급!$H$5:$H$13),IF(Q6=예상등급!$J$1,LOOKUP(R6,예상등급!$J$5:$J$13,예상등급!$K$5:$K$13),IF(Q6=예상등급!$M$1,LOOKUP(R6,예상등급!$M$5:$M$13,예상등급!$N$5:$N$13),IF(Q6=예상등급!$P$1,LOOKUP(R6,예상등급!$P$5:$P$13,예상등급!$Q$5:$Q$13),IF(Q6=예상등급!$S$1,LOOKUP(R6,예상등급!$S$5:$S$13,예상등급!$T$5:$T$13),IF(Q6=예상등급!$V$1,LOOKUP(R6,예상등급!$V$5:$V$13,예상등급!$W$5:$W$13),IF(Q6=예상등급!$Y$1,LOOKUP(R6,예상등급!$Y$5:$Y$13,예상등급!$Z$5:$Z$13),IF(Q6=예상등급!$AB$1,LOOKUP(R6,예상등급!$AB$5:$AB$13,예상등급!$AC$5:$AC$13),IF(Q6=예상등급!$AE$1,LOOKUP(R6,예상등급!$AE$5:$AE$13,예상등급!$AF$5:$AF$13),IF(Q6=예상등급!$AH$1,LOOKUP(R6,예상등급!$AH$5:$AH$13,예상등급!$AI$5:$AI$13),IF(Q6=예상등급!$AK$1,LOOKUP(R6,예상등급!$AK$5:$AK$13,예상등급!$AL$5:$AL$13),IF(Q6=예상등급!$AN$1,LOOKUP(R6,예상등급!$AN$5:$AN$13,예상등급!$AO$5:$AO$13),IF(Q6=예상등급!$AQ$1,LOOKUP(R6,예상등급!$AQ$5:$AQ$13,예상등급!$AR$5:$AR$13),IF(Q6=예상등급!$AH$15,LOOKUP(R6,예상등급!$AH$19:$AH$27,예상등급!$AI$19:$AI$27),IF(Q6=예상등급!$AK$15,LOOKUP(R6,예상등급!$AK$19:$AK$27,예상등급!$AL$19:$AL$27),IF(Q6=예상등급!$AN$15,LOOKUP(R6,예상등급!$AN$19:$AN$27,예상등급!$AO$19:$AO$27),IF(Q6=예상등급!$AQ$15,LOOKUP(R6,예상등급!$AQ$19:$AQ$27,예상등급!$AR$19:$AR$27),""))))))))))))))))) -> 1 | T6: 30 | U6: =IF(T6="","",LOOKUP(T6,예상등급!$D$19:$D$27,예상등급!$E$19:$E$27)) -> 3 | V6: =SUM(L6,T6,R6,O6) -> 355 | W6: =RANK(V6,$V$4:$V$491) -> 3 | Y6: 430 | Z6: =FREQUENCY($V$4:$V$236,AA5:AA40) -> 0 | AA6: 429 | AC6: 3 | AD6: 등급 | AE6: =COUNTIFS($D$4:$D$491,$AE$3,$F$4:$F$491,AC6) -> 34 | AF6: =COUNTIFS($D$4:$D$491,$AF$3,$F$4:$F$491,AC6) -> 4 | AG6: =COUNTIFS($G$4:$G$491,$AG$3,$I$4:$I$491,AC6) -> 14 | AH6: =COUNTIFS($G$4:$G$491,$AH$3,$I$4:$I$491,AC6) -> 14 | AI6: =COUNTIFS($G$4:$G$491,$AI$3,$I$4:$I$491,AC6) -> 1 | AJ6: =COUNTIF($K$4:$K$491,AC6) -> 53 | AK6: =COUNTIF($U$4:$U$491,AC6) -> 19 | AL6: =COUNTIFS($N$4:$N$491,$AL$3,$P$4:$P$491,$AC6)+COUNTIFS($Q$4:$Q$491,$AL$3,$S$4:$S$491,$AC6) -> 4 | AM6: =COUNTIFS($N$4:$N$491,$AM$3,$P$4:$P$491,$AC6)+COUNTIFS($Q$4:$Q$491,$AM$3,$S$4:$S$491,$AC6) -> 0 | AN6: =COUNTIFS($N$4:$N$491,$AN$3,$P$4:$P$491,$AC6)+COUNTIFS($Q$4:$Q$491,$AN$3,$S$4:$S$491,$AC6) -> 2 | AO6: =COUNTIFS($N$4:$N$491,$AO$3,$P$4:$P$491,$AC6)+COUNTIFS($Q$4:$Q$491,$AO$3,$S$4:$S$491,$AC6) -> 5 | AP6: =COUNTIFS($N$4:$N$491,$AP$3,$P$4:$P$491,$AC6) -> 0 | AQ6: =COUNTIFS($N$4:$N$491,$AQ$3,$P$4:$P$491,$AC6) -> 0 | AR6: =COUNTIFS($N$4:$N$491,$AR$3,$P$4:$P$491,$AC6) -> 0 | AS6: =COUNTIFS($N$4:$N$491,$AS$3,$P$4:$P$491,$AC6) -> 0 | AT6: =COUNTIFS($N$4:$N$491,$AT$3,$P$4:$P$491,$AC6)+COUNTIFS($Q$4:$Q$491,$AT$3,$S$4:$S$491,$AC6) -> 0 | AU6: =COUNTIFS($N$4:$N$491,$AU$3,$P$4:$P$491,$AC6)+COUNTIFS($Q$4:$Q$491,$AU$3,$S$4:$S$491,$AC6) -> 0 | AV6: =COUNTIFS($N$4:$N$491,$AV$3,$P$4:$P$491,$AC6)+COUNTIFS($Q$4:$Q$491,$AV$3,$S$4:$S$491,$AC6) -> 0 | AW6: =COUNTIFS($N$4:$N$491,$AW$3,$P$4:$P$491,$AC6)+COUNTIFS($Q$4:$Q$491,$AW$3,$S$4:$S$491,$AC6) -> 0
A7: 4 | B7: 13 | C7: 유도움 | D7: 화법과작문 | E7: 70 | F7: =IF(D7=예상등급!$A$1,LOOKUP(E7,예상등급!$A$5:$A$13,예상등급!$B$5:$B$13),IF(D7=예상등급!$A$15,LOOKUP(E7,예상등급!$A$19:$A$27,예상등급!$B$19:$B$27),"")) -> 3 | G7: 미적분 | H7: 88 | I7: =IF(G7=예상등급!$G$15,LOOKUP(H7,예상등급!$G$19:$G$27,예상등급!$H$19:$H$27),IF(G7=예상등급!$J$15,LOOKUP(H7,예상등급!$J$19:$J$27,예상등급!$K$19:$K$27),IF(G7=예상등급!$M$15,LOOKUP(H7,예상등급!$M$19:$M$27,예상등급!$N$19:$N$27),""))) -> 1 | J7: 78 | K7: =IF(J7="","",(LOOKUP(J7,예상등급!$D$5:$D$13,예상등급!$E$5:$E$13))) -> 3 | L7: =SUM(E7,H7,J7) -> 236 | M7: =RANK(L7,$L$4:$L$491) -> 5 | N7: 화학I | O7: 38 | P7: =IF(N7=예상등급!$G$1,LOOKUP(O7,예상등급!$G$5:$G$13,예상등급!$H$5:$H$13),IF(N7=예상등급!$J$1,LOOKUP(O7,예상등급!$J$5:$J$13,예상등급!$K$5:$K$13),IF(N7=예상등급!$M$1,LOOKUP(O7,예상등급!$M$5:$M$13,예상등급!$N$5:$N$13),IF(N7=예상등급!$P$1,LOOKUP(O7,예상등급!$P$5:$P$13,예상등급!$Q$5:$Q$13),IF(N7=예상등급!$S$1,LOOKUP(O7,예상등급!$S$5:$S$13,예상등급!$T$5:$T$13),IF(N7=예상등급!$V$1,LOOKUP(O7,예상등급!$V$5:$V$13,예상등급!$W$5:$W$13),IF(N7=예상등급!$Y$1,LOOKUP(O7,예상등급!$Y$5:$Y$13,예상등급!$Z$5:$Z$13),IF(N7=예상등급!$AB$1,LOOKUP(O7,예상등급!$AB$5:$AB$13,예상등급!$AC$5:$AC$13),IF(N7=예상등급!$AE$1,LOOKUP(O7,예상등급!$AE$5:$AE$13,예상등급!$AF$5:$AF$13),IF(N7=예상등급!$AH$1,LOOKUP(O7,예상등급!$AH$5:$AH$13,예상등급!$AI$5:$AI$13),IF(N7=예상등급!$AK$1,LOOKUP(O7,예상등급!$AK$5:$AK$13,예상등급!$AL$5:$AL$13),IF(N7=예상등급!$AN$1,LOOKUP(O7,예상등급!$AN$5:$AN$13,예상등급!$AO$5:$AO$13),IF(N7=예상등급!$AQ$1,LOOKUP(O7,예상등급!$AQ$5:$AQ$13,예상등급!$AR$5:$AR$13),IF(N7=예상등급!$AH$15,LOOKUP(O7,예상등급!$AH$19:$AH$27,예상등급!$AI$19:$AI$27),IF(N7=예상등급!$AK$15,LOOKUP(O7,예상등급!$AK$19:$AK$27,예상등급!$AL$19:$AL$27),IF(N7=예상등급!$AN$15,LOOKUP(O7,예상등급!$AN$19:$AN$27,예상등급!$AO$19:$AO$27),IF(N7=예상등급!$AQ$15,LOOKUP(O7,예상등급!$AQ$19:$AQ$27,예상등급!$AR$19:$AR$27),""))))))))))))))))) -> 2 | Q7: 지구과학I | R7: 34 | S7: =IF(Q7=예상등급!$G$1,LOOKUP(R7,예상등급!$G$5:$G$13,예상등급!$H$5:$H$13),IF(Q7=예상등급!$J$1,LOOKUP(R7,예상등급!$J$5:$J$13,예상등급!$K$5:$K$13),IF(Q7=예상등급!$M$1,LOOKUP(R7,예상등급!$M$5:$M$13,예상등급!$N$5:$N$13),IF(Q7=예상등급!$P$1,LOOKUP(R7,예상등급!$P$5:$P$13,예상등급!$Q$5:$Q$13),IF(Q7=예상등급!$S$1,LOOKUP(R7,예상등급!$S$5:$S$13,예상등급!$T$5:$T$13),IF(Q7=예상등급!$V$1,LOOKUP(R7,예상등급!$V$5:$V$13,예상등급!$W$5:$W$13),IF(Q7=예상등급!$Y$1,LOOKUP(R7,예상등급!$Y$5:$Y$13,예상등급!$Z$5:$Z$13),IF(Q7=예상등급!$AB$1,LOOKUP(R7,예상등급!$AB$5:$AB$13,예상등급!$AC$5:$AC$13),IF(Q7=예상등급!$AE$1,LOOKUP(R7,예상등급!$AE$5:$AE$13,예상등급!$AF$5:$AF$13),IF(Q7=예상등급!$AH$1,LOOKUP(R7,예상등급!$AH$5:$AH$13,예상등급!$AI$5:$AI$13),IF(Q7=예상등급!$AK$1,LOOKUP(R7,예상등급!$AK$5:$AK$13,예상등급!$AL$5:$AL$13),IF(Q7=예상등급!$AN$1,LOOKUP(R7,예상등급!$AN$5:$AN$13,예상등급!$AO$5:$AO$13),IF(Q7=예상등급!$AQ$1,LOOKUP(R7,예상등급!$AQ$5:$AQ$13,예상등급!$AR$5:$AR$13),IF(Q7=예상등급!$AH$15,LOOKUP(R7,예상등급!$AH$19:$AH$27,예상등급!$AI$19:$AI$27),IF(Q7=예상등급!$AK$15,LOOKUP(R7,예상등급!$AK$19:$AK$27,예상등급!$AL$19:$AL$27),IF(Q7=예상등급!$AN$15,LOOKUP(R7,예상등급!$AN$19:$AN$27,예상등급!$AO$19:$AO$27),IF(Q7=예상등급!$AQ$15,LOOKUP(R7,예상등급!$AQ$19:$AQ$27,예상등급!$AR$19:$AR$27),""))))))))))))))))) -> 3 | T7: 47 | U7: =IF(T7="","",LOOKUP(T7,예상등급!$D$19:$D$27,예상등급!$E$19:$E$27)) -> 1 | V7: =SUM(L7,T7,R7,O7) -> 355 | W7: =RANK(V7,$V$4:$V$491) -> 3 | Y7: 420 | Z7: =FREQUENCY($V$4:$V$236,AA6:AA41) -> 0 | AA7: 419 | AC7: 4 | AD7: 등급 | AE7: =COUNTIFS($D$4:$D$491,$AE$3,$F$4:$F$491,AC7) -> 71 | AF7: =COUNTIFS($D$4:$D$491,$AF$3,$F$4:$F$491,AC7) -> 3 | AG7: =COUNTIFS($G$4:$G$491,$AG$3,$I$4:$I$491,AC7) -> 11 | AH7: =COUNTIFS($G$4:$G$491,$AH$3,$I$4:$I$491,AC7) -> 16 | AI7: =COUNTIFS($G$4:$G$491,$AI$3,$I$4:$I$491,AC7) -> 0 | AJ7: =COUNTIF($K$4:$K$491,AC7) -> 61 | AK7: =COUNTIF($U$4:$U$491,AC7) -> 30 | AL7: =COUNTIFS($N$4:$N$491,$AL$3,$P$4:$P$491,$AC7)+COUNTIFS($Q$4:$Q$491,$AL$3,$S$4:$S$491,$AC7) -> 4 | AM7: =COUNTIFS($N$4:$N$491,$AM$3,$P$4:$P$491,$AC7)+COUNTIFS($Q$4:$Q$491,$AM$3,$S$4:$S$491,$AC7) -> 2 | AN7: =COUNTIFS($N$4:$N$491,$AN$3,$P$4:$P$491,$AC7)+COUNTIFS($Q$4:$Q$491,$AN$3,$S$4:$S$491,$AC7) -> 4 | AO7: =COUNTIFS($N$4:$N$491,$AO$3,$P$4:$P$491,$AC7)+COUNTIFS($Q$4:$Q$491,$AO$3,$S$4:$S$491,$AC7) -> 5 | AP7: =COUNTIFS($N$4:$N$491,$AP$3,$P$4:$P$491,$AC7) -> 0 | AQ7: =COUNTIFS($N$4:$N$491,$AQ$3,$P$4:$P$491,$AC7) -> 0 | AR7: =COUNTIFS($N$4:$N$491,$AR$3,$P$4:$P$491,$AC7) -> 0 | AS7: =COUNTIFS($N$4:$N$491,$AS$3,$P$4:$P$491,$AC7) -> 0 | AT7: =COUNTIFS($N$4:$N$491,$AT$3,$P$4:$P$491,$AC7)+COUNTIFS($Q$4:$Q$491,$AT$3,$S$4:$S$491,$AC7) -> 0 | AU7: =COUNTIFS($N$4:$N$491,$AU$3,$P$4:$P$491,$AC7)+COUNTIFS($Q$4:$Q$491,$AU$3,$S$4:$S$491,$AC7) -> 0 | AV7: =COUNTIFS($N$4:$N$491,$AV$3,$P$4:$P$491,$AC7)+COUNTIFS($Q$4:$Q$491,$AV$3,$S$4:$S$491,$AC7) -> 0 | AW7: =COUNTIFS($N$4:$N$491,$AW$3,$P$4:$P$491,$AC7)+COUNTIFS($Q$4:$Q$491,$AW$3,$S$4:$S$491,$AC7) -> 0
A8: 3 | B8: 20 | C8: 정수호 | D8: 화법과작문 | E8: 70 | F8: =IF(D8=예상등급!$A$1,LOOKUP(E8,예상등급!$A$5:$A$13,예상등급!$B$5:$B$13),IF(D8=예상등급!$A$15,LOOKUP(E8,예상등급!$A$19:$A$27,예상등급!$B$19:$B$27),"")) -> 3 | G8: 미적분 | H8: 70 | I8: =IF(G8=예상등급!$G$15,LOOKUP(H8,예상등급!$G$19:$G$27,예상등급!$H$19:$H$27),IF(G8=예상등급!$J$15,LOOKUP(H8,예상등급!$J$19:$J$27,예상등급!$K$19:$K$27),IF(G8=예상등급!$M$15,LOOKUP(H8,예상등급!$M$19:$M$27,예상등급!$N$19:$N$27),""))) -> 3 | J8: 97 | K8: =IF(J8="","",(LOOKUP(J8,예상등급!$D$5:$D$13,예상등급!$E$5:$E$13))) -> 1 | L8: =SUM(E8,H8,J8) -> 237 | M8: =RANK(L8,$L$4:$L$491) -> 3 | N8: 세계지리 | O8: 37 | P8: =IF(N8=예상등급!$G$1,LOOKUP(O8,예상등급!$G$5:$G$13,예상등급!$H$5:$H$13),IF(N8=예상등급!$J$1,LOOKUP(O8,예상등급!$J$5:$J$13,예상등급!$K$5:$K$13),IF(N8=예상등급!$M$1,LOOKUP(O8,예상등급!$M$5:$M$13,예상등급!$N$5:$N$13),IF(N8=예상등급!$P$1,LOOKUP(O8,예상등급!$P$5:$P$13,예상등급!$Q$5:$Q$13),IF(N8=예상등급!$S$1,LOOKUP(O8,예상등급!$S$5:$S$13,예상등급!$T$5:$T$13),IF(N8=예상등급!$V$1,LOOKUP(O8,예상등급!$V$5:$V$13,예상등급!$W$5:$W$13),IF(N8=예상등급!$Y$1,LOOKUP(O8,예상등급!$Y$5:$Y$13,예상등급!$Z$5:$Z$13),IF(N8=예상등급!$AB$1,LOOKUP(O8,예상등급!$AB$5:$AB$13,예상등급!$AC$5:$AC$13),IF(N8=예상등급!$AE$1,LOOKUP(O8,예상등급!$AE$5:$AE$13,예상등급!$AF$5:$AF$13),IF(N8=예상등급!$AH$1,LOOKUP(O8,예상등급!$AH$5:$AH$13,예상등급!$AI$5:$AI$13),IF(N8=예상등급!$AK$1,LOOKUP(O8,예상등급!$AK$5:$AK$13,예상등급!$AL$5:$AL$13),IF(N8=예상등급!$AN$1,LOOKUP(O8,예상등급!$AN$5:$AN$13,예상등급!$AO$5:$AO$13),IF(N8=예상등급!$AQ$1,LOOKUP(O8,예상등급!$AQ$5:$AQ$13,예상등급!$AR$5:$AR$13),IF(N8=예상등급!$AH$15,LOOKUP(O8,예상등급!$AH$19:$AH$27,예상등급!$AI$19:$AI$27),IF(N8=예상등급!$AK$15,LOOKUP(O8,예상등급!$AK$19:$AK$27,예상등급!$AL$19:$AL$27),IF(N8=예상등급!$AN$15,LOOKUP(O8,예상등급!$AN$19:$AN$27,예상등급!$AO$19:$AO$27),IF(N8=예상등급!$AQ$15,LOOKUP(O8,예상등급!$AQ$19:$AQ$27,예상등급!$AR$19:$AR$27),""))))))))))))))))) -> 2 | Q8: 사회문화 | R8: 36 | S8: =IF(Q8=예상등급!$G$1,LOOKUP(R8,예상등급!$G$5:$G$13,예상등급!$H$5:$H$13),IF(Q8=예상등급!$J$1,LOOKUP(R8,예상등급!$J$5:$J$13,예상등급!$K$5:$K$13),IF(Q8=예상등급!$M$1,LOOKUP(R8,예상등급!$M$5:$M$13,예상등급!$N$5:$N$13),IF(Q8=예상등급!$P$1,LOOKUP(R8,예상등급!$P$5:$P$13,예상등급!$Q$5:$Q$13),IF(Q8=예상등급!$S$1,LOOKUP(R8,예상등급!$S$5:$S$13,예상등급!$T$5:$T$13),IF(Q8=예상등급!$V$1,LOOKUP(R8,예상등급!$V$5:$V$13,예상등급!$W$5:$W$13),IF(Q8=예상등급!$Y$1,LOOKUP(R8,예상등급!$Y$5:$Y$13,예상등급!$Z$5:$Z$13),IF(Q8=예상등급!$AB$1,LOOKUP(R8,예상등급!$AB$5:$AB$13,예상등급!$AC$5:$AC$13),IF(Q8=예상등급!$AE$1,LOOKUP(R8,예상등급!$AE$5:$AE$13,예상등급!$AF$5:$AF$13),IF(Q8=예상등급!$AH$1,LOOKUP(R8,예상등급!$AH$5:$AH$13,예상등급!$AI$5:$AI$13),IF(Q8=예상등급!$AK$1,LOOKUP(R8,예상등급!$AK$5:$AK$13,예상등급!$AL$5:$AL$13),IF(Q8=예상등급!$AN$1,LOOKUP(R8,예상등급!$AN$5:$AN$13,예상등급!$AO$5:$AO$13),IF(Q8=예상등급!$AQ$1,LOOKUP(R8,예상등급!$AQ$5:$AQ$13,예상등급!$AR$5:$AR$13),IF(Q8=예상등급!$AH$15,LOOKUP(R8,예상등급!$AH$19:$AH$27,예상등급!$AI$19:$AI$27),IF(Q8=예상등급!$AK$15,LOOKUP(R8,예상등급!$AK$19:$AK$27,예상등급!$AL$19:$AL$27),IF(Q8=예상등급!$AN$15,LOOKUP(R8,예상등급!$AN$19:$AN$27,예상등급!$AO$19:$AO$27),IF(Q8=예상등급!$AQ$15,LOOKUP(R8,예상등급!$AQ$19:$AQ$27,예상등급!$AR$19:$AR$27),""))))))))))))))))) -> 3 | T8: 44 | U8: =IF(T8="","",LOOKUP(T8,예상등급!$D$19:$D$27,예상등급!$E$19:$E$27)) -> 1 | V8: =SUM(L8,T8,R8,O8) -> 354 | W8: =RANK(V8,$V$4:$V$491) -> 5 | Y8: 410 | Z8: =FREQUENCY($V$4:$V$236,AA7:AA42) -> 0 | AA8: 409 | AC8: 5 | AD8: 등급 | AE8: =COUNTIFS($D$4:$D$491,$AE$3,$F$4:$F$491,AC8) -> 42 | AF8: =COUNTIFS($D$4:$D$491,$AF$3,$F$4:$F$491,AC8) -> 0 | AG8: =COUNTIFS($G$4:$G$491,$AG$3,$I$4:$I$491,AC8) -> 51 | AH8: =COUNTIFS($G$4:$G$491,$AH$3,$I$4:$I$491,AC8) -> 14 | AI8: =COUNTIFS($G$4:$G$491,$AI$3,$I$4:$I$491,AC8) -> 1 | AJ8: =COUNTIF($K$4:$K$491,AC8) -> 34 | AK8: =COUNTIF($U$4:$U$491,AC8) -> 35 | AL8: =COUNTIFS($N$4:$N$491,$AL$3,$P$4:$P$491,$AC8)+COUNTIFS($Q$4:$Q$491,$AL$3,$S$4:$S$491,$AC8) -> 5 | AM8: =COUNTIFS($N$4:$N$491,$AM$3,$P$4:$P$491,$AC8)+COUNTIFS($Q$4:$Q$491,$AM$3,$S$4:$S$491,$AC8) -> 0 | AN8: =COUNTIFS($N$4:$N$491,$AN$3,$P$4:$P$491,$AC8)+COUNTIFS($Q$4:$Q$491,$AN$3,$S$4:$S$491,$AC8) -> 6 | AO8: =COUNTIFS($N$4:$N$491,$AO$3,$P$4:$P$491,$AC8)+COUNTIFS($Q$4:$Q$491,$AO$3,$S$4:$S$491,$AC8) -> 5 | AP8: =COUNTIFS($N$4:$N$491,$AP$3,$P$4:$P$491,$AC8) -> 0 | AQ8: =COUNTIFS($N$4:$N$491,$AQ$3,$P$4:$P$491,$AC8) -> 0 | AR8: =COUNTIFS($N$4:$N$491,$AR$3,$P$4:$P$491,$AC8) -> 0 | AS8: =COUNTIFS($N$4:$N$491,$AS$3,$P$4:$P$491,$AC8) -> 0 | AT8: =COUNTIFS($N$4:$N$491,$AT$3,$P$4:$P$491,$AC8)+COUNTIFS($Q$4:$Q$491,$AT$3,$S$4:$S$491,$AC8) -> 0 | AU8: =COUNTIFS($N$4:$N$491,$AU$3,$P$4:$P$491,$AC8)+COUNTIFS($Q$4:$Q$491,$AU$3,$S$4:$S$491,$AC8) -> 0 | AV8: =COUNTIFS($N$4:$N$491,$AV$3,$P$4:$P$491,$AC8)+COUNTIFS($Q$4:$Q$491,$AV$3,$S$4:$S$491,$AC8) -> 0 | AW8: =COUNTIFS($N$4:$N$491,$AW$3,$P$4:$P$491,$AC8)+COUNTIFS($Q$4:$Q$491,$AW$3,$S$4:$S$491,$AC8) -> 0
A9: 7 | B9: 25 | C9: 홍서연 | D9: 화법과작문 | E9: 91 | F9: =IF(D9=예상등급!$A$1,LOOKUP(E9,예상등급!$A$5:$A$13,예상등급!$B$5:$B$13),IF(D9=예상등급!$A$15,LOOKUP(E9,예상등급!$A$19:$A$27,예상등급!$B$19:$B$27),"")) -> 1 | G9: 미적분 | H9: 70 | I9: =IF(G9=예상등급!$G$15,LOOKUP(H9,예상등급!$G$19:$G$27,예상등급!$H$19:$H$27),IF(G9=예상등급!$J$15,LOOKUP(H9,예상등급!$J$19:$J$27,예상등급!$K$19:$K$27),IF(G9=예상등급!$M$15,LOOKUP(H9,예상등급!$M$19:$M$27,예상등급!$N$19:$N$27),""))) -> 3 | J9: 97 | K9: =IF(J9="","",(LOOKUP(J9,예상등급!$D$5:$D$13,예상등급!$E$5:$E$13))) -> 1 | L9: =SUM(E9,H9,J9) -> 258 | M9: =RANK(L9,$L$4:$L$491) -> 1 | N9: 생명과학I | O9: 26 | P9: =IF(N9=예상등급!$G$1,LOOKUP(O9,예상등급!$G$5:$G$13,예상등급!$H$5:$H$13),IF(N9=예상등급!$J$1,LOOKUP(O9,예상등급!$J$5:$J$13,예상등급!$K$5:$K$13),IF(N9=예상등급!$M$1,LOOKUP(O9,예상등급!$M$5:$M$13,예상등급!$N$5:$N$13),IF(N9=예상등급!$P$1,LOOKUP(O9,예상등급!$P$5:$P$13,예상등급!$Q$5:$Q$13),IF(N9=예상등급!$S$1,LOOKUP(O9,예상등급!$S$5:$S$13,예상등급!$T$5:$T$13),IF(N9=예상등급!$V$1,LOOKUP(O9,예상등급!$V$5:$V$13,예상등급!$W$5:$W$13),IF(N9=예상등급!$Y$1,LOOKUP(O9,예상등급!$Y$5:$Y$13,예상등급!$Z$5:$Z$13),IF(N9=예상등급!$AB$1,LOOKUP(O9,예상등급!$AB$5:$AB$13,예상등급!$AC$5:$AC$13),IF(N9=예상등급!$AE$1,LOOKUP(O9,예상등급!$AE$5:$AE$13,예상등급!$AF$5:$AF$13),IF(N9=예상등급!$AH$1,LOOKUP(O9,예상등급!$AH$5:$AH$13,예상등급!$AI$5:$AI$13),IF(N9=예상등급!$AK$1,LOOKUP(O9,예상등급!$AK$5:$AK$13,예상등급!$AL$5:$AL$13),IF(N9=예상등급!$AN$1,LOOKUP(O9,예상등급!$AN$5:$AN$13,예상등급!$AO$5:$AO$13),IF(N9=예상등급!$AQ$1,LOOKUP(O9,예상등급!$AQ$5:$AQ$13,예상등급!$AR$5:$AR$13),IF(N9=예상등급!$AH$15,LOOKUP(O9,예상등급!$AH$19:$AH$27,예상등급!$AI$19:$AI$27),IF(N9=예상등급!$AK$15,LOOKUP(O9,예상등급!$AK$19:$AK$27,예상등급!$AL$19:$AL$27),IF(N9=예상등급!$AN$15,LOOKUP(O9,예상등급!$AN$19:$AN$27,예상등급!$AO$19:$AO$27),IF(N9=예상등급!$AQ$15,LOOKUP(O9,예상등급!$AQ$19:$AQ$27,예상등급!$AR$19:$AR$27),""))))))))))))))))) -> 4 | Q9: 지구과학I | R9: 23 | S9: =IF(Q9=예상등급!$G$1,LOOKUP(R9,예상등급!$G$5:$G$13,예상등급!$H$5:$H$13),IF(Q9=예상등급!$J$1,LOOKUP(R9,예상등급!$J$5:$J$13,예상등급!$K$5:$K$13),IF(Q9=예상등급!$M$1,LOOKUP(R9,예상등급!$M$5:$M$13,예상등급!$N$5:$N$13),IF(Q9=예상등급!$P$1,LOOKUP(R9,예상등급!$P$5:$P$13,예상등급!$Q$5:$Q$13),IF(Q9=예상등급!$S$1,LOOKUP(R9,예상등급!$S$5:$S$13,예상등급!$T$5:$T$13),IF(Q9=예상등급!$V$1,LOOKUP(R9,예상등급!$V$5:$V$13,예상등급!$W$5:$W$13),IF(Q9=예상등급!$Y$1,LOOKUP(R9,예상등급!$Y$5:$Y$13,예상등급!$Z$5:$Z$13),IF(Q9=예상등급!$AB$1,LOOKUP(R9,예상등급!$AB$5:$AB$13,예상등급!$AC$5:$AC$13),IF(Q9=예상등급!$AE$1,LOOKUP(R9,예상등급!$AE$5:$AE$13,예상등급!$AF$5:$AF$13),IF(Q9=예상등급!$AH$1,LOOKUP(R9,예상등급!$AH$5:$AH$13,예상등급!$AI$5:$AI$13),IF(Q9=예상등급!$AK$1,LOOKUP(R9,예상등급!$AK$5:$AK$13,예상등급!$AL$5:$AL$13),IF(Q9=예상등급!$AN$1,LOOKUP(R9,예상등급!$AN$5:$AN$13,예상등급!$AO$5:$AO$13),IF(Q9=예상등급!$AQ$1,LOOKUP(R9,예상등급!$AQ$5:$AQ$13,예상등급!$AR$5:$AR$13),IF(Q9=예상등급!$AH$15,LOOKUP(R9,예상등급!$AH$19:$AH$27,예상등급!$AI$19:$AI$27),IF(Q9=예상등급!$AK$15,LOOKUP(R9,예상등급!$AK$19:$AK$27,예상등급!$AL$19:$AL$27),IF(Q9=예상등급!$AN$15,LOOKUP(R9,예상등급!$AN$19:$AN$27,예상등급!$AO$19:$AO$27),IF(Q9=예상등급!$AQ$15,LOOKUP(R9,예상등급!$AQ$19:$AQ$27,예상등급!$AR$19:$AR$27),""))))))))))))))))) -> 4 | T9: 42 | U9: =IF(T9="","",LOOKUP(T9,예상등급!$D$19:$D$27,예상등급!$E$19:$E$27)) -> 1 | V9: =SUM(L9,T9,R9,O9) -> 349 | W9: =RANK(V9,$V$4:$V$491) -> 6 | Y9: 400 | Z9: =FREQUENCY($V$4:$V$236,AA8:AA43) -> 0 | AA9: 399 | AC9: 6 | AD9: 등급 | AE9: =COUNTIFS($D$4:$D$491,$AE$3,$F$4:$F$491,AC9) -> 38 | AF9: =COUNTIFS($D$4:$D$491,$AF$3,$F$4:$F$491,AC9) -> 0 | AG9: =COUNTIFS($G$4:$G$491,$AG$3,$I$4:$I$491,AC9) -> 15 | AH9: =COUNTIFS($G$4:$G$491,$AH$3,$I$4:$I$491,AC9) -> 1 | AI9: =COUNTIFS($G$4:$G$491,$AI$3,$I$4:$I$491,AC9) -> 0 | AJ9: =COUNTIF($K$4:$K$491,AC9) -> 24 | AK9: =COUNTIF($U$4:$U$491,AC9) -> 49 | AL9: =COUNTIFS($N$4:$N$491,$AL$3,$P$4:$P$491,$AC9)+COUNTIFS($Q$4:$Q$491,$AL$3,$S$4:$S$491,$AC9) -> 2 | AM9: =COUNTIFS($N$4:$N$491,$AM$3,$P$4:$P$491,$AC9)+COUNTIFS($Q$4:$Q$491,$AM$3,$S$4:$S$491,$AC9) -> 0 | AN9: =COUNTIFS($N$4:$N$491,$AN$3,$P$4:$P$491,$AC9)+COUNTIFS($Q$4:$Q$491,$AN$3,$S$4:$S$491,$AC9) -> 2 | AO9: =COUNTIFS($N$4:$N$491,$AO$3,$P$4:$P$491,$AC9)+COUNTIFS($Q$4:$Q$491,$AO$3,$S$4:$S$491,$AC9) -> 2 | AP9: =COUNTIFS($N$4:$N$491,$AP$3,$P$4:$P$491,$AC9) -> 0 | AQ9: =COUNTIFS($N$4:$N$491,$AQ$3,$P$4:$P$491,$AC9) -> 0 | AR9: =COUNTIFS($N$4:$N$491,$AR$3,$P$4:$P$491,$AC9) -> 0 | AS9: =COUNTIFS($N$4:$N$491,$AS$3,$P$4:$P$491,$AC9) -> 0 | AT9: =COUNTIFS($N$4:$N$491,$AT$3,$P$4:$P$491,$AC9)+COUNTIFS($Q$4:$Q$491,$AT$3,$S$4:$S$491,$AC9) -> 0 | AU9: =COUNTIFS($N$4:$N$491,$AU$3,$P$4:$P$491,$AC9)+COUNTIFS($Q$4:$Q$491,$AU$3,$S$4:$S$491,$AC9) -> 0 | AV9: =COUNTIFS($N$4:$N$491,$AV$3,$P$4:$P$491,$AC9)+COUNTIFS($Q$4:$Q$491,$AV$3,$S$4:$S$491,$AC9) -> 0 | AW9: =COUNTIFS($N$4:$N$491,$AW$3,$P$4:$P$491,$AC9)+COUNTIFS($Q$4:$Q$491,$AW$3,$S$4:$S$491,$AC9) -> 0
A10: 9 | B10: 11 | C10: 박연우 | D10: 언어와매체 | E10: 77 | F10: =IF(D10=예상등급!$A$1,LOOKUP(E10,예상등급!$A$5:$A$13,예상등급!$B$5:$B$13),IF(D10=예상등급!$A$15,LOOKUP(E10,예상등급!$A$19:$A$27,예상등급!$B$19:$B$27),"")) -> 1 | G10: 확률과통계 | H10: 53 | I10: =IF(G10=예상등급!$G$15,LOOKUP(H10,예상등급!$G$19:$G$27,예상등급!$H$19:$H$27),IF(G10=예상등급!$J$15,LOOKUP(H10,예상등급!$J$19:$J$27,예상등급!$K$19:$K$27),IF(G10=예상등급!$M$15,LOOKUP(H10,예상등급!$M$19:$M$27,예상등급!$N$19:$N$27),""))) -> 5 | J10: 92 | K10: =IF(J10="","",(LOOKUP(J10,예상등급!$D$5:$D$13,예상등급!$E$5:$E$13))) -> 1 | L10: =SUM(E10,H10,J10) -> 222 | M10: =RANK(L10,$L$4:$L$491) -> 15 | N10: 윤리와사상 | O10: 47 | P10: =IF(N10=예상등급!$G$1,LOOKUP(O10,예상등급!$G$5:$G$13,예상등급!$H$5:$H$13),IF(N10=예상등급!$J$1,LOOKUP(O10,예상등급!$J$5:$J$13,예상등급!$K$5:$K$13),IF(N10=예상등급!$M$1,LOOKUP(O10,예상등급!$M$5:$M$13,예상등급!$N$5:$N$13),IF(N10=예상등급!$P$1,LOOKUP(O10,예상등급!$P$5:$P$13,예상등급!$Q$5:$Q$13),IF(N10=예상등급!$S$1,LOOKUP(O10,예상등급!$S$5:$S$13,예상등급!$T$5:$T$13),IF(N10=예상등급!$V$1,LOOKUP(O10,예상등급!$V$5:$V$13,예상등급!$W$5:$W$13),IF(N10=예상등급!$Y$1,LOOKUP(O10,예상등급!$Y$5:$Y$13,예상등급!$Z$5:$Z$13),IF(N10=예상등급!$AB$1,LOOKUP(O10,예상등급!$AB$5:$AB$13,예상등급!$AC$5:$AC$13),IF(N10=예상등급!$AE$1,LOOKUP(O10,예상등급!$AE$5:$AE$13,예상등급!$AF$5:$AF$13),IF(N10=예상등급!$AH$1,LOOKUP(O10,예상등급!$AH$5:$AH$13,예상등급!$AI$5:$AI$13),IF(N10=예상등급!$AK$1,LOOKUP(O10,예상등급!$AK$5:$AK$13,예상등급!$AL$5:$AL$13),IF(N10=예상등급!$AN$1,LOOKUP(O10,예상등급!$AN$5:$AN$13,예상등급!$AO$5:$AO$13),IF(N10=예상등급!$AQ$1,LOOKUP(O10,예상등급!$AQ$5:$AQ$13,예상등급!$AR$5:$AR$13),IF(N10=예상등급!$AH$15,LOOKUP(O10,예상등급!$AH$19:$AH$27,예상등급!$AI$19:$AI$27),IF(N10=예상등급!$AK$15,LOOKUP(O10,예상등급!$AK$19:$AK$27,예상등급!$AL$19:$AL$27),IF(N10=예상등급!$AN$15,LOOKUP(O10,예상등급!$AN$19:$AN$27,예상등급!$AO$19:$AO$27),IF(N10=예상등급!$AQ$15,LOOKUP(O10,예상등급!$AQ$19:$AQ$27,예상등급!$AR$19:$AR$27),""))))))))))))))))) -> 1 | Q10: 생활과윤리 | R10: 42 | S10: =IF(Q10=예상등급!$G$1,LOOKUP(R10,예상등급!$G$5:$G$13,예상등급!$H$5:$H$13),IF(Q10=예상등급!$J$1,LOOKUP(R10,예상등급!$J$5:$J$13,예상등급!$K$5:$K$13),IF(Q10=예상등급!$M$1,LOOKUP(R10,예상등급!$M$5:$M$13,예상등급!$N$5:$N$13),IF(Q10=예상등급!$P$1,LOOKUP(R10,예상등급!$P$5:$P$13,예상등급!$Q$5:$Q$13),IF(Q10=예상등급!$S$1,LOOKUP(R10,예상등급!$S$5:$S$13,예상등급!$T$5:$T$13),IF(Q10=예상등급!$V$1,LOOKUP(R10,예상등급!$V$5:$V$13,예상등급!$W$5:$W$13),IF(Q10=예상등급!$Y$1,LOOKUP(R10,예상등급!$Y$5:$Y$13,예상등급!$Z$5:$Z$13),IF(Q10=예상등급!$AB$1,LOOKUP(R10,예상등급!$AB$5:$AB$13,예상등급!$AC$5:$AC$13),IF(Q10=예상등급!$AE$1,LOOKUP(R10,예상등급!$AE$5:$AE$13,예상등급!$AF$5:$AF$13),IF(Q10=예상등급!$AH$1,LOOKUP(R10,예상등급!$AH$5:$AH$13,예상등급!$AI$5:$AI$13),IF(Q10=예상등급!$AK$1,LOOKUP(R10,예상등급!$AK$5:$AK$13,예상등급!$AL$5:$AL$13),IF(Q10=예상등급!$AN$1,LOOKUP(R10,예상등급!$AN$5:$AN$13,예상등급!$AO$5:$AO$13),IF(Q10=예상등급!$AQ$1,LOOKUP(R10,예상등급!$AQ$5:$AQ$13,예상등급!$AR$5:$AR$13),IF(Q10=예상등급!$AH$15,LOOKUP(R10,예상등급!$AH$19:$AH$27,예상등급!$AI$19:$AI$27),IF(Q10=예상등급!$AK$15,LOOKUP(R10,예상등급!$AK$19:$AK$27,예상등급!$AL$19:$AL$27),IF(Q10=예상등급!$AN$15,LOOKUP(R10,예상등급!$AN$19:$AN$27,예상등급!$AO$19:$AO$27),IF(Q10=예상등급!$AQ$15,LOOKUP(R10,예상등급!$AQ$19:$AQ$27,예상등급!$AR$19:$AR$27),""))))))))))))))))) -> 2 | T10: 36 | U10: =IF(T10="","",LOOKUP(T10,예상등급!$D$19:$D$27,예상등급!$E$19:$E$27)) -> 2 | V10: =SUM(L10,T10,R10,O10) -> 347 | W10: =RANK(V10,$V$4:$V$491) -> 7 | Y10: 390 | Z10: =FREQUENCY($V$4:$V$236,AA9:AA44) -> 0 | AA10: 389 | AC10: 7 | AD10: 등급 | AE10: =COUNTIFS($D$4:$D$491,$AE$3,$F$4:$F$491,AC10) -> 16 | AF10: =COUNTIFS($D$4:$D$491,$AF$3,$F$4:$F$491,AC10) -> 0 | AG10: =COUNTIFS($G$4:$G$491,$AG$3,$I$4:$I$491,AC10) -> 19 | AH10: =COUNTIFS($G$4:$G$491,$AH$3,$I$4:$I$491,AC10) -> 4 | AI10: =COUNTIFS($G$4:$G$491,$AI$3,$I$4:$I$491,AC10) -> 0 | AJ10: =COUNTIF($K$4:$K$491,AC10) -> 11 | AK10: =COUNTIF($U$4:$U$491,AC10) -> 42 | AL10: =COUNTIFS($N$4:$N$491,$AL$3,$P$4:$P$491,$AC10)+COUNTIFS($Q$4:$Q$491,$AL$3,$S$4:$S$491,$AC10) -> 0 | AM10: =COUNTIFS($N$4:$N$491,$AM$3,$P$4:$P$491,$AC10)+COUNTIFS($Q$4:$Q$491,$AM$3,$S$4:$S$491,$AC10) -> 0 | AN10: =COUNTIFS($N$4:$N$491,$AN$3,$P$4:$P$491,$AC10)+COUNTIFS($Q$4:$Q$491,$AN$3,$S$4:$S$491,$AC10) -> 1 | AO10: =COUNTIFS($N$4:$N$491,$AO$3,$P$4:$P$491,$AC10)+COUNTIFS($Q$4:$Q$491,$AO$3,$S$4:$S$491,$AC10) -> 3 | AP10: =COUNTIFS($N$4:$N$491,$AP$3,$P$4:$P$491,$AC10) -> 0 | AQ10: =COUNTIFS($N$4:$N$491,$AQ$3,$P$4:$P$491,$AC10) -> 0 | AR10: =COUNTIFS($N$4:$N$491,$AR$3,$P$4:$P$491,$AC10) -> 0 | AS10: =COUNTIFS($N$4:$N$491,$AS$3,$P$4:$P$491,$AC10) -> 0 | AT10: =COUNTIFS($N$4:$N$491,$AT$3,$P$4:$P$491,$AC10)+COUNTIFS($Q$4:$Q$491,$AT$3,$S$4:$S$491,$AC10) -> 0 | AU10: =COUNTIFS($N$4:$N$491,$AU$3,$P$4:$P$491,$AC10)+COUNTIFS($Q$4:$Q$491,$AU$3,$S$4:$S$491,$AC10) -> 0 | AV10: =COUNTIFS($N$4:$N$491,$AV$3,$P$4:$P$491,$AC10)+COUNTIFS($Q$4:$Q$491,$AV$3,$S$4:$S$491,$AC10) -> 0 | AW10: =COUNTIFS($N$4:$N$491,$AW$3,$P$4:$P$491,$AC10)+COUNTIFS($Q$4:$Q$491,$AW$3,$S$4:$S$491,$AC10) -> 0
A11: 1 | B11: 19 | C11: 이형도 | D11: 화법과작문 | E11: 74 | F11: =IF(D11=예상등급!$A$1,LOOKUP(E11,예상등급!$A$5:$A$13,예상등급!$B$5:$B$13),IF(D11=예상등급!$A$15,LOOKUP(E11,예상등급!$A$19:$A$27,예상등급!$B$19:$B$27),"")) -> 2 | G11: 확률과통계 | H11: 69 | I11: =IF(G11=예상등급!$G$15,LOOKUP(H11,예상등급!$G$19:$G$27,예상등급!$H$19:$H$27),IF(G11=예상등급!$J$15,LOOKUP(H11,예상등급!$J$19:$J$27,예상등급!$K$19:$K$27),IF(G11=예상등급!$M$15,LOOKUP(H11,예상등급!$M$19:$M$27,예상등급!$N$19:$N$27),""))) -> 3 | J11: 79 | K11: =IF(J11="","",(LOOKUP(J11,예상등급!$D$5:$D$13,예상등급!$E$5:$E$13))) -> 3 | L11: =SUM(E11,H11,J11) -> 222 | M11: =RANK(L11,$L$4:$L$491) -> 15 | N11: 한국지리 | O11: 41 | P11: =IF(N11=예상등급!$G$1,LOOKUP(O11,예상등급!$G$5:$G$13,예상등급!$H$5:$H$13),IF(N11=예상등급!$J$1,LOOKUP(O11,예상등급!$J$5:$J$13,예상등급!$K$5:$K$13),IF(N11=예상등급!$M$1,LOOKUP(O11,예상등급!$M$5:$M$13,예상등급!$N$5:$N$13),IF(N11=예상등급!$P$1,LOOKUP(O11,예상등급!$P$5:$P$13,예상등급!$Q$5:$Q$13),IF(N11=예상등급!$S$1,LOOKUP(O11,예상등급!$S$5:$S$13,예상등급!$T$5:$T$13),IF(N11=예상등급!$V$1,LOOKUP(O11,예상등급!$V$5:$V$13,예상등급!$W$5:$W$13),IF(N11=예상등급!$Y$1,LOOKUP(O11,예상등급!$Y$5:$Y$13,예상등급!$Z$5:$Z$13),IF(N11=예상등급!$AB$1,LOOKUP(O11,예상등급!$AB$5:$AB$13,예상등급!$AC$5:$AC$13),IF(N11=예상등급!$AE$1,LOOKUP(O11,예상등급!$AE$5:$AE$13,예상등급!$AF$5:$AF$13),IF(N11=예상등급!$AH$1,LOOKUP(O11,예상등급!$AH$5:$AH$13,예상등급!$AI$5:$AI$13),IF(N11=예상등급!$AK$1,LOOKUP(O11,예상등급!$AK$5:$AK$13,예상등급!$AL$5:$AL$13),IF(N11=예상등급!$AN$1,LOOKUP(O11,예상등급!$AN$5:$AN$13,예상등급!$AO$5:$AO$13),IF(N11=예상등급!$AQ$1,LOOKUP(O11,예상등급!$AQ$5:$AQ$13,예상등급!$AR$5:$AR$13),IF(N11=예상등급!$AH$15,LOOKUP(O11,예상등급!$AH$19:$AH$27,예상등급!$AI$19:$AI$27),IF(N11=예상등급!$AK$15,LOOKUP(O11,예상등급!$AK$19:$AK$27,예상등급!$AL$19:$AL$27),IF(N11=예상등급!$AN$15,LOOKUP(O11,예상등급!$AN$19:$AN$27,예상등급!$AO$19:$AO$27),IF(N11=예상등급!$AQ$15,LOOKUP(O11,예상등급!$AQ$19:$AQ$27,예상등급!$AR$19:$AR$27),""))))))))))))))))) -> 1 | Q11: 세계지리 | R11: 48 | S11: =IF(Q11=예상등급!$G$1,LOOKUP(R11,예상등급!$G$5:$G$13,예상등급!$H$5:$H$13),IF(Q11=예상등급!$J$1,LOOKUP(R11,예상등급!$J$5:$J$13,예상등급!$K$5:$K$13),IF(Q11=예상등급!$M$1,LOOKUP(R11,예상등급!$M$5:$M$13,예상등급!$N$5:$N$13),IF(Q11=예상등급!$P$1,LOOKUP(R11,예상등급!$P$5:$P$13,예상등급!$Q$5:$Q$13),IF(Q11=예상등급!$S$1,LOOKUP(R11,예상등급!$S$5:$S$13,예상등급!$T$5:$T$13),IF(Q11=예상등급!$V$1,LOOKUP(R11,예상등급!$V$5:$V$13,예상등급!$W$5:$W$13),IF(Q11=예상등급!$Y$1,LOOKUP(R11,예상등급!$Y$5:$Y$13,예상등급!$Z$5:$Z$13),IF(Q11=예상등급!$AB$1,LOOKUP(R11,예상등급!$AB$5:$AB$13,예상등급!$AC$5:$AC$13),IF(Q11=예상등급!$AE$1,LOOKUP(R11,예상등급!$AE$5:$AE$13,예상등급!$AF$5:$AF$13),IF(Q11=예상등급!$AH$1,LOOKUP(R11,예상등급!$AH$5:$AH$13,예상등급!$AI$5:$AI$13),IF(Q11=예상등급!$AK$1,LOOKUP(R11,예상등급!$AK$5:$AK$13,예상등급!$AL$5:$AL$13),IF(Q11=예상등급!$AN$1,LOOKUP(R11,예상등급!$AN$5:$AN$13,예상등급!$AO$5:$AO$13),IF(Q11=예상등급!$AQ$1,LOOKUP(R11,예상등급!$AQ$5:$AQ$13,예상등급!$AR$5:$AR$13),IF(Q11=예상등급!$AH$15,LOOKUP(R11,예상등급!$AH$19:$AH$27,예상등급!$AI$19:$AI$27),IF(Q11=예상등급!$AK$15,LOOKUP(R11,예상등급!$AK$19:$AK$27,예상등급!$AL$19:$AL$27),IF(Q11=예상등급!$AN$15,LOOKUP(R11,예상등급!$AN$19:$AN$27,예상등급!$AO$19:$AO$27),IF(Q11=예상등급!$AQ$15,LOOKUP(R11,예상등급!$AQ$19:$AQ$27,예상등급!$AR$19:$AR$27),""))))))))))))))))) -> 1 | T11: 35 | U11: =IF(T11="","",LOOKUP(T11,예상등급!$D$19:$D$27,예상등급!$E$19:$E$27)) -> 2 | V11: =SUM(L11,T11,R11,O11) -> 346 | W11: =RANK(V11,$V$4:$V$491) -> 8 | Y11: 380 | Z11: =FREQUENCY($V$4:$V$236,AA10:AA45) -> 0 | AC11: 8 | AD11: 등급 | AE11: =COUNTIFS($D$4:$D$491,$AE$3,$F$4:$F$491,AC11) -> 6 | AF11: =COUNTIFS($D$4:$D$491,$AF$3,$F$4:$F$491,AC11) -> 0 | AG11: =COUNTIFS($G$4:$G$491,$AG$3,$I$4:$I$491,AC11) -> 16 | AH11: =COUNTIFS($G$4:$G$491,$AH$3,$I$4:$I$491,AC11) -> 0 | AI11: =COUNTIFS($G$4:$G$491,$AI$3,$I$4:$I$491,AC11) -> 0 | AJ11: =COUNTIF($K$4:$K$491,AC11) -> 5 | AK11: =COUNTIF($U$4:$U$491,AC11) -> 20 | AL11: =COUNTIFS($N$4:$N$491,$AL$3,$P$4:$P$491,$AC11)+COUNTIFS($Q$4:$Q$491,$AL$3,$S$4:$S$491,$AC11) -> 0 | AM11: =COUNTIFS($N$4:$N$491,$AM$3,$P$4:$P$491,$AC11)+COUNTIFS($Q$4:$Q$491,$AM$3,$S$4:$S$491,$AC11) -> 1 | AN11: =COUNTIFS($N$4:$N$491,$AN$3,$P$4:$P$491,$AC11)+COUNTIFS($Q$4:$Q$491,$AN$3,$S$4:$S$491,$AC11) -> 0 | AO11: =COUNTIFS($N$4:$N$491,$AO$3,$P$4:$P$491,$AC11)+COUNTIFS($Q$4:$Q$491,$AO$3,$S$4:$S$491,$AC11) -> 3 | AP11: =COUNTIFS($N$4:$N$491,$AP$3,$P$4:$P$491,$AC11) -> 0 | AQ11: =COUNTIFS($N$4:$N$491,$AQ$3,$P$4:$P$491,$AC11) -> 0 | AR11: =COUNTIFS($N$4:$N$491,$AR$3,$P$4:$P$491,$AC11) -> 0 | AS11: =COUNTIFS($N$4:$N$491,$AS$3,$P$4:$P$491,$AC11) -> 0 | AT11: =COUNTIFS($N$4:$N$491,$AT$3,$P$4:$P$491,$AC11)+COUNTIFS($Q$4:$Q$491,$AT$3,$S$4:$S$491,$AC11) -> 0 | AU11: =COUNTIFS($N$4:$N$491,$AU$3,$P$4:$P$491,$AC11)+COUNTIFS($Q$4:$Q$491,$AU$3,$S$4:$S$491,$AC11) -> 0 | AV11: =COUNTIFS($N$4:$N$491,$AV$3,$P$4:$P$491,$AC11)+COUNTIFS($Q$4:$Q$491,$AV$3,$S$4:$S$491,$AC11) -> 0 | AW11: =COUNTIFS($N$4:$N$491,$AW$3,$P$4:$P$491,$AC11)+COUNTIFS($Q$4:$Q$491,$AW$3,$S$4:$S$491,$AC11) -> 0
A12: 5 | B12: 19 | C12: 임민호 | D12: 화법과작문 | E12: 67 | F12: =IF(D12=예상등급!$A$1,LOOKUP(E12,예상등급!$A$5:$A$13,예상등급!$B$5:$B$13),IF(D12=예상등급!$A$15,LOOKUP(E12,예상등급!$A$19:$A$27,예상등급!$B$19:$B$27),"")) -> 3 | G12: 확률과통계 | H12: 72 | I12: =IF(G12=예상등급!$G$15,LOOKUP(H12,예상등급!$G$19:$G$27,예상등급!$H$19:$H$27),IF(G12=예상등급!$J$15,LOOKUP(H12,예상등급!$J$19:$J$27,예상등급!$K$19:$K$27),IF(G12=예상등급!$M$15,LOOKUP(H12,예상등급!$M$19:$M$27,예상등급!$N$19:$N$27),""))) -> 3 | J12: 77 | K12: =IF(J12="","",(LOOKUP(J12,예상등급!$D$5:$D$13,예상등급!$E$5:$E$13))) -> 3 | L12: =SUM(E12,H12,J12) -> 216 | M12: =RANK(L12,$L$4:$L$491) -> 24 | N12: 정치와법 | O12: 50 | P12: =IF(N12=예상등급!$G$1,LOOKUP(O12,예상등급!$G$5:$G$13,예상등급!$H$5:$H$13),IF(N12=예상등급!$J$1,LOOKUP(O12,예상등급!$J$5:$J$13,예상등급!$K$5:$K$13),IF(N12=예상등급!$M$1,LOOKUP(O12,예상등급!$M$5:$M$13,예상등급!$N$5:$N$13),IF(N12=예상등급!$P$1,LOOKUP(O12,예상등급!$P$5:$P$13,예상등급!$Q$5:$Q$13),IF(N12=예상등급!$S$1,LOOKUP(O12,예상등급!$S$5:$S$13,예상등급!$T$5:$T$13),IF(N12=예상등급!$V$1,LOOKUP(O12,예상등급!$V$5:$V$13,예상등급!$W$5:$W$13),IF(N12=예상등급!$Y$1,LOOKUP(O12,예상등급!$Y$5:$Y$13,예상등급!$Z$5:$Z$13),IF(N12=예상등급!$AB$1,LOOKUP(O12,예상등급!$AB$5:$AB$13,예상등급!$AC$5:$AC$13),IF(N12=예상등급!$AE$1,LOOKUP(O12,예상등급!$AE$5:$AE$13,예상등급!$AF$5:$AF$13),IF(N12=예상등급!$AH$1,LOOKUP(O12,예상등급!$AH$5:$AH$13,예상등급!$AI$5:$AI$13),IF(N12=예상등급!$AK$1,LOOKUP(O12,예상등급!$AK$5:$AK$13,예상등급!$AL$5:$AL$13),IF(N12=예상등급!$AN$1,LOOKUP(O12,예상등급!$AN$5:$AN$13,예상등급!$AO$5:$AO$13),IF(N12=예상등급!$AQ$1,LOOKUP(O12,예상등급!$AQ$5:$AQ$13,예상등급!$AR$5:$AR$13),IF(N12=예상등급!$AH$15,LOOKUP(O12,예상등급!$AH$19:$AH$27,예상등급!$AI$19:$AI$27),IF(N12=예상등급!$AK$15,LOOKUP(O12,예상등급!$AK$19:$AK$27,예상등급!$AL$19:$AL$27),IF(N12=예상등급!$AN$15,LOOKUP(O12,예상등급!$AN$19:$AN$27,예상등급!$AO$19:$AO$27),IF(N12=예상등급!$AQ$15,LOOKUP(O12,예상등급!$AQ$19:$AQ$27,예상등급!$AR$19:$AR$27),""))))))))))))))))) -> 1 | Q12: 생명과학I | R12: 29 | S12: =IF(Q12=예상등급!$G$1,LOOKUP(R12,예상등급!$G$5:$G$13,예상등급!$H$5:$H$13),IF(Q12=예상등급!$J$1,LOOKUP(R12,예상등급!$J$5:$J$13,예상등급!$K$5:$K$13),IF(Q12=예상등급!$M$1,LOOKUP(R12,예상등급!$M$5:$M$13,예상등급!$N$5:$N$13),IF(Q12=예상등급!$P$1,LOOKUP(R12,예상등급!$P$5:$P$13,예상등급!$Q$5:$Q$13),IF(Q12=예상등급!$S$1,LOOKUP(R12,예상등급!$S$5:$S$13,예상등급!$T$5:$T$13),IF(Q12=예상등급!$V$1,LOOKUP(R12,예상등급!$V$5:$V$13,예상등급!$W$5:$W$13),IF(Q12=예상등급!$Y$1,LOOKUP(R12,예상등급!$Y$5:$Y$13,예상등급!$Z$5:$Z$13),IF(Q12=예상등급!$AB$1,LOOKUP(R12,예상등급!$AB$5:$AB$13,예상등급!$AC$5:$AC$13),IF(Q12=예상등급!$AE$1,LOOKUP(R12,예상등급!$AE$5:$AE$13,예상등급!$AF$5:$AF$13),IF(Q12=예상등급!$AH$1,LOOKUP(R12,예상등급!$AH$5:$AH$13,예상등급!$AI$5:$AI$13),IF(Q12=예상등급!$AK$1,LOOKUP(R12,예상등급!$AK$5:$AK$13,예상등급!$AL$5:$AL$13),IF(Q12=예상등급!$AN$1,LOOKUP(R12,예상등급!$AN$5:$AN$13,예상등급!$AO$5:$AO$13),IF(Q12=예상등급!$AQ$1,LOOKUP(R12,예상등급!$AQ$5:$AQ$13,예상등급!$AR$5:$AR$13),IF(Q12=예상등급!$AH$15,LOOKUP(R12,예상등급!$AH$19:$AH$27,예상등급!$AI$19:$AI$27),IF(Q12=예상등급!$AK$15,LOOKUP(R12,예상등급!$AK$19:$AK$27,예상등급!$AL$19:$AL$27),IF(Q12=예상등급!$AN$15,LOOKUP(R12,예상등급!$AN$19:$AN$27,예상등급!$AO$19:$AO$27),IF(Q12=예상등급!$AQ$15,LOOKUP(R12,예상등급!$AQ$19:$AQ$27,예상등급!$AR$19:$AR$27),""))))))))))))))))) -> 4 | T12: 50 | U12: =IF(T12="","",LOOKUP(T12,예상등급!$D$19:$D$27,예상등급!$E$19:$E$27)) -> 1 | V12: =SUM(L12,T12,R12,O12) -> 345 | W12: =RANK(V12,$V$4:$V$491) -> 9 | Y12: 370 | Z12: =FREQUENCY($V$4:$V$236,AA12:AA46) -> 0 | AA12: 379 | AC12: 9 | AD12: 등급 | AE12: =COUNTIFS($D$4:$D$491,$AE$3,$F$4:$F$491,AC12) -> 1 | AF12: =COUNTIFS($D$4:$D$491,$AF$3,$F$4:$F$491,AC12) -> 0 | AG12: =COUNTIFS($G$4:$G$491,$AG$3,$I$4:$I$491,AC12) -> 31 | AH12: =COUNTIFS($G$4:$G$491,$AH$3,$I$4:$I$491,AC12) -> 0 | AI12: =COUNTIFS($G$4:$G$491,$AI$3,$I$4:$I$491,AC12) -> 0 | AJ12: =COUNTIF($K$4:$K$491,AC12) -> 2 | AK12: =COUNTIF($U$4:$U$491,AC12) -> 1 | AL12: =COUNTIFS($N$4:$N$491,$AL$3,$P$4:$P$491,$AC12)+COUNTIFS($Q$4:$Q$491,$AL$3,$S$4:$S$491,$AC12) -> 0 | AM12: =COUNTIFS($N$4:$N$491,$AM$3,$P$4:$P$491,$AC12)+COUNTIFS($Q$4:$Q$491,$AM$3,$S$4:$S$491,$AC12) -> 0 | AN12: =COUNTIFS($N$4:$N$491,$AN$3,$P$4:$P$491,$AC12)+COUNTIFS($Q$4:$Q$491,$AN$3,$S$4:$S$491,$AC12) -> 0 | AO12: =COUNTIFS($N$4:$N$491,$AO$3,$P$4:$P$491,$AC12)+COUNTIFS($Q$4:$Q$491,$AO$3,$S$4:$S$491,$AC12) -> 0 | AP12: =COUNTIFS($N$4:$N$491,$AP$3,$P$4:$P$491,$AC12) -> 0 | AQ12: =COUNTIFS($N$4:$N$491,$AQ$3,$P$4:$P$491,$AC12) -> 0 | AR12: =COUNTIFS($N$4:$N$491,$AR$3,$P$4:$P$491,$AC12) -> 0 | AS12: =COUNTIFS($N$4:$N$491,$AS$3,$P$4:$P$491,$AC12) -> 0 | AT12: =COUNTIFS($N$4:$N$491,$AT$3,$P$4:$P$491,$AC12)+COUNTIFS($Q$4:$Q$491,$AT$3,$S$4:$S$491,$AC12) -> 0 | AU12: =COUNTIFS($N$4:$N$491,$AU$3,$P$4:$P$491,$AC12)+COUNTIFS($Q$4:$Q$491,$AU$3,$S$4:$S$491,$AC12) -> 0 | AV12: =COUNTIFS($N$4:$N$491,$AV$3,$P$4:$P$491,$AC12)+COUNTIFS($Q$4:$Q$491,$AV$3,$S$4:$S$491,$AC12) -> 0 | AW12: =COUNTIFS($N$4:$N$491,$AW$3,$P$4:$P$491,$AC12)+COUNTIFS($Q$4:$Q$491,$AW$3,$S$4:$S$491,$AC12) -> 0
A13: 4 | B13: 16 | C13: 이건호 | D13: 언어와매체 | E13: 68 | F13: =IF(D13=예상등급!$A$1,LOOKUP(E13,예상등급!$A$5:$A$13,예상등급!$B$5:$B$13),IF(D13=예상등급!$A$15,LOOKUP(E13,예상등급!$A$19:$A$27,예상등급!$B$19:$B$27),"")) -> 2 | G13: 미적분 | H13: 58 | I13: =IF(G13=예상등급!$G$15,LOOKUP(H13,예상등급!$G$19:$G$27,예상등급!$H$19:$H$27),IF(G13=예상등급!$J$15,LOOKUP(H13,예상등급!$J$19:$J$27,예상등급!$K$19:$K$27),IF(G13=예상등급!$M$15,LOOKUP(H13,예상등급!$M$19:$M$27,예상등급!$N$19:$N$27),""))) -> 4 | J13: 100 | K13: =IF(J13="","",(LOOKUP(J13,예상등급!$D$5:$D$13,예상등급!$E$5:$E$13))) -> 1 | L13: =SUM(E13,H13,J13) -> 226 | M13: =RANK(L13,$L$4:$L$491) -> 13 | N13: 생명과학I | O13: 35 | P13: =IF(N13=예상등급!$G$1,LOOKUP(O13,예상등급!$G$5:$G$13,예상등급!$H$5:$H$13),IF(N13=예상등급!$J$1,LOOKUP(O13,예상등급!$J$5:$J$13,예상등급!$K$5:$K$13),IF(N13=예상등급!$M$1,LOOKUP(O13,예상등급!$M$5:$M$13,예상등급!$N$5:$N$13),IF(N13=예상등급!$P$1,LOOKUP(O13,예상등급!$P$5:$P$13,예상등급!$Q$5:$Q$13),IF(N13=예상등급!$S$1,LOOKUP(O13,예상등급!$S$5:$S$13,예상등급!$T$5:$T$13),IF(N13=예상등급!$V$1,LOOKUP(O13,예상등급!$V$5:$V$13,예상등급!$W$5:$W$13),IF(N13=예상등급!$Y$1,LOOKUP(O13,예상등급!$Y$5:$Y$13,예상등급!$Z$5:$Z$13),IF(N13=예상등급!$AB$1,LOOKUP(O13,예상등급!$AB$5:$AB$13,예상등급!$AC$5:$AC$13),IF(N13=예상등급!$AE$1,LOOKUP(O13,예상등급!$AE$5:$AE$13,예상등급!$AF$5:$AF$13),IF(N13=예상등급!$AH$1,LOOKUP(O13,예상등급!$AH$5:$AH$13,예상등급!$AI$5:$AI$13),IF(N13=예상등급!$AK$1,LOOKUP(O13,예상등급!$AK$5:$AK$13,예상등급!$AL$5:$AL$13),IF(N13=예상등급!$AN$1,LOOKUP(O13,예상등급!$AN$5:$AN$13,예상등급!$AO$5:$AO$13),IF(N13=예상등급!$AQ$1,LOOKUP(O13,예상등급!$AQ$5:$AQ$13,예상등급!$AR$5:$AR$13),IF(N13=예상등급!$AH$15,LOOKUP(O13,예상등급!$AH$19:$AH$27,예상등급!$AI$19:$AI$27),IF(N13=예상등급!$AK$15,LOOKUP(O13,예상등급!$AK$19:$AK$27,예상등급!$AL$19:$AL$27),IF(N13=예상등급!$AN$15,LOOKUP(O13,예상등급!$AN$19:$AN$27,예상등급!$AO$19:$AO$27),IF(N13=예상등급!$AQ$15,LOOKUP(O13,예상등급!$AQ$19:$AQ$27,예상등급!$AR$19:$AR$27),""))))))))))))))))) -> 3 | Q13: 지구과학I | R13: 37 | S13: =IF(Q13=예상등급!$G$1,LOOKUP(R13,예상등급!$G$5:$G$13,예상등급!$H$5:$H$13),IF(Q13=예상등급!$J$1,LOOKUP(R13,예상등급!$J$5:$J$13,예상등급!$K$5:$K$13),IF(Q13=예상등급!$M$1,LOOKUP(R13,예상등급!$M$5:$M$13,예상등급!$N$5:$N$13),IF(Q13=예상등급!$P$1,LOOKUP(R13,예상등급!$P$5:$P$13,예상등급!$Q$5:$Q$13),IF(Q13=예상등급!$S$1,LOOKUP(R13,예상등급!$S$5:$S$13,예상등급!$T$5:$T$13),IF(Q13=예상등급!$V$1,LOOKUP(R13,예상등급!$V$5:$V$13,예상등급!$W$5:$W$13),IF(Q13=예상등급!$Y$1,LOOKUP(R13,예상등급!$Y$5:$Y$13,예상등급!$Z$5:$Z$13),IF(Q13=예상등급!$AB$1,LOOKUP(R13,예상등급!$AB$5:$AB$13,예상등급!$AC$5:$AC$13),IF(Q13=예상등급!$AE$1,LOOKUP(R13,예상등급!$AE$5:$AE$13,예상등급!$AF$5:$AF$13),IF(Q13=예상등급!$AH$1,LOOKUP(R13,예상등급!$AH$5:$AH$13,예상등급!$AI$5:$AI$13),IF(Q13=예상등급!$AK$1,LOOKUP(R13,예상등급!$AK$5:$AK$13,예상등급!$AL$5:$AL$13),IF(Q13=예상등급!$AN$1,LOOKUP(R13,예상등급!$AN$5:$AN$13,예상등급!$AO$5:$AO$13),IF(Q13=예상등급!$AQ$1,LOOKUP(R13,예상등급!$AQ$5:$AQ$13,예상등급!$AR$5:$AR$13),IF(Q13=예상등급!$AH$15,LOOKUP(R13,예상등급!$AH$19:$AH$27,예상등급!$AI$19:$AI$27),IF(Q13=예상등급!$AK$15,LOOKUP(R13,예상등급!$AK$19:$AK$27,예상등급!$AL$19:$AL$27),IF(Q13=예상등급!$AN$15,LOOKUP(R13,예상등급!$AN$19:$AN$27,예상등급!$AO$19:$AO$27),IF(Q13=예상등급!$AQ$15,LOOKUP(R13,예상등급!$AQ$19:$AQ$27,예상등급!$AR$19:$AR$27),""))))))))))))))))) -> 2 | T13: 43 | U13: =IF(T13="","",LOOKUP(T13,예상등급!$D$19:$D$27,예상등급!$E$19:$E$27)) -> 1 | V13: =SUM(L13,T13,R13,O13) -> 341 | W13: =RANK(V13,$V$4:$V$491) -> 10 | Y13: 360 | Z13: =FREQUENCY($V$4:$V$236,AA13:AA47) -> 2 | AA13: 369 | AC13: 응시자 | AE13: =SUM(AE4:AE12) -> 220 | AF13: =SUM(AF4:AF12) -> 11 | AG13: =SUM(AG4:AG12) -> 159 | AH13: =SUM(AH4:AH12) -> 68 | AI13: =SUM(AI4:AI12) -> 3 | AJ13: =SUM(AJ4:AJ12) -> 227 | AK13: =SUM(AK4:AK12) -> 226 | AL13: =SUM(AL4:AL12) -> 17 | ... AW13: =SUM(AW4:AW12) -> 0
A14: 4 | B14: 4 | C14: 김동현 | D14: 화법과작문 | E14: 71 | F14: =IF(D14=예상등급!$A$1,LOOKUP(E14,예상등급!$A$5:$A$13,예상등급!$B$5:$B$13),IF(D14=예상등급!$A$15,LOOKUP(E14,예상등급!$A$19:$A$27,예상등급!$B$19:$B$27),"")) -> 3 | G14: 미적분 | H14: 65 | I14: =IF(G14=예상등급!$G$15,LOOKUP(H14,예상등급!$G$19:$G$27,예상등급!$H$19:$H$27),IF(G14=예상등급!$J$15,LOOKUP(H14,예상등급!$J$19:$J$27,예상등급!$K$19:$K$27),IF(G14=예상등급!$M$15,LOOKUP(H14,예상등급!$M$19:$M$27,예상등급!$N$19:$N$27),""))) -> 3 | J14: 82 | K14: =IF(J14="","",(LOOKUP(J14,예상등급!$D$5:$D$13,예상등급!$E$5:$E$13))) -> 2 | L14: =SUM(E14,H14,J14) -> 218 | M14: =RANK(L14,$L$4:$L$491) -> 23 | N14: 생활과윤리 | O14: 40 | P14: =IF(N14=예상등급!$G$1,LOOKUP(O14,예상등급!$G$5:$G$13,예상등급!$H$5:$H$13),IF(N14=예상등급!$J$1,LOOKUP(O14,예상등급!$J$5:$J$13,예상등급!$K$5:$K$13),IF(N14=예상등급!$M$1,LOOKUP(O14,예상등급!$M$5:$M$13,예상등급!$N$5:$N$13),IF(N14=예상등급!$P$1,LOOKUP(O14,예상등급!$P$5:$P$13,예상등급!$Q$5:$Q$13),IF(N14=예상등급!$S$1,LOOKUP(O14,예상등급!$S$5:$S$13,예상등급!$T$5:$T$13),IF(N14=예상등급!$V$1,LOOKUP(O14,예상등급!$V$5:$V$13,예상등급!$W$5:$W$13),IF(N14=예상등급!$Y$1,LOOKUP(O14,예상등급!$Y$5:$Y$13,예상등급!$Z$5:$Z$13),IF(N14=예상등급!$AB$1,LOOKUP(O14,예상등급!$AB$5:$AB$13,예상등급!$AC$5:$AC$13),IF(N14=예상등급!$AE$1,LOOKUP(O14,예상등급!$AE$5:$AE$13,예상등급!$AF$5:$AF$13),IF(N14=예상등급!$AH$1,LOOKUP(O14,예상등급!$AH$5:$AH$13,예상등급!$AI$5:$AI$13),IF(N14=예상등급!$AK$1,LOOKUP(O14,예상등급!$AK$5:$AK$13,예상등급!$AL$5:$AL$13),IF(N14=예상등급!$AN$1,LOOKUP(O14,예상등급!$AN$5:$AN$13,예상등급!$AO$5:$AO$13),IF(N14=예상등급!$AQ$1,LOOKUP(O14,예상등급!$AQ$5:$AQ$13,예상등급!$AR$5:$AR$13),IF(N14=예상등급!$AH$15,LOOKUP(O14,예상등급!$AH$19:$AH$27,예상등급!$AI$19:$AI$27),IF(N14=예상등급!$AK$15,LOOKUP(O14,예상등급!$AK$19:$AK$27,예상등급!$AL$19:$AL$27),IF(N14=예상등급!$AN$15,LOOKUP(O14,예상등급!$AN$19:$AN$27,예상등급!$AO$19:$AO$27),IF(N14=예상등급!$AQ$15,LOOKUP(O14,예상등급!$AQ$19:$AQ$27,예상등급!$AR$19:$AR$27),""))))))))))))))))) -> 2 | Q14: 윤리와사상 | R14: 32 | S14: =IF(Q14=예상등급!$G$1,LOOKUP(R14,예상등급!$G$5:$G$13,예상등급!$H$5:$H$13),IF(Q14=예상등급!$J$1,LOOKUP(R14,예상등급!$J$5:$J$13,예상등급!$K$5:$K$13),IF(Q14=예상등급!$M$1,LOOKUP(R14,예상등급!$M$5:$M$13,예상등급!$N$5:$N$13),IF(Q14=예상등급!$P$1,LOOKUP(R14,예상등급!$P$5:$P$13,예상등급!$Q$5:$Q$13),IF(Q14=예상등급!$S$1,LOOKUP(R14,예상등급!$S$5:$S$13,예상등급!$T$5:$T$13),IF(Q14=예상등급!$V$1,LOOKUP(R14,예상등급!$V$5:$V$13,예상등급!$W$5:$W$13),IF(Q14=예상등급!$Y$1,LOOKUP(R14,예상등급!$Y$5:$Y$13,예상등급!$Z$5:$Z$13),IF(Q14=예상등급!$AB$1,LOOKUP(R14,예상등급!$AB$5:$AB$13,예상등급!$AC$5:$AC$13),IF(Q14=예상등급!$AE$1,LOOKUP(R14,예상등급!$AE$5:$AE$13,예상등급!$AF$5:$AF$13),IF(Q14=예상등급!$AH$1,LOOKUP(R14,예상등급!$AH$5:$AH$13,예상등급!$AI$5:$AI$13),IF(Q14=예상등급!$AK$1,LOOKUP(R14,예상등급!$AK$5:$AK$13,예상등급!$AL$5:$AL$13),IF(Q14=예상등급!$AN$1,LOOKUP(R14,예상등급!$AN$5:$AN$13,예상등급!$AO$5:$AO$13),IF(Q14=예상등급!$AQ$1,LOOKUP(R14,예상등급!$AQ$5:$AQ$13,예상등급!$AR$5:$AR$13),IF(Q14=예상등급!$AH$15,LOOKUP(R14,예상등급!$AH$19:$AH$27,예상등급!$AI$19:$AI$27),IF(Q14=예상등급!$AK$15,LOOKUP(R14,예상등급!$AK$19:$AK$27,예상등급!$AL$19:$AL$27),IF(Q14=예상등급!$AN$15,LOOKUP(R14,예상등급!$AN$19:$AN$27,예상등급!$AO$19:$AO$27),IF(Q14=예상등급!$AQ$15,LOOKUP(R14,예상등급!$AQ$19:$AQ$27,예상등급!$AR$19:$AR$27),""))))))))))))))))) -> 3 | T14: 45 | U14: =IF(T14="","",LOOKUP(T14,예상등급!$D$19:$D$27,예상등급!$E$19:$E$27)) -> 1 | V14: =SUM(L14,T14,R14,O14) -> 335 | W14: =RANK(V14,$V$4:$V$491) -> 11 | Y14: 350 | Z14: =FREQUENCY($V$4:$V$236,AA14:AA38) -> 3 | AA14: 359 | AE14: =SUM(AE13:AF13) -> 231 | AG14: =SUM(AG13:AI13) -> 230 | AL14: =SUM(AL13:AO13) -> 64 | AP14: =SUM(AP13:AS13) -> 0 | AT14: =SUM(AT13:AW13) -> 0
A15: 6 | B15: 5 | C15: 김서연 | D15: 화법과작문 | E15: 68 | F15: =IF(D15=예상등급!$A$1,LOOKUP(E15,예상등급!$A$5:$A$13,예상등급!$B$5:$B$13),IF(D15=예상등급!$A$15,LOOKUP(E15,예상등급!$A$19:$A$27,예상등급!$B$19:$B$27),"")) -> 3 | G15: 미적분 | H15: 76 | I15: =IF(G15=예상등급!$G$15,LOOKUP(H15,예상등급!$G$19:$G$27,예상등급!$H$19:$H$27),IF(G15=예상등급!$J$15,LOOKUP(H15,예상등급!$J$19:$J$27,예상등급!$K$19:$K$27),IF(G15=예상등급!$M$15,LOOKUP(H15,예상등급!$M$19:$M$27,예상등급!$N$19:$N$27),""))) -> 2 | J15: 80 | K15: =IF(J15="","",(LOOKUP(J15,예상등급!$D$5:$D$13,예상등급!$E$5:$E$13))) -> 2 | L15: =SUM(E15,H15,J15) -> 224 | M15: =RANK(L15,$L$4:$L$491) -> 14 | N15: 물리학I | O15: 30 | P15: =IF(N15=예상등급!$G$1,LOOKUP(O15,예상등급!$G$5:$G$13,예상등급!$H$5:$H$13),IF(N15=예상등급!$J$1,LOOKUP(O15,예상등급!$J$5:$J$13,예상등급!$K$5:$K$13),IF(N15=예상등급!$M$1,LOOKUP(O15,예상등급!$M$5:$M$13,예상등급!$N$5:$N$13),IF(N15=예상등급!$P$1,LOOKUP(O15,예상등급!$P$5:$P$13,예상등급!$Q$5:$Q$13),IF(N15=예상등급!$S$1,LOOKUP(O15,예상등급!$S$5:$S$13,예상등급!$T$5:$T$13),IF(N15=예상등급!$V$1,LOOKUP(O15,예상등급!$V$5:$V$13,예상등급!$W$5:$W$13),IF(N15=예상등급!$Y$1,LOOKUP(O15,예상등급!$Y$5:$Y$13,예상등급!$Z$5:$Z$13),IF(N15=예상등급!$AB$1,LOOKUP(O15,예상등급!$AB$5:$AB$13,예상등급!$AC$5:$AC$13),IF(N15=예상등급!$AE$1,LOOKUP(O15,예상등급!$AE$5:$AE$13,예상등급!$AF$5:$AF$13),IF(N15=예상등급!$AH$1,LOOKUP(O15,예상등급!$AH$5:$AH$13,예상등급!$AI$5:$AI$13),IF(N15=예상등급!$AK$1,LOOKUP(O15,예상등급!$AK$5:$AK$13,예상등급!$AL$5:$AL$13),IF(N15=예상등급!$AN$1,LOOKUP(O15,예상등급!$AN$5:$AN$13,예상등급!$AO$5:$AO$13),IF(N15=예상등급!$AQ$1,LOOKUP(O15,예상등급!$AQ$5:$AQ$13,예상등급!$AR$5:$AR$13),IF(N15=예상등급!$AH$15,LOOKUP(O15,예상등급!$AH$19:$AH$27,예상등급!$AI$19:$AI$27),IF(N15=예상등급!$AK$15,LOOKUP(O15,예상등급!$AK$19:$AK$27,예상등급!$AL$19:$AL$27),IF(N15=예상등급!$AN$15,LOOKUP(O15,예상등급!$AN$19:$AN$27,예상등급!$AO$19:$AO$27),IF(N15=예상등급!$AQ$15,LOOKUP(O15,예상등급!$AQ$19:$AQ$27,예상등급!$AR$19:$AR$27),""))))))))))))))))) -> 3 | Q15: 사회문화 | R15: 30 | S15: =IF(Q15=예상등급!$G$1,LOOKUP(R15,예상등급!$G$5:$G$13,예상등급!$H$5:$H$13),IF(Q15=예상등급!$J$1,LOOKUP(R15,예상등급!$J$5:$J$13,예상등급!$K$5:$K$13),IF(Q15=예상등급!$M$1,LOOKUP(R15,예상등급!$M$5:$M$13,예상등급!$N$5:$N$13),IF(Q15=예상등급!$P$1,LOOKUP(R15,예상등급!$P$5:$P$13,예상등급!$Q$5:$Q$13),IF(Q15=예상등급!$S$1,LOOKUP(R15,예상등급!$S$5:$S$13,예상등급!$T$5:$T$13),IF(Q15=예상등급!$V$1,LOOKUP(R15,예상등급!$V$5:$V$13,예상등급!$W$5:$W$13),IF(Q15=예상등급!$Y$1,LOOKUP(R15,예상등급!$Y$5:$Y$13,예상등급!$Z$5:$Z$13),IF(Q15=예상등급!$AB$1,LOOKUP(R15,예상등급!$AB$5:$AB$13,예상등급!$AC$5:$AC$13),IF(Q15=예상등급!$AE$1,LOOKUP(R15,예상등급!$AE$5:$AE$13,예상등급!$AF$5:$AF$13),IF(Q15=예상등급!$AH$1,LOOKUP(R15,예상등급!$AH$5:$AH$13,예상등급!$AI$5:$AI$13),IF(Q15=예상등급!$AK$1,LOOKUP(R15,예상등급!$AK$5:$AK$13,예상등급!$AL$5:$AL$13),IF(Q15=예상등급!$AN$1,LOOKUP(R15,예상등급!$AN$5:$AN$13,예상등급!$AO$5:$AO$13),IF(Q15=예상등급!$AQ$1,LOOKUP(R15,예상등급!$AQ$5:$AQ$13,예상등급!$AR$5:$AR$13),IF(Q15=예상등급!$AH$15,LOOKUP(R15,예상등급!$AH$19:$AH$27,예상등급!$AI$19:$AI$27),IF(Q15=예상등급!$AK$15,LOOKUP(R15,예상등급!$AK$19:$AK$27,예상등급!$AL$19:$AL$27),IF(Q15=예상등급!$AN$15,LOOKUP(R15,예상등급!$AN$19:$AN$27,예상등급!$AO$19:$AO$27),IF(Q15=예상등급!$AQ$15,LOOKUP(R15,예상등급!$AQ$19:$AQ$27,예상등급!$AR$19:$AR$27),""))))))))))))))))) -> 4 | T15: 48 | U15: =IF(T15="","",LOOKUP(T15,예상등급!$D$19:$D$27,예상등급!$E$19:$E$27)) -> 1 | V15: =SUM(L15,T15,R15,O15) -> 332 | W15: =RANK(V15,$V$4:$V$491) -> 12 | Y15: 340 | Z15: =FREQUENCY($V$4:$V$236,AA15:AA39) -> 5 | AA15: 349
A16: 9 | B16: 22 | C16: 정나래 | D16: 화법과작문 | E16: 69 | F16: =IF(D16=예상등급!$A$1,LOOKUP(E16,예상등급!$A$5:$A$13,예상등급!$B$5:$B$13),IF(D16=예상등급!$A$15,LOOKUP(E16,예상등급!$A$19:$A$27,예상등급!$B$19:$B$27),"")) -> 3 | G16: 확률과통계 | H16: 54 | I16: =IF(G16=예상등급!$G$15,LOOKUP(H16,예상등급!$G$19:$G$27,예상등급!$H$19:$H$27),IF(G16=예상등급!$J$15,LOOKUP(H16,예상등급!$J$19:$J$27,예상등급!$K$19:$K$27),IF(G16=예상등급!$M$15,LOOKUP(H16,예상등급!$M$19:$M$27,예상등급!$N$19:$N$27),""))) -> 5 | J16: 90 | K16: =IF(J16="","",(LOOKUP(J16,예상등급!$D$5:$D$13,예상등급!$E$5:$E$13))) -> 1 | L16: =SUM(E16,H16,J16) -> 213 | M16: =RANK(L16,$L$4:$L$491) -> 31 | N16: 윤리와사상 | O16: 44 | P16: =IF(N16=예상등급!$G$1,LOOKUP(O16,예상등급!$G$5:$G$13,예상등급!$H$5:$H$13),IF(N16=예상등급!$J$1,LOOKUP(O16,예상등급!$J$5:$J$13,예상등급!$K$5:$K$13),IF(N16=예상등급!$M$1,LOOKUP(O16,예상등급!$M$5:$M$13,예상등급!$N$5:$N$13),IF(N16=예상등급!$P$1,LOOKUP(O16,예상등급!$P$5:$P$13,예상등급!$Q$5:$Q$13),IF(N16=예상등급!$S$1,LOOKUP(O16,예상등급!$S$5:$S$13,예상등급!$T$5:$T$13),IF(N16=예상등급!$V$1,LOOKUP(O16,예상등급!$V$5:$V$13,예상등급!$W$5:$W$13),IF(N16=예상등급!$Y$1,LOOKUP(O16,예상등급!$Y$5:$Y$13,예상등급!$Z$5:$Z$13),IF(N16=예상등급!$AB$1,LOOKUP(O16,예상등급!$AB$5:$AB$13,예상등급!$AC$5:$AC$13),IF(N16=예상등급!$AE$1,LOOKUP(O16,예상등급!$AE$5:$AE$13,예상등급!$AF$5:$AF$13),IF(N16=예상등급!$AH$1,LOOKUP(O16,예상등급!$AH$5:$AH$13,예상등급!$AI$5:$AI$13),IF(N16=예상등급!$AK$1,LOOKUP(O16,예상등급!$AK$5:$AK$13,예상등급!$AL$5:$AL$13),IF(N16=예상등급!$AN$1,LOOKUP(O16,예상등급!$AN$5:$AN$13,예상등급!$AO$5:$AO$13),IF(N16=예상등급!$AQ$1,LOOKUP(O16,예상등급!$AQ$5:$AQ$13,예상등급!$AR$5:$AR$13),IF(N16=예상등급!$AH$15,LOOKUP(O16,예상등급!$AH$19:$AH$27,예상등급!$AI$19:$AI$27),IF(N16=예상등급!$AK$15,LOOKUP(O16,예상등급!$AK$19:$AK$27,예상등급!$AL$19:$AL$27),IF(N16=예상등급!$AN$15,LOOKUP(O16,예상등급!$AN$19:$AN$27,예상등급!$AO$19:$AO$27),IF(N16=예상등급!$AQ$15,LOOKUP(O16,예상등급!$AQ$19:$AQ$27,예상등급!$AR$19:$AR$27),""))))))))))))))))) -> 1 | Q16: 생활과윤리 | R16: 44 | S16: =IF(Q16=예상등급!$G$1,LOOKUP(R16,예상등급!$G$5:$G$13,예상등급!$H$5:$H$13),IF(Q16=예상등급!$J$1,LOOKUP(R16,예상등급!$J$5:$J$13,예상등급!$K$5:$K$13),IF(Q16=예상등급!$M$1,LOOKUP(R16,예상등급!$M$5:$M$13,예상등급!$N$5:$N$13),IF(Q16=예상등급!$P$1,LOOKUP(R16,예상등급!$P$5:$P$13,예상등급!$Q$5:$Q$13),IF(Q16=예상등급!$S$1,LOOKUP(R16,예상등급!$S$5:$S$13,예상등급!$T$5:$T$13),IF(Q16=예상등급!$V$1,LOOKUP(R16,예상등급!$V$5:$V$13,예상등급!$W$5:$W$13),IF(Q16=예상등급!$Y$1,LOOKUP(R16,예상등급!$Y$5:$Y$13,예상등급!$Z$5:$Z$13),IF(Q16=예상등급!$AB$1,LOOKUP(R16,예상등급!$AB$5:$AB$13,예상등급!$AC$5:$AC$13),IF(Q16=예상등급!$AE$1,LOOKUP(R16,예상등급!$AE$5:$AE$13,예상등급!$AF$5:$AF$13),IF(Q16=예상등급!$AH$1,LOOKUP(R16,예상등급!$AH$5:$AH$13,예상등급!$AI$5:$AI$13),IF(Q16=예상등급!$AK$1,LOOKUP(R16,예상등급!$AK$5:$AK$13,예상등급!$AL$5:$AL$13),IF(Q16=예상등급!$AN$1,LOOKUP(R16,예상등급!$AN$5:$AN$13,예상등급!$AO$5:$AO$13),IF(Q16=예상등급!$AQ$1,LOOKUP(R16,예상등급!$AQ$5:$AQ$13,예상등급!$AR$5:$AR$13),IF(Q16=예상등급!$AH$15,LOOKUP(R16,예상등급!$AH$19:$AH$27,예상등급!$AI$19:$AI$27),IF(Q16=예상등급!$AK$15,LOOKUP(R16,예상등급!$AK$19:$AK$27,예상등급!$AL$19:$AL$27),IF(Q16=예상등급!$AN$15,LOOKUP(R16,예상등급!$AN$19:$AN$27,예상등급!$AO$19:$AO$27),IF(Q16=예상등급!$AQ$15,LOOKUP(R16,예상등급!$AQ$19:$AQ$27,예상등급!$AR$19:$AR$27),""))))))))))))))))) -> 1 | T16: 28 | U16: =IF(T16="","",LOOKUP(T16,예상등급!$D$19:$D$27,예상등급!$E$19:$E$27)) -> 4 | V16: =SUM(L16,T16,R16,O16) -> 329 | W16: =RANK(V16,$V$4:$V$491) -> 13 | Y16: 330 | Z16: =FREQUENCY($V$4:$V$236,AA16:AA40) -> 2 | AA16: 339 | AC16: 예상등급 | AE16: 생활과윤리 | AF16: 윤리와사상 | AG16: 세계지리 | AH16: 한국지리 | AI16: 세계사 | AJ16: 동아시아사 | AK16: 정치와법 | AL16: 경제 | AM16: 사회문화
A17: 8 | B17: 19 | C17: 유혜원 | D17: 화법과작문 | E17: 61 | F17: =IF(D17=예상등급!$A$1,LOOKUP(E17,예상등급!$A$5:$A$13,예상등급!$B$5:$B$13),IF(D17=예상등급!$A$15,LOOKUP(E17,예상등급!$A$19:$A$27,예상등급!$B$19:$B$27),"")) -> 4 | G17: 확률과통계 | H17: 72 | I17: =IF(G17=예상등급!$G$15,LOOKUP(H17,예상등급!$G$19:$G$27,예상등급!$H$19:$H$27),IF(G17=예상등급!$J$15,LOOKUP(H17,예상등급!$J$19:$J$27,예상등급!$K$19:$K$27),IF(G17=예상등급!$M$15,LOOKUP(H17,예상등급!$M$19:$M$27,예상등급!$N$19:$N$27),""))) -> 3 | J17: 79 | K17: =IF(J17="","",(LOOKUP(J17,예상등급!$D$5:$D$13,예상등급!$E$5:$E$13))) -> 3 | L17: =SUM(E17,H17,J17) -> 212 | M17: =RANK(L17,$L$4:$L$491) -> 32 | N17: 한국지리 | O17: 32 | P17: =IF(N17=예상등급!$G$1,LOOKUP(O17,예상등급!$G$5:$G$13,예상등급!$H$5:$H$13),IF(N17=예상등급!$J$1,LOOKUP(O17,예상등급!$J$5:$J$13,예상등급!$K$5:$K$13),IF(N17=예상등급!$M$1,LOOKUP(O17,예상등급!$M$5:$M$13,예상등급!$N$5:$N$13),IF(N17=예상등급!$P$1,LOOKUP(O17,예상등급!$P$5:$P$13,예상등급!$Q$5:$Q$13),IF(N17=예상등급!$S$1,LOOKUP(O17,예상등급!$S$5:$S$13,예상등급!$T$5:$T$13),IF(N17=예상등급!$V$1,LOOKUP(O17,예상등급!$V$5:$V$13,예상등급!$W$5:$W$13),IF(N17=예상등급!$Y$1,LOOKUP(O17,예상등급!$Y$5:$Y$13,예상등급!$Z$5:$Z$13),IF(N17=예상등급!$AB$1,LOOKUP(O17,예상등급!$AB$5:$AB$13,예상등급!$AC$5:$AC$13),IF(N17=예상등급!$AE$1,LOOKUP(O17,예상등급!$AE$5:$AE$13,예상등급!$AF$5:$AF$13),IF(N17=예상등급!$AH$1,LOOKUP(O17,예상등급!$AH$5:$AH$13,예상등급!$AI$5:$AI$13),IF(N17=예상등급!$AK$1,LOOKUP(O17,예상등급!$AK$5:$AK$13,예상등급!$AL$5:$AL$13),IF(N17=예상등급!$AN$1,LOOKUP(O17,예상등급!$AN$5:$AN$13,예상등급!$AO$5:$AO$13),IF(N17=예상등급!$AQ$1,LOOKUP(O17,예상등급!$AQ$5:$AQ$13,예상등급!$AR$5:$AR$13),IF(N17=예상등급!$AH$15,LOOKUP(O17,예상등급!$AH$19:$AH$27,예상등급!$AI$19:$AI$27),IF(N17=예상등급!$AK$15,LOOKUP(O17,예상등급!$AK$19:$AK$27,예상등급!$AL$19:$AL$27),IF(N17=예상등급!$AN$15,LOOKUP(O17,예상등급!$AN$19:$AN$27,예상등급!$AO$19:$AO$27),IF(N17=예상등급!$AQ$15,LOOKUP(O17,예상등급!$AQ$19:$AQ$27,예상등급!$AR$19:$AR$27),""))))))))))))))))) -> 2 | Q17: 세계지리 | R17: 33 | S17: =IF(Q17=예상등급!$G$1,LOOKUP(R17,예상등급!$G$5:$G$13,예상등급!$H$5:$H$13),IF(Q17=예상등급!$J$1,LOOKUP(R17,예상등급!$J$5:$J$13,예상등급!$K$5:$K$13),IF(Q17=예상등급!$M$1,LOOKUP(R17,예상등급!$M$5:$M$13,예상등급!$N$5:$N$13),IF(Q17=예상등급!$P$1,LOOKUP(R17,예상등급!$P$5:$P$13,예상등급!$Q$5:$Q$13),IF(Q17=예상등급!$S$1,LOOKUP(R17,예상등급!$S$5:$S$13,예상등급!$T$5:$T$13),IF(Q17=예상등급!$V$1,LOOKUP(R17,예상등급!$V$5:$V$13,예상등급!$W$5:$W$13),IF(Q17=예상등급!$Y$1,LOOKUP(R17,예상등급!$Y$5:$Y$13,예상등급!$Z$5:$Z$13),IF(Q17=예상등급!$AB$1,LOOKUP(R17,예상등급!$AB$5:$AB$13,예상등급!$AC$5:$AC$13),IF(Q17=예상등급!$AE$1,LOOKUP(R17,예상등급!$AE$5:$AE$13,예상등급!$AF$5:$AF$13),IF(Q17=예상등급!$AH$1,LOOKUP(R17,예상등급!$AH$5:$AH$13,예상등급!$AI$5:$AI$13),IF(Q17=예상등급!$AK$1,LOOKUP(R17,예상등급!$AK$5:$AK$13,예상등급!$AL$5:$AL$13),IF(Q17=예상등급!$AN$1,LOOKUP(R17,예상등급!$AN$5:$AN$13,예상등급!$AO$5:$AO$13),IF(Q17=예상등급!$AQ$1,LOOKUP(R17,예상등급!$AQ$5:$AQ$13,예상등급!$AR$5:$AR$13),IF(Q17=예상등급!$AH$15,LOOKUP(R17,예상등급!$AH$19:$AH$27,예상등급!$AI$19:$AI$27),IF(Q17=예상등급!$AK$15,LOOKUP(R17,예상등급!$AK$19:$AK$27,예상등급!$AL$19:$AL$27),IF(Q17=예상등급!$AN$15,LOOKUP(R17,예상등급!$AN$19:$AN$27,예상등급!$AO$19:$AO$27),IF(Q17=예상등급!$AQ$15,LOOKUP(R17,예상등급!$AQ$19:$AQ$27,예상등급!$AR$19:$AR$27),""))))))))))))))))) -> 3 | T17: 50 | U17: =IF(T17="","",LOOKUP(T17,예상등급!$D$19:$D$27,예상등급!$E$19:$E$27)) -> 1 | V17: =SUM(L17,T17,R17,O17) -> 327 | W17: =RANK(V17,$V$4:$V$491) -> 14 | Y17: 320 | Z17: =FREQUENCY($V$4:$V$236,AA17:AA41) -> 12 | AA17: 329 | AC17: 1 | AD17: 등급 | AE17: =COUNTIFS($N$4:$N$491,$AE$16,$P$4:$P$491,$AC4)+COUNTIFS($Q$4:$Q$491,$AE$16,$S$4:$S$491,$AC4) -> 10 | AF17: =COUNTIFS($N$4:$N$491,$AF$16,$P$4:$P$491,$AC4)+COUNTIFS($Q$4:$Q$491,$AF$16,$S$4:$S$491,$AC4) -> 6 | AG17: =COUNTIFS($N$4:$N$491,$AG$16,$P$4:$P$491,$AC4)+COUNTIFS($Q$4:$Q$491,$AG$16,$S$4:$S$491,$AC4) -> 3 | AH17: =COUNTIFS($N$4:$N$491,$AH$16,$P$4:$P$491,$AC4)+COUNTIFS($Q$4:$Q$491,$AH$16,$S$4:$S$491,$AC4) -> 1 | AI17: =COUNTIFS($N$4:$N$491,$AI$16,$P$4:$P$491,$AC4)+COUNTIFS($Q$4:$Q$491,$AI$16,$S$4:$S$491,$AC4) -> 1 | AJ17: =COUNTIFS($N$4:$N$491,$AJ$16,$P$4:$P$491,$AC4)+COUNTIFS($Q$4:$Q$491,$AJ$16,$S$4:$S$491,$AC4) -> 0 | AK17: =COUNTIFS($N$4:$N$491,$AK$16,$P$4:$P$491,$AC4)+COUNTIFS($Q$4:$Q$491,$AK$16,$S$4:$S$491,$AC4) -> 1 | AL17: =COUNTIFS($N$4:$N$491,$AL$16,$P$4:$P$491,$AC4)+COUNTIFS($Q$4:$Q$491,$AL$16,$S$4:$S$491,$AC4) -> 0 | AM17: =COUNTIFS($N$4:$N$491,$AM$16,$P$4:$P$491,$AC4)+COUNTIFS($Q$4:$Q$491,$AM$16,$S$4:$S$491,$AC4) -> 7
A18: 1 | B18: 20 | C18: 임철현 | D18: 화법과작문 | E18: 66 | F18: =IF(D18=예상등급!$A$1,LOOKUP(E18,예상등급!$A$5:$A$13,예상등급!$B$5:$B$13),IF(D18=예상등급!$A$15,LOOKUP(E18,예상등급!$A$19:$A$27,예상등급!$B$19:$B$27),"")) -> 3 | G18: 미적분 | H18: 74 | I18: =IF(G18=예상등급!$G$15,LOOKUP(H18,예상등급!$G$19:$G$27,예상등급!$H$19:$H$27),IF(G18=예상등급!$J$15,LOOKUP(H18,예상등급!$J$19:$J$27,예상등급!$K$19:$K$27),IF(G18=예상등급!$M$15,LOOKUP(H18,예상등급!$M$19:$M$27,예상등급!$N$19:$N$27),""))) -> 2 | J18: 80 | K18: =IF(J18="","",(LOOKUP(J18,예상등급!$D$5:$D$13,예상등급!$E$5:$E$13))) -> 2 | L18: =SUM(E18,H18,J18) -> 220 | M18: =RANK(L18,$L$4:$L$491) -> 20 | N18: 생활과윤리 | O18: 32 | P18: =IF(N18=예상등급!$G$1,LOOKUP(O18,예상등급!$G$5:$G$13,예상등급!$H$5:$H$13),IF(N18=예상등급!$J$1,LOOKUP(O18,예상등급!$J$5:$J$13,예상등급!$K$5:$K$13),IF(N18=예상등급!$M$1,LOOKUP(O18,예상등급!$M$5:$M$13,예상등급!$N$5:$N$13),IF(N18=예상등급!$P$1,LOOKUP(O18,예상등급!$P$5:$P$13,예상등급!$Q$5:$Q$13),IF(N18=예상등급!$S$1,LOOKUP(O18,예상등급!$S$5:$S$13,예상등급!$T$5:$T$13),IF(N18=예상등급!$V$1,LOOKUP(O18,예상등급!$V$5:$V$13,예상등급!$W$5:$W$13),IF(N18=예상등급!$Y$1,LOOKUP(O18,예상등급!$Y$5:$Y$13,예상등급!$Z$5:$Z$13),IF(N18=예상등급!$AB$1,LOOKUP(O18,예상등급!$AB$5:$AB$13,예상등급!$AC$5:$AC$13),IF(N18=예상등급!$AE$1,LOOKUP(O18,예상등급!$AE$5:$AE$13,예상등급!$AF$5:$AF$13),IF(N18=예상등급!$AH$1,LOOKUP(O18,예상등급!$AH$5:$AH$13,예상등급!$AI$5:$AI$13),IF(N18=예상등급!$AK$1,LOOKUP(O18,예상등급!$AK$5:$AK$13,예상등급!$AL$5:$AL$13),IF(N18=예상등급!$AN$1,LOOKUP(O18,예상등급!$AN$5:$AN$13,예상등급!$AO$5:$AO$13),IF(N18=예상등급!$AQ$1,LOOKUP(O18,예상등급!$AQ$5:$AQ$13,예상등급!$AR$5:$AR$13),IF(N18=예상등급!$AH$15,LOOKUP(O18,예상등급!$AH$19:$AH$27,예상등급!$AI$19:$AI$27),IF(N18=예상등급!$AK$15,LOOKUP(O18,예상등급!$AK$19:$AK$27,예상등급!$AL$19:$AL$27),IF(N18=예상등급!$AN$15,LOOKUP(O18,예상등급!$AN$19:$AN$27,예상등급!$AO$19:$AO$27),IF(N18=예상등급!$AQ$15,LOOKUP(O18,예상등급!$AQ$19:$AQ$27,예상등급!$AR$19:$AR$27),""))))))))))))))))) -> 3 | Q18: 사회문화 | R18: 42 | S18: =IF(Q18=예상등급!$G$1,LOOKUP(R18,예상등급!$G$5:$G$13,예상등급!$H$5:$H$13),IF(Q18=예상등급!$J$1,LOOKUP(R18,예상등급!$J$5:$J$13,예상등급!$K$5:$K$13),IF(Q18=예상등급!$M$1,LOOKUP(R18,예상등급!$M$5:$M$13,예상등급!$N$5:$N$13),IF(Q18=예상등급!$P$1,LOOKUP(R18,예상등급!$P$5:$P$13,예상등급!$Q$5:$Q$13),IF(Q18=예상등급!$S$1,LOOKUP(R18,예상등급!$S$5:$S$13,예상등급!$T$5:$T$13),IF(Q18=예상등급!$V$1,LOOKUP(R18,예상등급!$V$5:$V$13,예상등급!$W$5:$W$13),IF(Q18=예상등급!$Y$1,LOOKUP(R18,예상등급!$Y$5:$Y$13,예상등급!$Z$5:$Z$13),IF(Q18=예상등급!$AB$1,LOOKUP(R18,예상등급!$AB$5:$AB$13,예상등급!$AC$5:$AC$13),IF(Q18=예상등급!$AE$1,LOOKUP(R18,예상등급!$AE$5:$AE$13,예상등급!$AF$5:$AF$13),IF(Q18=예상등급!$AH$1,LOOKUP(R18,예상등급!$AH$5:$AH$13,예상등급!$AI$5:$AI$13),IF(Q18=예상등급!$AK$1,LOOKUP(R18,예상등급!$AK$5:$AK$13,예상등급!$AL$5:$AL$13),IF(Q18=예상등급!$AN$1,LOOKUP(R18,예상등급!$AN$5:$AN$13,예상등급!$AO$5:$AO$13),IF(Q18=예상등급!$AQ$1,LOOKUP(R18,예상등급!$AQ$5:$AQ$13,예상등급!$AR$5:$AR$13),IF(Q18=예상등급!$AH$15,LOOKUP(R18,예상등급!$AH$19:$AH$27,예상등급!$AI$19:$AI$27),IF(Q18=예상등급!$AK$15,LOOKUP(R18,예상등급!$AK$19:$AK$27,예상등급!$AL$19:$AL$27),IF(Q18=예상등급!$AN$15,LOOKUP(R18,예상등급!$AN$19:$AN$27,예상등급!$AO$19:$AO$27),IF(Q18=예상등급!$AQ$15,LOOKUP(R18,예상등급!$AQ$19:$AQ$27,예상등급!$AR$19:$AR$27),""))))))))))))))))) -> 2 | T18: 32 | U18: =IF(T18="","",LOOKUP(T18,예상등급!$D$19:$D$27,예상등급!$E$19:$E$27)) -> 3 | V18: =SUM(L18,T18,R18,O18) -> 326 | W18: =RANK(V18,$V$4:$V$491) -> 15 | Y18: 310 | Z18: =FREQUENCY($V$4:$V$236,AA18:AA42) -> 9 | AA18: 319 | AC18: 2 | AD18: 등급 | AE18: =COUNTIFS($N$4:$N$491,$AE$16,$P$4:$P$491,$AC5)+COUNTIFS($Q$4:$Q$491,$AE$16,$S$4:$S$491,$AC5) -> 13 | AF18: =COUNTIFS($N$4:$N$491,$AF$16,$P$4:$P$491,$AC5)+COUNTIFS($Q$4:$Q$491,$AF$16,$S$4:$S$491,$AC5) -> 2 | AG18: =COUNTIFS($N$4:$N$491,$AG$16,$P$4:$P$491,$AC5)+COUNTIFS($Q$4:$Q$491,$AG$16,$S$4:$S$491,$AC5) -> 5 | AH18: =COUNTIFS($N$4:$N$491,$AH$16,$P$4:$P$491,$AC5)+COUNTIFS($Q$4:$Q$491,$AH$16,$S$4:$S$491,$AC5) -> 2 | AI18: =COUNTIFS($N$4:$N$491,$AI$16,$P$4:$P$491,$AC5)+COUNTIFS($Q$4:$Q$491,$AI$16,$S$4:$S$491,$AC5) -> 1 | AJ18: =COUNTIFS($N$4:$N$491,$AJ$16,$P$4:$P$491,$AC5)+COUNTIFS($Q$4:$Q$491,$AJ$16,$S$4:$S$491,$AC5) -> 1 | AK18: =COUNTIFS($N$4:$N$491,$AK$16,$P$4:$P$491,$AC5)+COUNTIFS($Q$4:$Q$491,$AK$16,$S$4:$S$491,$AC5) -> 0 | AL18: =COUNTIFS($N$4:$N$491,$AL$16,$P$4:$P$491,$AC5)+COUNTIFS($Q$4:$Q$491,$AL$16,$S$4:$S$491,$AC5) -> 0 | AM18: =COUNTIFS($N$4:$N$491,$AM$16,$P$4:$P$491,$AC5)+COUNTIFS($Q$4:$Q$491,$AM$16,$S$4:$S$491,$AC5) -> 7
A19: 2 | B19: 3 | C19: 김민준 | D19: 화법과작문 | E19: 59 | F19: =IF(D19=예상등급!$A$1,LOOKUP(E19,예상등급!$A$5:$A$13,예상등급!$B$5:$B$13),IF(D19=예상등급!$A$15,LOOKUP(E19,예상등급!$A$19:$A$27,예상등급!$B$19:$B$27),"")) -> 4 | G19: 확률과통계 | H19: 73 | I19: =IF(G19=예상등급!$G$15,LOOKUP(H19,예상등급!$G$19:$G$27,예상등급!$H$19:$H$27),IF(G19=예상등급!$J$15,LOOKUP(H19,예상등급!$J$19:$J$27,예상등급!$K$19:$K$27),IF(G19=예상등급!$M$15,LOOKUP(H19,예상등급!$M$19:$M$27,예상등급!$N$19:$N$27),""))) -> 3 | J19: 68 | K19: =IF(J19="","",(LOOKUP(J19,예상등급!$D$5:$D$13,예상등급!$E$5:$E$13))) -> 4 | L19: =SUM(E19,H19,J19) -> 200 | M19: =RANK(L19,$L$4:$L$491) -> 46 | N19: 세계사 | O19: 50 | P19: =IF(N19=예상등급!$G$1,LOOKUP(O19,예상등급!$G$5:$G$13,예상등급!$H$5:$H$13),IF(N19=예상등급!$J$1,LOOKUP(O19,예상등급!$J$5:$J$13,예상등급!$K$5:$K$13),IF(N19=예상등급!$M$1,LOOKUP(O19,예상등급!$M$5:$M$13,예상등급!$N$5:$N$13),IF(N19=예상등급!$P$1,LOOKUP(O19,예상등급!$P$5:$P$13,예상등급!$Q$5:$Q$13),IF(N19=예상등급!$S$1,LOOKUP(O19,예상등급!$S$5:$S$13,예상등급!$T$5:$T$13),IF(N19=예상등급!$V$1,LOOKUP(O19,예상등급!$V$5:$V$13,예상등급!$W$5:$W$13),IF(N19=예상등급!$Y$1,LOOKUP(O19,예상등급!$Y$5:$Y$13,예상등급!$Z$5:$Z$13),IF(N19=예상등급!$AB$1,LOOKUP(O19,예상등급!$AB$5:$AB$13,예상등급!$AC$5:$AC$13),IF(N19=예상등급!$AE$1,LOOKUP(O19,예상등급!$AE$5:$AE$13,예상등급!$AF$5:$AF$13),IF(N19=예상등급!$AH$1,LOOKUP(O19,예상등급!$AH$5:$AH$13,예상등급!$AI$5:$AI$13),IF(N19=예상등급!$AK$1,LOOKUP(O19,예상등급!$AK$5:$AK$13,예상등급!$AL$5:$AL$13),IF(N19=예상등급!$AN$1,LOOKUP(O19,예상등급!$AN$5:$AN$13,예상등급!$AO$5:$AO$13),IF(N19=예상등급!$AQ$1,LOOKUP(O19,예상등급!$AQ$5:$AQ$13,예상등급!$AR$5:$AR$13),IF(N19=예상등급!$AH$15,LOOKUP(O19,예상등급!$AH$19:$AH$27,예상등급!$AI$19:$AI$27),IF(N19=예상등급!$AK$15,LOOKUP(O19,예상등급!$AK$19:$AK$27,예상등급!$AL$19:$AL$27),IF(N19=예상등급!$AN$15,LOOKUP(O19,예상등급!$AN$19:$AN$27,예상등급!$AO$19:$AO$27),IF(N19=예상등급!$AQ$15,LOOKUP(O19,예상등급!$AQ$19:$AQ$27,예상등급!$AR$19:$AR$27),""))))))))))))))))) -> 1 | Q19: 동아시아사 | R19: 34 | S19: =IF(Q19=예상등급!$G$1,LOOKUP(R19,예상등급!$G$5:$G$13,예상등급!$H$5:$H$13),IF(Q19=예상등급!$J$1,LOOKUP(R19,예상등급!$J$5:$J$13,예상등급!$K$5:$K$13),IF(Q19=예상등급!$M$1,LOOKUP(R19,예상등급!$M$5:$M$13,예상등급!$N$5:$N$13),IF(Q19=예상등급!$P$1,LOOKUP(R19,예상등급!$P$5:$P$13,예상등급!$Q$5:$Q$13),IF(Q19=예상등급!$S$1,LOOKUP(R19,예상등급!$S$5:$S$13,예상등급!$T$5:$T$13),IF(Q19=예상등급!$V$1,LOOKUP(R19,예상등급!$V$5:$V$13,예상등급!$W$5:$W$13),IF(Q19=예상등급!$Y$1,LOOKUP(R19,예상등급!$Y$5:$Y$13,예상등급!$Z$5:$Z$13),IF(Q19=예상등급!$AB$1,LOOKUP(R19,예상등급!$AB$5:$AB$13,예상등급!$AC$5:$AC$13),IF(Q19=예상등급!$AE$1,LOOKUP(R19,예상등급!$AE$5:$AE$13,예상등급!$AF$5:$AF$13),IF(Q19=예상등급!$AH$1,LOOKUP(R19,예상등급!$AH$5:$AH$13,예상등급!$AI$5:$AI$13),IF(Q19=예상등급!$AK$1,LOOKUP(R19,예상등급!$AK$5:$AK$13,예상등급!$AL$5:$AL$13),IF(Q19=예상등급!$AN$1,LOOKUP(R19,예상등급!$AN$5:$AN$13,예상등급!$AO$5:$AO$13),IF(Q19=예상등급!$AQ$1,LOOKUP(R19,예상등급!$AQ$5:$AQ$13,예상등급!$AR$5:$AR$13),IF(Q19=예상등급!$AH$15,LOOKUP(R19,예상등급!$AH$19:$AH$27,예상등급!$AI$19:$AI$27),IF(Q19=예상등급!$AK$15,LOOKUP(R19,예상등급!$AK$19:$AK$27,예상등급!$AL$19:$AL$27),IF(Q19=예상등급!$AN$15,LOOKUP(R19,예상등급!$AN$19:$AN$27,예상등급!$AO$19:$AO$27),IF(Q19=예상등급!$AQ$15,LOOKUP(R19,예상등급!$AQ$19:$AQ$27,예상등급!$AR$19:$AR$27),""))))))))))))))))) -> 2 | T19: 42 | U19: =IF(T19="","",LOOKUP(T19,예상등급!$D$19:$D$27,예상등급!$E$19:$E$27)) -> 1 | V19: =SUM(L19,T19,R19,O19) -> 326 | W19: =RANK(V19,$V$4:$V$491) -> 15 | Y19: 300 | Z19: =FREQUENCY($V$4:$V$236,AA19:AA43) -> 4 | AA19: 309 | AC19: 3 | AD19: 등급 | AE19: =COUNTIFS($N$4:$N$491,$AE$16,$P$4:$P$491,$AC6)+COUNTIFS($Q$4:$Q$491,$AE$16,$S$4:$S$491,$AC6) -> 18 | AF19: =COUNTIFS($N$4:$N$491,$AF$16,$P$4:$P$491,$AC6)+COUNTIFS($Q$4:$Q$491,$AF$16,$S$4:$S$491,$AC6) -> 7 | AG19: =COUNTIFS($N$4:$N$491,$AG$16,$P$4:$P$491,$AC6)+COUNTIFS($Q$4:$Q$491,$AG$16,$S$4:$S$491,$AC6) -> 7 | AH19: =COUNTIFS($N$4:$N$491,$AH$16,$P$4:$P$491,$AC6)+COUNTIFS($Q$4:$Q$491,$AH$16,$S$4:$S$491,$AC6) -> 1 | AI19: =COUNTIFS($N$4:$N$491,$AI$16,$P$4:$P$491,$AC6)+COUNTIFS($Q$4:$Q$491,$AI$16,$S$4:$S$491,$AC6) -> 3 | AJ19: =COUNTIFS($N$4:$N$491,$AJ$16,$P$4:$P$491,$AC6)+COUNTIFS($Q$4:$Q$491,$AJ$16,$S$4:$S$491,$AC6) -> 2 | AK19: =COUNTIFS($N$4:$N$491,$AK$16,$P$4:$P$491,$AC6)+COUNTIFS($Q$4:$Q$491,$AK$16,$S$4:$S$491,$AC6) -> 5 | AL19: =COUNTIFS($N$4:$N$491,$AL$16,$P$4:$P$491,$AC6)+COUNTIFS($Q$4:$Q$491,$AL$16,$S$4:$S$491,$AC6) -> 0 | AM19: =COUNTIFS($N$4:$N$491,$AM$16,$P$4:$P$491,$AC6)+COUNTIFS($Q$4:$Q$491,$AM$16,$S$4:$S$491,$AC6) -> 23
A20: 6 | B20: 18 | C20: 서린 | D20: 화법과작문 | E20: 74 | F20: =IF(D20=예상등급!$A$1,LOOKUP(E20,예상등급!$A$5:$A$13,예상등급!$B$5:$B$13),IF(D20=예상등급!$A$15,LOOKUP(E20,예상등급!$A$19:$A$27,예상등급!$B$19:$B$27),"")) -> 2 | G20: 확률과통계 | H20: 68 | I20: =IF(G20=예상등급!$G$15,LOOKUP(H20,예상등급!$G$19:$G$27,예상등급!$H$19:$H$27),IF(G20=예상등급!$J$15,LOOKUP(H20,예상등급!$J$19:$J$27,예상등급!$K$19:$K$27),IF(G20=예상등급!$M$15,LOOKUP(H20,예상등급!$M$19:$M$27,예상등급!$N$19:$N$27),""))) -> 3 | J20: 93 | K20: =IF(J20="","",(LOOKUP(J20,예상등급!$D$5:$D$13,예상등급!$E$5:$E$13))) -> 1 | L20: =SUM(E20,H20,J20) -> 235 | M20: =RANK(L20,$L$4:$L$491) -> 7 | N20: 사회문화 | O20: 28 | P20: =IF(N20=예상등급!$G$1,LOOKUP(O20,예상등급!$G$5:$G$13,예상등급!$H$5:$H$13),IF(N20=예상등급!$J$1,LOOKUP(O20,예상등급!$J$5:$J$13,예상등급!$K$5:$K$13),IF(N20=예상등급!$M$1,LOOKUP(O20,예상등급!$M$5:$M$13,예상등급!$N$5:$N$13),IF(N20=예상등급!$P$1,LOOKUP(O20,예상등급!$P$5:$P$13,예상등급!$Q$5:$Q$13),IF(N20=예상등급!$S$1,LOOKUP(O20,예상등급!$S$5:$S$13,예상등급!$T$5:$T$13),IF(N20=예상등급!$V$1,LOOKUP(O20,예상등급!$V$5:$V$13,예상등급!$W$5:$W$13),IF(N20=예상등급!$Y$1,LOOKUP(O20,예상등급!$Y$5:$Y$13,예상등급!$Z$5:$Z$13),IF(N20=예상등급!$AB$1,LOOKUP(O20,예상등급!$AB$5:$AB$13,예상등급!$AC$5:$AC$13),IF(N20=예상등급!$AE$1,LOOKUP(O20,예상등급!$AE$5:$AE$13,예상등급!$AF$5:$AF$13),IF(N20=예상등급!$AH$1,LOOKUP(O20,예상등급!$AH$5:$AH$13,예상등급!$AI$5:$AI$13),IF(N20=예상등급!$AK$1,LOOKUP(O20,예상등급!$AK$5:$AK$13,예상등급!$AL$5:$AL$13),IF(N20=예상등급!$AN$1,LOOKUP(O20,예상등급!$AN$5:$AN$13,예상등급!$AO$5:$AO$13),IF(N20=예상등급!$AQ$1,LOOKUP(O20,예상등급!$AQ$5:$AQ$13,예상등급!$AR$5:$AR$13),IF(N20=예상등급!$AH$15,LOOKUP(O20,예상등급!$AH$19:$AH$27,예상등급!$AI$19:$AI$27),IF(N20=예상등급!$AK$15,LOOKUP(O20,예상등급!$AK$19:$AK$27,예상등급!$AL$19:$AL$27),IF(N20=예상등급!$AN$15,LOOKUP(O20,예상등급!$AN$19:$AN$27,예상등급!$AO$19:$AO$27),IF(N20=예상등급!$AQ$15,LOOKUP(O20,예상등급!$AQ$19:$AQ$27,예상등급!$AR$19:$AR$27),""))))))))))))))))) -> 4 | Q20: 생활과윤리 | R20: 31 | S20: =IF(Q20=예상등급!$G$1,LOOKUP(R20,예상등급!$G$5:$G$13,예상등급!$H$5:$H$13),IF(Q20=예상등급!$J$1,LOOKUP(R20,예상등급!$J$5:$J$13,예상등급!$K$5:$K$13),IF(Q20=예상등급!$M$1,LOOKUP(R20,예상등급!$M$5:$M$13,예상등급!$N$5:$N$13),IF(Q20=예상등급!$P$1,LOOKUP(R20,예상등급!$P$5:$P$13,예상등급!$Q$5:$Q$13),IF(Q20=예상등급!$S$1,LOOKUP(R20,예상등급!$S$5:$S$13,예상등급!$T$5:$T$13),IF(Q20=예상등급!$V$1,LOOKUP(R20,예상등급!$V$5:$V$13,예상등급!$W$5:$W$13),IF(Q20=예상등급!$Y$1,LOOKUP(R20,예상등급!$Y$5:$Y$13,예상등급!$Z$5:$Z$13),IF(Q20=예상등급!$AB$1,LOOKUP(R20,예상등급!$AB$5:$AB$13,예상등급!$AC$5:$AC$13),IF(Q20=예상등급!$AE$1,LOOKUP(R20,예상등급!$AE$5:$AE$13,예상등급!$AF$5:$AF$13),IF(Q20=예상등급!$AH$1,LOOKUP(R20,예상등급!$AH$5:$AH$13,예상등급!$AI$5:$AI$13),IF(Q20=예상등급!$AK$1,LOOKUP(R20,예상등급!$AK$5:$AK$13,예상등급!$AL$5:$AL$13),IF(Q20=예상등급!$AN$1,LOOKUP(R20,예상등급!$AN$5:$AN$13,예상등급!$AO$5:$AO$13),IF(Q20=예상등급!$AQ$1,LOOKUP(R20,예상등급!$AQ$5:$AQ$13,예상등급!$AR$5:$AR$13),IF(Q20=예상등급!$AH$15,LOOKUP(R20,예상등급!$AH$19:$AH$27,예상등급!$AI$19:$AI$27),IF(Q20=예상등급!$AK$15,LOOKUP(R20,예상등급!$AK$19:$AK$27,예상등급!$AL$19:$AL$27),IF(Q20=예상등급!$AN$15,LOOKUP(R20,예상등급!$AN$19:$AN$27,예상등급!$AO$19:$AO$27),IF(Q20=예상등급!$AQ$15,LOOKUP(R20,예상등급!$AQ$19:$AQ$27,예상등급!$AR$19:$AR$27),""))))))))))))))))) -> 3 | T20: 32 | U20: =IF(T20="","",LOOKUP(T20,예상등급!$D$19:$D$27,예상등급!$E$19:$E$27)) -> 3 | V20: =SUM(L20,T20,R20,O20) -> 326 | W20: =RANK(V20,$V$4:$V$491) -> 15 | Y20: 290 | Z20: =FREQUENCY($V$4:$V$236,AA20:AA44) -> 12 | AA20: 299 | AC20: 4 | AD20: 등급 | AE20: =COUNTIFS($N$4:$N$491,$AE$16,$P$4:$P$491,$AC7)+COUNTIFS($Q$4:$Q$491,$AE$16,$S$4:$S$491,$AC7) -> 16 | AF20: =COUNTIFS($N$4:$N$491,$AF$16,$P$4:$P$491,$AC7)+COUNTIFS($Q$4:$Q$491,$AF$16,$S$4:$S$491,$AC7) -> 4 | AG20: =COUNTIFS($N$4:$N$491,$AG$16,$P$4:$P$491,$AC7)+COUNTIFS($Q$4:$Q$491,$AG$16,$S$4:$S$491,$AC7) -> 2 | AH20: =COUNTIFS($N$4:$N$491,$AH$16,$P$4:$P$491,$AC7)+COUNTIFS($Q$4:$Q$491,$AH$16,$S$4:$S$491,$AC7) -> 2 | AI20: =COUNTIFS($N$4:$N$491,$AI$16,$P$4:$P$491,$AC7)+COUNTIFS($Q$4:$Q$491,$AI$16,$S$4:$S$491,$AC7) -> 3 | AJ20: =COUNTIFS($N$4:$N$491,$AJ$16,$P$4:$P$491,$AC7)+COUNTIFS($Q$4:$Q$491,$AJ$16,$S$4:$S$491,$AC7) -> 1 | AK20: =COUNTIFS($N$4:$N$491,$AK$16,$P$4:$P$491,$AC7)+COUNTIFS($Q$4:$Q$491,$AK$16,$S$4:$S$491,$AC7) -> 5 | AL20: =COUNTIFS($N$4:$N$491,$AL$16,$P$4:$P$491,$AC7)+COUNTIFS($Q$4:$Q$491,$AL$16,$S$4:$S$491,$AC7) -> 2 | AM20: =COUNTIFS($N$4:$N$491,$AM$16,$P$4:$P$491,$AC7)+COUNTIFS($Q$4:$Q$491,$AM$16,$S$4:$S$491,$AC7) -> 19
A21: 7 | B21: 15 | C21: 이지아 | D21: 화법과작문 | E21: 65 | F21: =IF(D21=예상등급!$A$1,LOOKUP(E21,예상등급!$A$5:$A$13,예상등급!$B$5:$B$13),IF(D21=예상등급!$A$15,LOOKUP(E21,예상등급!$A$19:$A$27,예상등급!$B$19:$B$27),"")) -> 3 | G21: 미적분 | H21: 69 | I21: =IF(G21=예상등급!$G$15,LOOKUP(H21,예상등급!$G$19:$G$27,예상등급!$H$19:$H$27),IF(G21=예상등급!$J$15,LOOKUP(H21,예상등급!$J$19:$J$27,예상등급!$K$19:$K$27),IF(G21=예상등급!$M$15,LOOKUP(H21,예상등급!$M$19:$M$27,예상등급!$N$19:$N$27),""))) -> 3 | J21: 93 | K21: =IF(J21="","",(LOOKUP(J21,예상등급!$D$5:$D$13,예상등급!$E$5:$E$13))) -> 1 | L21: =SUM(E21,H21,J21) -> 227 | M21: =RANK(L21,$L$4:$L$491) -> 12 | N21: 세계지리 | O21: 31 | P21: =IF(N21=예상등급!$G$1,LOOKUP(O21,예상등급!$G$5:$G$13,예상등급!$H$5:$H$13),IF(N21=예상등급!$J$1,LOOKUP(O21,예상등급!$J$5:$J$13,예상등급!$K$5:$K$13),IF(N21=예상등급!$M$1,LOOKUP(O21,예상등급!$M$5:$M$13,예상등급!$N$5:$N$13),IF(N21=예상등급!$P$1,LOOKUP(O21,예상등급!$P$5:$P$13,예상등급!$Q$5:$Q$13),IF(N21=예상등급!$S$1,LOOKUP(O21,예상등급!$S$5:$S$13,예상등급!$T$5:$T$13),IF(N21=예상등급!$V$1,LOOKUP(O21,예상등급!$V$5:$V$13,예상등급!$W$5:$W$13),IF(N21=예상등급!$Y$1,LOOKUP(O21,예상등급!$Y$5:$Y$13,예상등급!$Z$5:$Z$13),IF(N21=예상등급!$AB$1,LOOKUP(O21,예상등급!$AB$5:$AB$13,예상등급!$AC$5:$AC$13),IF(N21=예상등급!$AE$1,LOOKUP(O21,예상등급!$AE$5:$AE$13,예상등급!$AF$5:$AF$13),IF(N21=예상등급!$AH$1,LOOKUP(O21,예상등급!$AH$5:$AH$13,예상등급!$AI$5:$AI$13),IF(N21=예상등급!$AK$1,LOOKUP(O21,예상등급!$AK$5:$AK$13,예상등급!$AL$5:$AL$13),IF(N21=예상등급!$AN$1,LOOKUP(O21,예상등급!$AN$5:$AN$13,예상등급!$AO$5:$AO$13),IF(N21=예상등급!$AQ$1,LOOKUP(O21,예상등급!$AQ$5:$AQ$13,예상등급!$AR$5:$AR$13),IF(N21=예상등급!$AH$15,LOOKUP(O21,예상등급!$AH$19:$AH$27,예상등급!$AI$19:$AI$27),IF(N21=예상등급!$AK$15,LOOKUP(O21,예상등급!$AK$19:$AK$27,예상등급!$AL$19:$AL$27),IF(N21=예상등급!$AN$15,LOOKUP(O21,예상등급!$AN$19:$AN$27,예상등급!$AO$19:$AO$27),IF(N21=예상등급!$AQ$15,LOOKUP(O21,예상등급!$AQ$19:$AQ$27,예상등급!$AR$19:$AR$27),""))))))))))))))))) -> 3 | Q21: 사회문화 | R21: 46 | S21: =IF(Q21=예상등급!$G$1,LOOKUP(R21,예상등급!$G$5:$G$13,예상등급!$H$5:$H$13),IF(Q21=예상등급!$J$1,LOOKUP(R21,예상등급!$J$5:$J$13,예상등급!$K$5:$K$13),IF(Q21=예상등급!$M$1,LOOKUP(R21,예상등급!$M$5:$M$13,예상등급!$N$5:$N$13),IF(Q21=예상등급!$P$1,LOOKUP(R21,예상등급!$P$5:$P$13,예상등급!$Q$5:$Q$13),IF(Q21=예상등급!$S$1,LOOKUP(R21,예상등급!$S$5:$S$13,예상등급!$T$5:$T$13),IF(Q21=예상등급!$V$1,LOOKUP(R21,예상등급!$V$5:$V$13,예상등급!$W$5:$W$13),IF(Q21=예상등급!$Y$1,LOOKUP(R21,예상등급!$Y$5:$Y$13,예상등급!$Z$5:$Z$13),IF(Q21=예상등급!$AB$1,LOOKUP(R21,예상등급!$AB$5:$AB$13,예상등급!$AC$5:$AC$13),IF(Q21=예상등급!$AE$1,LOOKUP(R21,예상등급!$AE$5:$AE$13,예상등급!$AF$5:$AF$13),IF(Q21=예상등급!$AH$1,LOOKUP(R21,예상등급!$AH$5:$AH$13,예상등급!$AI$5:$AI$13),IF(Q21=예상등급!$AK$1,LOOKUP(R21,예상등급!$AK$5:$AK$13,예상등급!$AL$5:$AL$13),IF(Q21=예상등급!$AN$1,LOOKUP(R21,예상등급!$AN$5:$AN$13,예상등급!$AO$5:$AO$13),IF(Q21=예상등급!$AQ$1,LOOKUP(R21,예상등급!$AQ$5:$AQ$13,예상등급!$AR$5:$AR$13),IF(Q21=예상등급!$AH$15,LOOKUP(R21,예상등급!$AH$19:$AH$27,예상등급!$AI$19:$AI$27),IF(Q21=예상등급!$AK$15,LOOKUP(R21,예상등급!$AK$19:$AK$27,예상등급!$AL$19:$AL$27),IF(Q21=예상등급!$AN$15,LOOKUP(R21,예상등급!$AN$19:$AN$27,예상등급!$AO$19:$AO$27),IF(Q21=예상등급!$AQ$15,LOOKUP(R21,예상등급!$AQ$19:$AQ$27,예상등급!$AR$19:$AR$27),""))))))))))))))))) -> 1 | T21: 22 | U21: =IF(T21="","",LOOKUP(T21,예상등급!$D$19:$D$27,예상등급!$E$19:$E$27)) -> 5 | V21: =SUM(L21,T21,R21,O21) -> 326 | W21: =RANK(V21,$V$4:$V$491) -> 15 | Y21: 280 | Z21: =FREQUENCY($V$4:$V$236,AA21:AA45) -> 7 | AA21: 289 | AC21: 5 | AD21: 등급 | AE21: =COUNTIFS($N$4:$N$491,$AE$16,$P$4:$P$491,$AC8)+COUNTIFS($Q$4:$Q$491,$AE$16,$S$4:$S$491,$AC8) -> 30 | AF21: =COUNTIFS($N$4:$N$491,$AF$16,$P$4:$P$491,$AC8)+COUNTIFS($Q$4:$Q$491,$AF$16,$S$4:$S$491,$AC8) -> 8 | AG21: =COUNTIFS($N$4:$N$491,$AG$16,$P$4:$P$491,$AC8)+COUNTIFS($Q$4:$Q$491,$AG$16,$S$4:$S$491,$AC8) -> 6 | AH21: =COUNTIFS($N$4:$N$491,$AH$16,$P$4:$P$491,$AC8)+COUNTIFS($Q$4:$Q$491,$AH$16,$S$4:$S$491,$AC8) -> 3 | AI21: =COUNTIFS($N$4:$N$491,$AI$16,$P$4:$P$491,$AC8)+COUNTIFS($Q$4:$Q$491,$AI$16,$S$4:$S$491,$AC8) -> 2 | AJ21: =COUNTIFS($N$4:$N$491,$AJ$16,$P$4:$P$491,$AC8)+COUNTIFS($Q$4:$Q$491,$AJ$16,$S$4:$S$491,$AC8) -> 0 | AK21: =COUNTIFS($N$4:$N$491,$AK$16,$P$4:$P$491,$AC8)+COUNTIFS($Q$4:$Q$491,$AK$16,$S$4:$S$491,$AC8) -> 2 | AL21: =COUNTIFS($N$4:$N$491,$AL$16,$P$4:$P$491,$AC8)+COUNTIFS($Q$4:$Q$491,$AL$16,$S$4:$S$491,$AC8) -> 0 | AM21: =COUNTIFS($N$4:$N$491,$AM$16,$P$4:$P$491,$AC8)+COUNTIFS($Q$4:$Q$491,$AM$16,$S$4:$S$491,$AC8) -> 46
A22: 9 | B22: 17 | C22: 이서연 | D22: 화법과작문 | E22: 67 | F22: =IF(D22=예상등급!$A$1,LOOKUP(E22,예상등급!$A$5:$A$13,예상등급!$B$5:$B$13),IF(D22=예상등급!$A$15,LOOKUP(E22,예상등급!$A$19:$A$27,예상등급!$B$19:$B$27),"")) -> 3 | G22: 확률과통계 | H22: 61 | I22: =IF(G22=예상등급!$G$15,LOOKUP(H22,예상등급!$G$19:$G$27,예상등급!$H$19:$H$27),IF(G22=예상등급!$J$15,LOOKUP(H22,예상등급!$J$19:$J$27,예상등급!$K$19:$K$27),IF(G22=예상등급!$M$15,LOOKUP(H22,예상등급!$M$19:$M$27,예상등급!$N$19:$N$27),""))) -> 4 | J22: 92 | K22: =IF(J22="","",(LOOKUP(J22,예상등급!$D$5:$D$13,예상등급!$E$5:$E$13))) -> 1 | L22: =SUM(E22,H22,J22) -> 220 | M22: =RANK(L22,$L$4:$L$491) -> 20 | N22: 사회문화 | O22: 24 | P22: =IF(N22=예상등급!$G$1,LOOKUP(O22,예상등급!$G$5:$G$13,예상등급!$H$5:$H$13),IF(N22=예상등급!$J$1,LOOKUP(O22,예상등급!$J$5:$J$13,예상등급!$K$5:$K$13),IF(N22=예상등급!$M$1,LOOKUP(O22,예상등급!$M$5:$M$13,예상등급!$N$5:$N$13),IF(N22=예상등급!$P$1,LOOKUP(O22,예상등급!$P$5:$P$13,예상등급!$Q$5:$Q$13),IF(N22=예상등급!$S$1,LOOKUP(O22,예상등급!$S$5:$S$13,예상등급!$T$5:$T$13),IF(N22=예상등급!$V$1,LOOKUP(O22,예상등급!$V$5:$V$13,예상등급!$W$5:$W$13),IF(N22=예상등급!$Y$1,LOOKUP(O22,예상등급!$Y$5:$Y$13,예상등급!$Z$5:$Z$13),IF(N22=예상등급!$AB$1,LOOKUP(O22,예상등급!$AB$5:$AB$13,예상등급!$AC$5:$AC$13),IF(N22=예상등급!$AE$1,LOOKUP(O22,예상등급!$AE$5:$AE$13,예상등급!$AF$5:$AF$13),IF(N22=예상등급!$AH$1,LOOKUP(O22,예상등급!$AH$5:$AH$13,예상등급!$AI$5:$AI$13),IF(N22=예상등급!$AK$1,LOOKUP(O22,예상등급!$AK$5:$AK$13,예상등급!$AL$5:$AL$13),IF(N22=예상등급!$AN$1,LOOKUP(O22,예상등급!$AN$5:$AN$13,예상등급!$AO$5:$AO$13),IF(N22=예상등급!$AQ$1,LOOKUP(O22,예상등급!$AQ$5:$AQ$13,예상등급!$AR$5:$AR$13),IF(N22=예상등급!$AH$15,LOOKUP(O22,예상등급!$AH$19:$AH$27,예상등급!$AI$19:$AI$27),IF(N22=예상등급!$AK$15,LOOKUP(O22,예상등급!$AK$19:$AK$27,예상등급!$AL$19:$AL$27),IF(N22=예상등급!$AN$15,LOOKUP(O22,예상등급!$AN$19:$AN$27,예상등급!$AO$19:$AO$27),IF(N22=예상등급!$AQ$15,LOOKUP(O22,예상등급!$AQ$19:$AQ$27,예상등급!$AR$19:$AR$27),""))))))))))))))))) -> 5 | Q22: 생활과윤리 | R22: 44 | S22: =IF(Q22=예상등급!$G$1,LOOKUP(R22,예상등급!$G$5:$G$13,예상등급!$H$5:$H$13),IF(Q22=예상등급!$J$1,LOOKUP(R22,예상등급!$J$5:$J$13,예상등급!$K$5:$K$13),IF(Q22=예상등급!$M$1,LOOKUP(R22,예상등급!$M$5:$M$13,예상등급!$N$5:$N$13),IF(Q22=예상등급!$P$1,LOOKUP(R22,예상등급!$P$5:$P$13,예상등급!$Q$5:$Q$13),IF(Q22=예상등급!$S$1,LOOKUP(R22,예상등급!$S$5:$S$13,예상등급!$T$5:$T$13),IF(Q22=예상등급!$V$1,LOOKUP(R22,예상등급!$V$5:$V$13,예상등급!$W$5:$W$13),IF(Q22=예상등급!$Y$1,LOOKUP(R22,예상등급!$Y$5:$Y$13,예상등급!$Z$5:$Z$13),IF(Q22=예상등급!$AB$1,LOOKUP(R22,예상등급!$AB$5:$AB$13,예상등급!$AC$5:$AC$13),IF(Q22=예상등급!$AE$1,LOOKUP(R22,예상등급!$AE$5:$AE$13,예상등급!$AF$5:$AF$13),IF(Q22=예상등급!$AH$1,LOOKUP(R22,예상등급!$AH$5:$AH$13,예상등급!$AI$5:$AI$13),IF(Q22=예상등급!$AK$1,LOOKUP(R22,예상등급!$AK$5:$AK$13,예상등급!$AL$5:$AL$13),IF(Q22=예상등급!$AN$1,LOOKUP(R22,예상등급!$AN$5:$AN$13,예상등급!$AO$5:$AO$13),IF(Q22=예상등급!$AQ$1,LOOKUP(R22,예상등급!$AQ$5:$AQ$13,예상등급!$AR$5:$AR$13),IF(Q22=예상등급!$AH$15,LOOKUP(R22,예상등급!$AH$19:$AH$27,예상등급!$AI$19:$AI$27),IF(Q22=예상등급!$AK$15,LOOKUP(R22,예상등급!$AK$19:$AK$27,예상등급!$AL$19:$AL$27),IF(Q22=예상등급!$AN$15,LOOKUP(R22,예상등급!$AN$19:$AN$27,예상등급!$AO$19:$AO$27),IF(Q22=예상등급!$AQ$15,LOOKUP(R22,예상등급!$AQ$19:$AQ$27,예상등급!$AR$19:$AR$27),""))))))))))))))))) -> 1 | T22: 38 | U22: =IF(T22="","",LOOKUP(T22,예상등급!$D$19:$D$27,예상등급!$E$19:$E$27)) -> 2 | V22: =SUM(L22,T22,R22,O22) -> 326 | W22: =RANK(V22,$V$4:$V$491) -> 15 | Y22: 270 | Z22: =FREQUENCY($V$4:$V$236,AA22:AA46) -> 12 | AA22: 279 | AC22: 6 | AD22: 등급 | AE22: =COUNTIFS($N$4:$N$491,$AE$16,$P$4:$P$491,$AC9)+COUNTIFS($Q$4:$Q$491,$AE$16,$S$4:$S$491,$AC9) -> 31 | AF22: =COUNTIFS($N$4:$N$491,$AF$16,$P$4:$P$491,$AC9)+COUNTIFS($Q$4:$Q$491,$AF$16,$S$4:$S$491,$AC9) -> 3 | AG22: =COUNTIFS($N$4:$N$491,$AG$16,$P$4:$P$491,$AC9)+COUNTIFS($Q$4:$Q$491,$AG$16,$S$4:$S$491,$AC9) -> 1 | AH22: =COUNTIFS($N$4:$N$491,$AH$16,$P$4:$P$491,$AC9)+COUNTIFS($Q$4:$Q$491,$AH$16,$S$4:$S$491,$AC9) -> 0 | AI22: =COUNTIFS($N$4:$N$491,$AI$16,$P$4:$P$491,$AC9)+COUNTIFS($Q$4:$Q$491,$AI$16,$S$4:$S$491,$AC9) -> 2 | AJ22: =COUNTIFS($N$4:$N$491,$AJ$16,$P$4:$P$491,$AC9)+COUNTIFS($Q$4:$Q$491,$AJ$16,$S$4:$S$491,$AC9) -> 3 | AK22: =COUNTIFS($N$4:$N$491,$AK$16,$P$4:$P$491,$AC9)+COUNTIFS($Q$4:$Q$491,$AK$16,$S$4:$S$491,$AC9) -> 1 | AL22: =COUNTIFS($N$4:$N$491,$AL$16,$P$4:$P$491,$AC9)+COUNTIFS($Q$4:$Q$491,$AL$16,$S$4:$S$491,$AC9) -> 0 | AM22: =COUNTIFS($N$4:$N$491,$AM$16,$P$4:$P$491,$AC9)+COUNTIFS($Q$4:$Q$491,$AM$16,$S$4:$S$491,$AC9) -> 30
A23: 3 | B23: 18 | C23: 이찬희 | D23: 언어와매체 | E23: 75 | F23: =IF(D23=예상등급!$A$1,LOOKUP(E23,예상등급!$A$5:$A$13,예상등급!$B$5:$B$13),IF(D23=예상등급!$A$15,LOOKUP(E23,예상등급!$A$19:$A$27,예상등급!$B$19:$B$27),"")) -> 2 | G23: 미적분 | H23: 77 | I23: =IF(G23=예상등급!$G$15,LOOKUP(H23,예상등급!$G$19:$G$27,예상등급!$H$19:$H$27),IF(G23=예상등급!$J$15,LOOKUP(H23,예상등급!$J$19:$J$27,예상등급!$K$19:$K$27),IF(G23=예상등급!$M$15,LOOKUP(H23,예상등급!$M$19:$M$27,예상등급!$N$19:$N$27),""))) -> 2 | J23: 78 | K23: =IF(J23="","",(LOOKUP(J23,예상등급!$D$5:$D$13,예상등급!$E$5:$E$13))) -> 3 | L23: =SUM(E23,H23,J23) -> 230 | M23: =RANK(L23,$L$4:$L$491) -> 9 | N23: 물리학I | O23: 34 | P23: =IF(N23=예상등급!$G$1,LOOKUP(O23,예상등급!$G$5:$G$13,예상등급!$H$5:$H$13),IF(N23=예상등급!$J$1,LOOKUP(O23,예상등급!$J$5:$J$13,예상등급!$K$5:$K$13),IF(N23=예상등급!$M$1,LOOKUP(O23,예상등급!$M$5:$M$13,예상등급!$N$5:$N$13),IF(N23=예상등급!$P$1,LOOKUP(O23,예상등급!$P$5:$P$13,예상등급!$Q$5:$Q$13),IF(N23=예상등급!$S$1,LOOKUP(O23,예상등급!$S$5:$S$13,예상등급!$T$5:$T$13),IF(N23=예상등급!$V$1,LOOKUP(O23,예상등급!$V$5:$V$13,예상등급!$W$5:$W$13),IF(N23=예상등급!$Y$1,LOOKUP(O23,예상등급!$Y$5:$Y$13,예상등급!$Z$5:$Z$13),IF(N23=예상등급!$AB$1,LOOKUP(O23,예상등급!$AB$5:$AB$13,예상등급!$AC$5:$AC$13),IF(N23=예상등급!$AE$1,LOOKUP(O23,예상등급!$AE$5:$AE$13,예상등급!$AF$5:$AF$13),IF(N23=예상등급!$AH$1,LOOKUP(O23,예상등급!$AH$5:$AH$13,예상등급!$AI$5:$AI$13),IF(N23=예상등급!$AK$1,LOOKUP(O23,예상등급!$AK$5:$AK$13,예상등급!$AL$5:$AL$13),IF(N23=예상등급!$AN$1,LOOKUP(O23,예상등급!$AN$5:$AN$13,예상등급!$AO$5:$AO$13),IF(N23=예상등급!$AQ$1,LOOKUP(O23,예상등급!$AQ$5:$AQ$13,예상등급!$AR$5:$AR$13),IF(N23=예상등급!$AH$15,LOOKUP(O23,예상등급!$AH$19:$AH$27,예상등급!$AI$19:$AI$27),IF(N23=예상등급!$AK$15,LOOKUP(O23,예상등급!$AK$19:$AK$27,예상등급!$AL$19:$AL$27),IF(N23=예상등급!$AN$15,LOOKUP(O23,예상등급!$AN$19:$AN$27,예상등급!$AO$19:$AO$27),IF(N23=예상등급!$AQ$15,LOOKUP(O23,예상등급!$AQ$19:$AQ$27,예상등급!$AR$19:$AR$27),""))))))))))))))))) -> 3 | Q23: 지구과학I | R23: 34 | S23: =IF(Q23=예상등급!$G$1,LOOKUP(R23,예상등급!$G$5:$G$13,예상등급!$H$5:$H$13),IF(Q23=예상등급!$J$1,LOOKUP(R23,예상등급!$J$5:$J$13,예상등급!$K$5:$K$13),IF(Q23=예상등급!$M$1,LOOKUP(R23,예상등급!$M$5:$M$13,예상등급!$N$5:$N$13),IF(Q23=예상등급!$P$1,LOOKUP(R23,예상등급!$P$5:$P$13,예상등급!$Q$5:$Q$13),IF(Q23=예상등급!$S$1,LOOKUP(R23,예상등급!$S$5:$S$13,예상등급!$T$5:$T$13),IF(Q23=예상등급!$V$1,LOOKUP(R23,예상등급!$V$5:$V$13,예상등급!$W$5:$W$13),IF(Q23=예상등급!$Y$1,LOOKUP(R23,예상등급!$Y$5:$Y$13,예상등급!$Z$5:$Z$13),IF(Q23=예상등급!$AB$1,LOOKUP(R23,예상등급!$AB$5:$AB$13,예상등급!$AC$5:$AC$13),IF(Q23=예상등급!$AE$1,LOOKUP(R23,예상등급!$AE$5:$AE$13,예상등급!$AF$5:$AF$13),IF(Q23=예상등급!$AH$1,LOOKUP(R23,예상등급!$AH$5:$AH$13,예상등급!$AI$5:$AI$13),IF(Q23=예상등급!$AK$1,LOOKUP(R23,예상등급!$AK$5:$AK$13,예상등급!$AL$5:$AL$13),IF(Q23=예상등급!$AN$1,LOOKUP(R23,예상등급!$AN$5:$AN$13,예상등급!$AO$5:$AO$13),IF(Q23=예상등급!$AQ$1,LOOKUP(R23,예상등급!$AQ$5:$AQ$13,예상등급!$AR$5:$AR$13),IF(Q23=예상등급!$AH$15,LOOKUP(R23,예상등급!$AH$19:$AH$27,예상등급!$AI$19:$AI$27),IF(Q23=예상등급!$AK$15,LOOKUP(R23,예상등급!$AK$19:$AK$27,예상등급!$AL$19:$AL$27),IF(Q23=예상등급!$AN$15,LOOKUP(R23,예상등급!$AN$19:$AN$27,예상등급!$AO$19:$AO$27),IF(Q23=예상등급!$AQ$15,LOOKUP(R23,예상등급!$AQ$19:$AQ$27,예상등급!$AR$19:$AR$27),""))))))))))))))))) -> 3 | T23: 25 | U23: =IF(T23="","",LOOKUP(T23,예상등급!$D$19:$D$27,예상등급!$E$19:$E$27)) -> 4 | V23: =SUM(L23,T23,R23,O23) -> 323 | W23: =RANK(V23,$V$4:$V$491) -> 20 | Y23: 260 | Z23: =FREQUENCY($V$4:$V$236,AA23:AA47) -> 9 | AA23: 269 | AC23: 7 | AD23: 등급 | AE23: =COUNTIFS($N$4:$N$491,$AE$16,$P$4:$P$491,$AC10)+COUNTIFS($Q$4:$Q$491,$AE$16,$S$4:$S$491,$AC10) -> 9 | AF23: =COUNTIFS($N$4:$N$491,$AF$16,$P$4:$P$491,$AC10)+COUNTIFS($Q$4:$Q$491,$AF$16,$S$4:$S$491,$AC10) -> 0 | AG23: =COUNTIFS($N$4:$N$491,$AG$16,$P$4:$P$491,$AC10)+COUNTIFS($Q$4:$Q$491,$AG$16,$S$4:$S$491,$AC10) -> 2 | AH23: =COUNTIFS($N$4:$N$491,$AH$16,$P$4:$P$491,$AC10)+COUNTIFS($Q$4:$Q$491,$AH$16,$S$4:$S$491,$AC10) -> 2 | AI23: =COUNTIFS($N$4:$N$491,$AI$16,$P$4:$P$491,$AC10)+COUNTIFS($Q$4:$Q$491,$AI$16,$S$4:$S$491,$AC10) -> 1 | AJ23: =COUNTIFS($N$4:$N$491,$AJ$16,$P$4:$P$491,$AC10)+COUNTIFS($Q$4:$Q$491,$AJ$16,$S$4:$S$491,$AC10) -> 2 | AK23: =COUNTIFS($N$4:$N$491,$AK$16,$P$4:$P$491,$AC10)+COUNTIFS($Q$4:$Q$491,$AK$16,$S$4:$S$491,$AC10) -> 1 | AL23: =COUNTIFS($N$4:$N$491,$AL$16,$P$4:$P$491,$AC10)+COUNTIFS($Q$4:$Q$491,$AL$16,$S$4:$S$491,$AC10) -> 0 | AM23: =COUNTIFS($N$4:$N$491,$AM$16,$P$4:$P$491,$AC10)+COUNTIFS($Q$4:$Q$491,$AM$16,$S$4:$S$491,$AC10) -> 9
A24: 3 | B24: 16 | C24: 유지환 | D24: 화법과작문 | E24: 74 | F24: =IF(D24=예상등급!$A$1,LOOKUP(E24,예상등급!$A$5:$A$13,예상등급!$B$5:$B$13),IF(D24=예상등급!$A$15,LOOKUP(E24,예상등급!$A$19:$A$27,예상등급!$B$19:$B$27),"")) -> 2 | G24: 미적분 | H24: 73 | I24: =IF(G24=예상등급!$G$15,LOOKUP(H24,예상등급!$G$19:$G$27,예상등급!$H$19:$H$27),IF(G24=예상등급!$J$15,LOOKUP(H24,예상등급!$J$19:$J$27,예상등급!$K$19:$K$27),IF(G24=예상등급!$M$15,LOOKUP(H24,예상등급!$M$19:$M$27,예상등급!$N$19:$N$27),""))) -> 2 | J24: 90 | K24: =IF(J24="","",(LOOKUP(J24,예상등급!$D$5:$D$13,예상등급!$E$5:$E$13))) -> 1 | L24: =SUM(E24,H24,J24) -> 237 | M24: =RANK(L24,$L$4:$L$491) -> 3 | N24: 사회문화 | O24: 36 | P24: =IF(N24=예상등급!$G$1,LOOKUP(O24,예상등급!$G$5:$G$13,예상등급!$H$5:$H$13),IF(N24=예상등급!$J$1,LOOKUP(O24,예상등급!$J$5:$J$13,예상등급!$K$5:$K$13),IF(N24=예상등급!$M$1,LOOKUP(O24,예상등급!$M$5:$M$13,예상등급!$N$5:$N$13),IF(N24=예상등급!$P$1,LOOKUP(O24,예상등급!$P$5:$P$13,예상등급!$Q$5:$Q$13),IF(N24=예상등급!$S$1,LOOKUP(O24,예상등급!$S$5:$S$13,예상등급!$T$5:$T$13),IF(N24=예상등급!$V$1,LOOKUP(O24,예상등급!$V$5:$V$13,예상등급!$W$5:$W$13),IF(N24=예상등급!$Y$1,LOOKUP(O24,예상등급!$Y$5:$Y$13,예상등급!$Z$5:$Z$13),IF(N24=예상등급!$AB$1,LOOKUP(O24,예상등급!$AB$5:$AB$13,예상등급!$AC$5:$AC$13),IF(N24=예상등급!$AE$1,LOOKUP(O24,예상등급!$AE$5:$AE$13,예상등급!$AF$5:$AF$13),IF(N24=예상등급!$AH$1,LOOKUP(O24,예상등급!$AH$5:$AH$13,예상등급!$AI$5:$AI$13),IF(N24=예상등급!$AK$1,LOOKUP(O24,예상등급!$AK$5:$AK$13,예상등급!$AL$5:$AL$13),IF(N24=예상등급!$AN$1,LOOKUP(O24,예상등급!$AN$5:$AN$13,예상등급!$AO$5:$AO$13),IF(N24=예상등급!$AQ$1,LOOKUP(O24,예상등급!$AQ$5:$AQ$13,예상등급!$AR$5:$AR$13),IF(N24=예상등급!$AH$15,LOOKUP(O24,예상등급!$AH$19:$AH$27,예상등급!$AI$19:$AI$27),IF(N24=예상등급!$AK$15,LOOKUP(O24,예상등급!$AK$19:$AK$27,예상등급!$AL$19:$AL$27),IF(N24=예상등급!$AN$15,LOOKUP(O24,예상등급!$AN$19:$AN$27,예상등급!$AO$19:$AO$27),IF(N24=예상등급!$AQ$15,LOOKUP(O24,예상등급!$AQ$19:$AQ$27,예상등급!$AR$19:$AR$27),""))))))))))))))))) -> 3 | Q24: 지구과학I | R24: 29 | S24: =IF(Q24=예상등급!$G$1,LOOKUP(R24,예상등급!$G$5:$G$13,예상등급!$H$5:$H$13),IF(Q24=예상등급!$J$1,LOOKUP(R24,예상등급!$J$5:$J$13,예상등급!$K$5:$K$13),IF(Q24=예상등급!$M$1,LOOKUP(R24,예상등급!$M$5:$M$13,예상등급!$N$5:$N$13),IF(Q24=예상등급!$P$1,LOOKUP(R24,예상등급!$P$5:$P$13,예상등급!$Q$5:$Q$13),IF(Q24=예상등급!$S$1,LOOKUP(R24,예상등급!$S$5:$S$13,예상등급!$T$5:$T$13),IF(Q24=예상등급!$V$1,LOOKUP(R24,예상등급!$V$5:$V$13,예상등급!$W$5:$W$13),IF(Q24=예상등급!$Y$1,LOOKUP(R24,예상등급!$Y$5:$Y$13,예상등급!$Z$5:$Z$13),IF(Q24=예상등급!$AB$1,LOOKUP(R24,예상등급!$AB$5:$AB$13,예상등급!$AC$5:$AC$13),IF(Q24=예상등급!$AE$1,LOOKUP(R24,예상등급!$AE$5:$AE$13,예상등급!$AF$5:$AF$13),IF(Q24=예상등급!$AH$1,LOOKUP(R24,예상등급!$AH$5:$AH$13,예상등급!$AI$5:$AI$13),IF(Q24=예상등급!$AK$1,LOOKUP(R24,예상등급!$AK$5:$AK$13,예상등급!$AL$5:$AL$13),IF(Q24=예상등급!$AN$1,LOOKUP(R24,예상등급!$AN$5:$AN$13,예상등급!$AO$5:$AO$13),IF(Q24=예상등급!$AQ$1,LOOKUP(R24,예상등급!$AQ$5:$AQ$13,예상등급!$AR$5:$AR$13),IF(Q24=예상등급!$AH$15,LOOKUP(R24,예상등급!$AH$19:$AH$27,예상등급!$AI$19:$AI$27),IF(Q24=예상등급!$AK$15,LOOKUP(R24,예상등급!$AK$19:$AK$27,예상등급!$AL$19:$AL$27),IF(Q24=예상등급!$AN$15,LOOKUP(R24,예상등급!$AN$19:$AN$27,예상등급!$AO$19:$AO$27),IF(Q24=예상등급!$AQ$15,LOOKUP(R24,예상등급!$AQ$19:$AQ$27,예상등급!$AR$19:$AR$27),""))))))))))))))))) -> 4 | T24: 20 | U24: =IF(T24="","",LOOKUP(T24,예상등급!$D$19:$D$27,예상등급!$E$19:$E$27)) -> 5 | V24: =SUM(L24,T24,R24,O24) -> 322 | W24: =RANK(V24,$V$4:$V$491) -> 21 | Y24: 250 | Z24: =FREQUENCY($V$4:$V$236,AA14:AA48) -> 3 | AC24: 8 | AD24: 등급 | AE24: =COUNTIFS($N$4:$N$491,$AE$16,$P$4:$P$491,$AC11)+COUNTIFS($Q$4:$Q$491,$AE$16,$S$4:$S$491,$AC11) -> 6 | AF24: =COUNTIFS($N$4:$N$491,$AF$16,$P$4:$P$491,$AC11)+COUNTIFS($Q$4:$Q$491,$AF$16,$S$4:$S$491,$AC11) -> 0 | AG24: =COUNTIFS($N$4:$N$491,$AG$16,$P$4:$P$491,$AC11)+COUNTIFS($Q$4:$Q$491,$AG$16,$S$4:$S$491,$AC11) -> 1 | AH24: =COUNTIFS($N$4:$N$491,$AH$16,$P$4:$P$491,$AC11)+COUNTIFS($Q$4:$Q$491,$AH$16,$S$4:$S$491,$AC11) -> 0 | AI24: =COUNTIFS($N$4:$N$491,$AI$16,$P$4:$P$491,$AC11)+COUNTIFS($Q$4:$Q$491,$AI$16,$S$4:$S$491,$AC11) -> 1 | AJ24: =COUNTIFS($N$4:$N$491,$AJ$16,$P$4:$P$491,$AC11)+COUNTIFS($Q$4:$Q$491,$AJ$16,$S$4:$S$491,$AC11) -> 0 | AK24: =COUNTIFS($N$4:$N$491,$AK$16,$P$4:$P$491,$AC11)+COUNTIFS($Q$4:$Q$491,$AK$16,$S$4:$S$491,$AC11) -> 0 | AL24: =COUNTIFS($N$4:$N$491,$AL$16,$P$4:$P$491,$AC11)+COUNTIFS($Q$4:$Q$491,$AL$16,$S$4:$S$491,$AC11) -> 0 | AM24: =COUNTIFS($N$4:$N$491,$AM$16,$P$4:$P$491,$AC11)+COUNTIFS($Q$4:$Q$491,$AM$16,$S$4:$S$491,$AC11) -> 1
